# https://github.com/mikedh/trimesh
v 0.0000000000 0.0000000000 0.0000000000
v 1.0000000000 0.0000000000 0.0000000000
v 0.5000000000 0.8660254038 0.0000000000
v 0.7500000000 0.4330127019 0.0000000000
v 0.2500000000 0.4330127019 0.0000000000
v 0.5000000000 0.0000000000 0.0000000000
v 0.3750000000 0.2165063509 0.0000000000
v 0.6250000000 0.2165063509 0.0000000000
v 0.5000000000 0.4330127019 0.0000000000
v 0.3750000000 0.6495190528 0.0000000000
v 0.6250000000 0.6495190528 0.0000000000
v 0.1250000000 0.2165063509 0.0000000000
v 0.2500000000 0.0000000000 0.0000000000
v 0.7500000000 0.0000000000 0.0000000000
v 0.8750000000 0.2165063509 0.0000000000
v 0.5625000000 0.3247595264 0.0000000000
v 0.4375000000 0.3247595264 0.0000000000
v 0.5000000000 0.2165063509 0.0000000000
v 0.5625000000 0.5412658774 0.0000000000
v 0.5000000000 0.6495190528 0.0000000000
v 0.4375000000 0.5412658774 0.0000000000
v 0.3125000000 0.1082531755 0.0000000000
v 0.2500000000 0.2165063509 0.0000000000
v 0.1875000000 0.1082531755 0.0000000000
v 0.8125000000 0.1082531755 0.0000000000
v 0.7500000000 0.2165063509 0.0000000000
v 0.6875000000 0.1082531755 0.0000000000
v 0.5625000000 0.1082531755 0.0000000000
v 0.4375000000 0.1082531755 0.0000000000
v 0.6875000000 0.3247595264 0.0000000000
v 0.6250000000 0.4330127019 0.0000000000
v 0.3750000000 0.4330127019 0.0000000000
v 0.3125000000 0.3247595264 0.0000000000
v 0.3125000000 0.5412658774 0.0000000000
v 0.6875000000 0.5412658774 0.0000000000
v 0.5625000000 0.7577722283 0.0000000000
v 0.4375000000 0.7577722283 0.0000000000
v 0.1250000000 0.0000000000 0.0000000000
v 0.0625000000 0.1082531755 0.0000000000
v 0.3750000000 0.0000000000 0.0000000000
v 0.1875000000 0.3247595264 0.0000000000
v 0.6250000000 0.0000000000 0.0000000000
v 0.8750000000 0.0000000000 0.0000000000
v 0.9375000000 0.1082531755 0.0000000000
v 0.8125000000 0.3247595264 0.0000000000
v 0.4687500000 0.2706329387 0.0000000000
v 0.5312500000 0.2706329387 0.0000000000
v 0.5000000000 0.3247595264 0.0000000000
v 0.4687500000 0.5953924651 0.0000000000
v 0.5000000000 0.5412658774 0.0000000000
v 0.5312500000 0.5953924651 0.0000000000
v 0.2187500000 0.1623797632 0.0000000000
v 0.2500000000 0.1082531755 0.0000000000
v 0.2812500000 0.1623797632 0.0000000000
v 0.7187500000 0.1623797632 0.0000000000
v 0.7500000000 0.1082531755 0.0000000000
v 0.7812500000 0.1623797632 0.0000000000
v 0.4687500000 0.1623797632 0.0000000000
v 0.5000000000 0.1082531755 0.0000000000
v 0.5312500000 0.1623797632 0.0000000000
v 0.5937500000 0.3788861142 0.0000000000
v 0.6250000000 0.3247595264 0.0000000000
v 0.6562500000 0.3788861142 0.0000000000
v 0.3437500000 0.3788861142 0.0000000000
v 0.3750000000 0.3247595264 0.0000000000
v 0.4062500000 0.3788861142 0.0000000000
v 0.3750000000 0.5412658774 0.0000000000
v 0.3437500000 0.4871392896 0.0000000000
v 0.4062500000 0.4871392896 0.0000000000
v 0.6250000000 0.5412658774 0.0000000000
v 0.5937500000 0.4871392896 0.0000000000
v 0.6562500000 0.4871392896 0.0000000000
v 0.5000000000 0.7577722283 0.0000000000
v 0.4687500000 0.7036456406 0.0000000000
v 0.5312500000 0.7036456406 0.0000000000
v 0.1250000000 0.1082531755 0.0000000000
v 0.0937500000 0.0541265877 0.0000000000
v 0.1562500000 0.0541265877 0.0000000000
v 0.3750000000 0.1082531755 0.0000000000
v 0.3437500000 0.0541265877 0.0000000000
v 0.4062500000 0.0541265877 0.0000000000
v 0.2500000000 0.3247595264 0.0000000000
v 0.2187500000 0.2706329387 0.0000000000
v 0.2812500000 0.2706329387 0.0000000000
v 0.6250000000 0.1082531755 0.0000000000
v 0.5937500000 0.0541265877 0.0000000000
v 0.6562500000 0.0541265877 0.0000000000
v 0.8750000000 0.1082531755 0.0000000000
v 0.8437500000 0.0541265877 0.0000000000
v 0.9062500000 0.0541265877 0.0000000000
v 0.7500000000 0.3247595264 0.0000000000
v 0.7187500000 0.2706329387 0.0000000000
v 0.7812500000 0.2706329387 0.0000000000
v 0.4687500000 0.3788861142 0.0000000000
v 0.5312500000 0.3788861142 0.0000000000
v 0.4062500000 0.2706329387 0.0000000000
v 0.4375000000 0.2165063509 0.0000000000
v 0.5625000000 0.2165063509 0.0000000000
v 0.5937500000 0.2706329387 0.0000000000
v 0.5625000000 0.6495190528 0.0000000000
v 0.5937500000 0.5953924651 0.0000000000
v 0.4375000000 0.6495190528 0.0000000000
v 0.4062500000 0.5953924651 0.0000000000
v 0.4687500000 0.4871392896 0.0000000000
v 0.5312500000 0.4871392896 0.0000000000
v 0.3125000000 0.2165063509 0.0000000000
v 0.3437500000 0.1623797632 0.0000000000
v 0.1875000000 0.2165063509 0.0000000000
v 0.1562500000 0.1623797632 0.0000000000
v 0.2187500000 0.0541265877 0.0000000000
v 0.2812500000 0.0541265877 0.0000000000
v 0.8125000000 0.2165063509 0.0000000000
v 0.8437500000 0.1623797632 0.0000000000
v 0.6875000000 0.2165063509 0.0000000000
v 0.6562500000 0.1623797632 0.0000000000
v 0.7187500000 0.0541265877 0.0000000000
v 0.7812500000 0.0541265877 0.0000000000
v 0.5937500000 0.1623797632 0.0000000000
v 0.4062500000 0.1623797632 0.0000000000
v 0.4687500000 0.0541265877 0.0000000000
v 0.5312500000 0.0541265877 0.0000000000
v 0.6875000000 0.4330127019 0.0000000000
v 0.7187500000 0.3788861142 0.0000000000
v 0.5625000000 0.4330127019 0.0000000000
v 0.6562500000 0.2706329387 0.0000000000
v 0.4375000000 0.4330127019 0.0000000000
v 0.3125000000 0.4330127019 0.0000000000
v 0.2812500000 0.3788861142 0.0000000000
v 0.3437500000 0.2706329387 0.0000000000
v 0.3437500000 0.5953924651 0.0000000000
v 0.2812500000 0.4871392896 0.0000000000
v 0.7187500000 0.4871392896 0.0000000000
v 0.6562500000 0.5953924651 0.0000000000
v 0.5937500000 0.7036456406 0.0000000000
v 0.5312500000 0.8118988160 0.0000000000
v 0.4687500000 0.8118988160 0.0000000000
v 0.4062500000 0.7036456406 0.0000000000
v 0.1875000000 0.0000000000 0.0000000000
v 0.0937500000 0.1623797632 0.0000000000
v 0.0312500000 0.0541265877 0.0000000000
v 0.0625000000 0.0000000000 0.0000000000
v 0.4375000000 0.0000000000 0.0000000000
v 0.3125000000 0.0000000000 0.0000000000
v 0.2187500000 0.3788861142 0.0000000000
v 0.1562500000 0.2706329387 0.0000000000
v 0.6875000000 0.0000000000 0.0000000000
v 0.5625000000 0.0000000000 0.0000000000
v 0.9687500000 0.0541265877 0.0000000000
v 0.9375000000 0.0000000000 0.0000000000
v 0.9062500000 0.1623797632 0.0000000000
v 0.8125000000 0.0000000000 0.0000000000
v 0.8437500000 0.2706329387 0.0000000000
v 0.7812500000 0.3788861142 0.0000000000
v 0.5156250000 0.2976962326 0.0000000000
v 0.4843750000 0.2976962326 0.0000000000
v 0.5000000000 0.2706329387 0.0000000000
v 0.5156250000 0.5683291712 0.0000000000
v 0.5000000000 0.5953924651 0.0000000000
v 0.4843750000 0.5683291712 0.0000000000
v 0.2656250000 0.1353164693 0.0000000000
v 0.2500000000 0.1623797632 0.0000000000
v 0.2343750000 0.1353164693 0.0000000000
v 0.7656250000 0.1353164693 0.0000000000
v 0.7500000000 0.1623797632 0.0000000000
v 0.7343750000 0.1353164693 0.0000000000
v 0.5156250000 0.1353164693 0.0000000000
v 0.5000000000 0.1623797632 0.0000000000
v 0.4843750000 0.1353164693 0.0000000000
v 0.6406250000 0.3518228203 0.0000000000
v 0.6250000000 0.3788861142 0.0000000000
v 0.6093750000 0.3518228203 0.0000000000
v 0.3906250000 0.3518228203 0.0000000000
v 0.3750000000 0.3788861142 0.0000000000
v 0.3593750000 0.3518228203 0.0000000000
v 0.3750000000 0.4871392896 0.0000000000
v 0.3906250000 0.5142025835 0.0000000000
v 0.3593750000 0.5142025835 0.0000000000
v 0.6250000000 0.4871392896 0.0000000000
v 0.6406250000 0.5142025835 0.0000000000
v 0.6093750000 0.5142025835 0.0000000000
v 0.5000000000 0.7036456406 0.0000000000
v 0.5156250000 0.7307089344 0.0000000000
v 0.4843750000 0.7307089344 0.0000000000
v 0.1250000000 0.0541265877 0.0000000000
v 0.1406250000 0.0811898816 0.0000000000
v 0.1093750000 0.0811898816 0.0000000000
v 0.3750000000 0.0541265877 0.0000000000
v 0.3906250000 0.0811898816 0.0000000000
v 0.3593750000 0.0811898816 0.0000000000
v 0.2500000000 0.2706329387 0.0000000000
v 0.2656250000 0.2976962326 0.0000000000
v 0.2343750000 0.2976962326 0.0000000000
v 0.6250000000 0.0541265877 0.0000000000
v 0.6406250000 0.0811898816 0.0000000000
v 0.6093750000 0.0811898816 0.0000000000
v 0.8750000000 0.0541265877 0.0000000000
v 0.8906250000 0.0811898816 0.0000000000
v 0.8593750000 0.0811898816 0.0000000000
v 0.7500000000 0.2706329387 0.0000000000
v 0.7656250000 0.2976962326 0.0000000000
v 0.7343750000 0.2976962326 0.0000000000
v 0.5156250000 0.3518228203 0.0000000000
v 0.5000000000 0.3788861142 0.0000000000
v 0.4843750000 0.3518228203 0.0000000000
v 0.4531250000 0.2435696448 0.0000000000
v 0.4375000000 0.2706329387 0.0000000000
v 0.4218750000 0.2435696448 0.0000000000
v 0.5781250000 0.2435696448 0.0000000000
v 0.5625000000 0.2706329387 0.0000000000
v 0.5468750000 0.2435696448 0.0000000000
v 0.5625000000 0.5953924651 0.0000000000
v 0.5781250000 0.6224557590 0.0000000000
v 0.5468750000 0.6224557590 0.0000000000
v 0.4375000000 0.5953924651 0.0000000000
v 0.4531250000 0.6224557590 0.0000000000
v 0.4218750000 0.6224557590 0.0000000000
v 0.5000000000 0.4871392896 0.0000000000
v 0.5156250000 0.5142025835 0.0000000000
v 0.4843750000 0.5142025835 0.0000000000
v 0.3125000000 0.1623797632 0.0000000000
v 0.3281250000 0.1894430571 0.0000000000
v 0.2968750000 0.1894430571 0.0000000000
v 0.1875000000 0.1623797632 0.0000000000
v 0.2031250000 0.1894430571 0.0000000000
v 0.1718750000 0.1894430571 0.0000000000
v 0.2500000000 0.0541265877 0.0000000000
v 0.2656250000 0.0811898816 0.0000000000
v 0.2343750000 0.0811898816 0.0000000000
v 0.8125000000 0.1623797632 0.0000000000
v 0.8281250000 0.1894430571 0.0000000000
v 0.7968750000 0.1894430571 0.0000000000
v 0.6875000000 0.1623797632 0.0000000000
v 0.7031250000 0.1894430571 0.0000000000
v 0.6718750000 0.1894430571 0.0000000000
v 0.7500000000 0.0541265877 0.0000000000
v 0.7656250000 0.0811898816 0.0000000000
v 0.7343750000 0.0811898816 0.0000000000
v 0.5625000000 0.1623797632 0.0000000000
v 0.5781250000 0.1894430571 0.0000000000
v 0.5468750000 0.1894430571 0.0000000000
v 0.4375000000 0.1623797632 0.0000000000
v 0.4531250000 0.1894430571 0.0000000000
v 0.4218750000 0.1894430571 0.0000000000
v 0.5000000000 0.0541265877 0.0000000000
v 0.5156250000 0.0811898816 0.0000000000
v 0.4843750000 0.0811898816 0.0000000000
v 0.6875000000 0.3788861142 0.0000000000
v 0.7031250000 0.4059494080 0.0000000000
v 0.6718750000 0.4059494080 0.0000000000
v 0.5625000000 0.3788861142 0.0000000000
v 0.5781250000 0.4059494080 0.0000000000
v 0.5468750000 0.4059494080 0.0000000000
v 0.6250000000 0.2706329387 0.0000000000
v 0.6406250000 0.2976962326 0.0000000000
v 0.6093750000 0.2976962326 0.0000000000
v 0.4375000000 0.3788861142 0.0000000000
v 0.4531250000 0.4059494080 0.0000000000
v 0.4218750000 0.4059494080 0.0000000000
v 0.3125000000 0.3788861142 0.0000000000
v 0.3281250000 0.4059494080 0.0000000000
v 0.2968750000 0.4059494080 0.0000000000
v 0.3750000000 0.2706329387 0.0000000000
v 0.3906250000 0.2976962326 0.0000000000
v 0.3593750000 0.2976962326 0.0000000000
v 0.4218750000 0.4600759958 0.0000000000
v 0.4531250000 0.4600759958 0.0000000000
v 0.4375000000 0.4871392896 0.0000000000
v 0.3593750000 0.5683291712 0.0000000000
v 0.3906250000 0.5683291712 0.0000000000
v 0.3750000000 0.5953924651 0.0000000000
v 0.2968750000 0.4600759958 0.0000000000
v 0.3281250000 0.4600759958 0.0000000000
v 0.3125000000 0.4871392896 0.0000000000
v 0.6718750000 0.4600759958 0.0000000000
v 0.7031250000 0.4600759958 0.0000000000
v 0.6875000000 0.4871392896 0.0000000000
v 0.6093750000 0.5683291712 0.0000000000
v 0.6406250000 0.5683291712 0.0000000000
v 0.6250000000 0.5953924651 0.0000000000
v 0.5468750000 0.4600759958 0.0000000000
v 0.5781250000 0.4600759958 0.0000000000
v 0.5625000000 0.4871392896 0.0000000000
v 0.5468750000 0.6765823467 0.0000000000
v 0.5781250000 0.6765823467 0.0000000000
v 0.5625000000 0.7036456406 0.0000000000
v 0.4843750000 0.7848355222 0.0000000000
v 0.5156250000 0.7848355222 0.0000000000
v 0.5000000000 0.8118988160 0.0000000000
v 0.4218750000 0.6765823467 0.0000000000
v 0.4531250000 0.6765823467 0.0000000000
v 0.4375000000 0.7036456406 0.0000000000
v 0.1718750000 0.0270632939 0.0000000000
v 0.2031250000 0.0270632939 0.0000000000
v 0.1875000000 0.0541265877 0.0000000000
v 0.1093750000 0.1353164693 0.0000000000
v 0.1406250000 0.1353164693 0.0000000000
v 0.1250000000 0.1623797632 0.0000000000
v 0.0468750000 0.0270632939 0.0000000000
v 0.0781250000 0.0270632939 0.0000000000
v 0.0625000000 0.0541265877 0.0000000000
v 0.4218750000 0.0270632939 0.0000000000
v 0.4531250000 0.0270632939 0.0000000000
v 0.4375000000 0.0541265877 0.0000000000
v 0.3593750000 0.1353164693 0.0000000000
v 0.3906250000 0.1353164693 0.0000000000
v 0.3750000000 0.1623797632 0.0000000000
v 0.2968750000 0.0270632939 0.0000000000
v 0.3281250000 0.0270632939 0.0000000000
v 0.3125000000 0.0541265877 0.0000000000
v 0.2968750000 0.2435696448 0.0000000000
v 0.3281250000 0.2435696448 0.0000000000
v 0.3125000000 0.2706329387 0.0000000000
v 0.2343750000 0.3518228203 0.0000000000
v 0.2656250000 0.3518228203 0.0000000000
v 0.2500000000 0.3788861142 0.0000000000
v 0.1718750000 0.2435696448 0.0000000000
v 0.2031250000 0.2435696448 0.0000000000
v 0.1875000000 0.2706329387 0.0000000000
v 0.6718750000 0.0270632939 0.0000000000
v 0.7031250000 0.0270632939 0.0000000000
v 0.6875000000 0.0541265877 0.0000000000
v 0.6093750000 0.1353164693 0.0000000000
v 0.6406250000 0.1353164693 0.0000000000
v 0.6250000000 0.1623797632 0.0000000000
v 0.5468750000 0.0270632939 0.0000000000
v 0.5781250000 0.0270632939 0.0000000000
v 0.5625000000 0.0541265877 0.0000000000
v 0.9218750000 0.0270632939 0.0000000000
v 0.9531250000 0.0270632939 0.0000000000
v 0.9375000000 0.0541265877 0.0000000000
v 0.8593750000 0.1353164693 0.0000000000
v 0.8906250000 0.1353164693 0.0000000000
v 0.8750000000 0.1623797632 0.0000000000
v 0.7968750000 0.0270632939 0.0000000000
v 0.8281250000 0.0270632939 0.0000000000
v 0.8125000000 0.0541265877 0.0000000000
v 0.7968750000 0.2435696448 0.0000000000
v 0.8281250000 0.2435696448 0.0000000000
v 0.8125000000 0.2706329387 0.0000000000
v 0.7343750000 0.3518228203 0.0000000000
v 0.7656250000 0.3518228203 0.0000000000
v 0.7500000000 0.3788861142 0.0000000000
v 0.6718750000 0.2435696448 0.0000000000
v 0.7031250000 0.2435696448 0.0000000000
v 0.6875000000 0.2706329387 0.0000000000
v 0.5156250000 0.2435696448 0.0000000000
v 0.4843750000 0.2435696448 0.0000000000
v 0.5468750000 0.2976962326 0.0000000000
v 0.5312500000 0.3247595264 0.0000000000
v 0.4687500000 0.3247595264 0.0000000000
v 0.4531250000 0.2976962326 0.0000000000
v 0.4687500000 0.5412658774 0.0000000000
v 0.4531250000 0.5683291712 0.0000000000
v 0.5312500000 0.5412658774 0.0000000000
v 0.5468750000 0.5683291712 0.0000000000
v 0.5156250000 0.6224557590 0.0000000000
v 0.4843750000 0.6224557590 0.0000000000
v 0.2187500000 0.1082531755 0.0000000000
v 0.2031250000 0.1353164693 0.0000000000
v 0.2812500000 0.1082531755 0.0000000000
v 0.2968750000 0.1353164693 0.0000000000
v 0.2656250000 0.1894430571 0.0000000000
v 0.2343750000 0.1894430571 0.0000000000
v 0.7187500000 0.1082531755 0.0000000000
v 0.7031250000 0.1353164693 0.0000000000
v 0.7812500000 0.1082531755 0.0000000000
v 0.7968750000 0.1353164693 0.0000000000
v 0.7656250000 0.1894430571 0.0000000000
v 0.7343750000 0.1894430571 0.0000000000
v 0.4687500000 0.1082531755 0.0000000000
v 0.4531250000 0.1353164693 0.0000000000
v 0.5312500000 0.1082531755 0.0000000000
v 0.5468750000 0.1353164693 0.0000000000
v 0.5156250000 0.1894430571 0.0000000000
v 0.4843750000 0.1894430571 0.0000000000
v 0.5937500000 0.3247595264 0.0000000000
v 0.5781250000 0.3518228203 0.0000000000
v 0.6562500000 0.3247595264 0.0000000000
v 0.6718750000 0.3518228203 0.0000000000
v 0.6406250000 0.4059494080 0.0000000000
v 0.6093750000 0.4059494080 0.0000000000
v 0.3437500000 0.3247595264 0.0000000000
v 0.3281250000 0.3518228203 0.0000000000
v 0.4062500000 0.3247595264 0.0000000000
v 0.4218750000 0.3518228203 0.0000000000
v 0.3906250000 0.4059494080 0.0000000000
v 0.3593750000 0.4059494080 0.0000000000
v 0.3281250000 0.5142025835 0.0000000000
v 0.3437500000 0.5412658774 0.0000000000
v 0.3593750000 0.4600759958 0.0000000000
v 0.3906250000 0.4600759958 0.0000000000
v 0.4218750000 0.5142025835 0.0000000000
v 0.4062500000 0.5412658774 0.0000000000
v 0.5781250000 0.5142025835 0.0000000000
v 0.5937500000 0.5412658774 0.0000000000
v 0.6093750000 0.4600759958 0.0000000000
v 0.6406250000 0.4600759958 0.0000000000
v 0.6718750000 0.5142025835 0.0000000000
v 0.6562500000 0.5412658774 0.0000000000
v 0.4531250000 0.7307089344 0.0000000000
v 0.4687500000 0.7577722283 0.0000000000
v 0.4843750000 0.6765823467 0.0000000000
v 0.5156250000 0.6765823467 0.0000000000
v 0.5468750000 0.7307089344 0.0000000000
v 0.5312500000 0.7577722283 0.0000000000
v 0.0781250000 0.0811898816 0.0000000000
v 0.0937500000 0.1082531755 0.0000000000
v 0.1093750000 0.0270632939 0.0000000000
v 0.1406250000 0.0270632939 0.0000000000
v 0.1718750000 0.0811898816 0.0000000000
v 0.1562500000 0.1082531755 0.0000000000
v 0.3281250000 0.0811898816 0.0000000000
v 0.3437500000 0.1082531755 0.0000000000
v 0.3593750000 0.0270632939 0.0000000000
v 0.3906250000 0.0270632939 0.0000000000
v 0.4218750000 0.0811898816 0.0000000000
v 0.4062500000 0.1082531755 0.0000000000
v 0.2031250000 0.2976962326 0.0000000000
v 0.2187500000 0.3247595264 0.0000000000
v 0.2343750000 0.2435696448 0.0000000000
v 0.2656250000 0.2435696448 0.0000000000
v 0.2968750000 0.2976962326 0.0000000000
v 0.2812500000 0.3247595264 0.0000000000
v 0.5781250000 0.0811898816 0.0000000000
v 0.5937500000 0.1082531755 0.0000000000
v 0.6093750000 0.0270632939 0.0000000000
v 0.6406250000 0.0270632939 0.0000000000
v 0.6718750000 0.0811898816 0.0000000000
v 0.6562500000 0.1082531755 0.0000000000
v 0.8281250000 0.0811898816 0.0000000000
v 0.8437500000 0.1082531755 0.0000000000
v 0.8593750000 0.0270632939 0.0000000000
v 0.8906250000 0.0270632939 0.0000000000
v 0.9218750000 0.0811898816 0.0000000000
v 0.9062500000 0.1082531755 0.0000000000
v 0.7031250000 0.2976962326 0.0000000000
v 0.7187500000 0.3247595264 0.0000000000
v 0.7343750000 0.2435696448 0.0000000000
v 0.7656250000 0.2435696448 0.0000000000
v 0.7968750000 0.2976962326 0.0000000000
v 0.7812500000 0.3247595264 0.0000000000
v 0.4531250000 0.3518228203 0.0000000000
v 0.5468750000 0.3518228203 0.0000000000
v 0.5156250000 0.4059494080 0.0000000000
v 0.4843750000 0.4059494080 0.0000000000
v 0.4062500000 0.2165063509 0.0000000000
v 0.3906250000 0.2435696448 0.0000000000
v 0.4687500000 0.2165063509 0.0000000000
v 0.4218750000 0.2976962326 0.0000000000
v 0.5312500000 0.2165063509 0.0000000000
v 0.5937500000 0.2165063509 0.0000000000
v 0.6093750000 0.2435696448 0.0000000000
v 0.5781250000 0.2976962326 0.0000000000
v 0.5312500000 0.6495190528 0.0000000000
v 0.5781250000 0.5683291712 0.0000000000
v 0.6093750000 0.6224557590 0.0000000000
v 0.5937500000 0.6495190528 0.0000000000
v 0.3906250000 0.6224557590 0.0000000000
v 0.4062500000 0.6495190528 0.0000000000
v 0.4218750000 0.5683291712 0.0000000000
v 0.4687500000 0.6495190528 0.0000000000
v 0.4531250000 0.5142025835 0.0000000000
v 0.4843750000 0.4600759958 0.0000000000
v 0.5156250000 0.4600759958 0.0000000000
v 0.5468750000 0.5142025835 0.0000000000
v 0.2812500000 0.2165063509 0.0000000000
v 0.3281250000 0.1353164693 0.0000000000
v 0.3593750000 0.1894430571 0.0000000000
v 0.3437500000 0.2165063509 0.0000000000
v 0.1406250000 0.1894430571 0.0000000000
v 0.1562500000 0.2165063509 0.0000000000
v 0.1718750000 0.1353164693 0.0000000000
v 0.2187500000 0.2165063509 0.0000000000
v 0.2031250000 0.0811898816 0.0000000000
v 0.2343750000 0.0270632939 0.0000000000
v 0.2656250000 0.0270632939 0.0000000000
v 0.2968750000 0.0811898816 0.0000000000
v 0.7812500000 0.2165063509 0.0000000000
v 0.8281250000 0.1353164693 0.0000000000
v 0.8593750000 0.1894430571 0.0000000000
v 0.8437500000 0.2165063509 0.0000000000
v 0.6406250000 0.1894430571 0.0000000000
v 0.6562500000 0.2165063509 0.0000000000
v 0.6718750000 0.1353164693 0.0000000000
v 0.7187500000 0.2165063509 0.0000000000
v 0.7031250000 0.0811898816 0.0000000000
v 0.7343750000 0.0270632939 0.0000000000
v 0.7656250000 0.0270632939 0.0000000000
v 0.7968750000 0.0811898816 0.0000000000
v 0.5781250000 0.1353164693 0.0000000000
v 0.6093750000 0.1894430571 0.0000000000
v 0.3906250000 0.1894430571 0.0000000000
v 0.4218750000 0.1353164693 0.0000000000
v 0.4531250000 0.0811898816 0.0000000000
v 0.4843750000 0.0270632939 0.0000000000
v 0.5156250000 0.0270632939 0.0000000000
v 0.5468750000 0.0811898816 0.0000000000
v 0.6562500000 0.4330127019 0.0000000000
v 0.7031250000 0.3518228203 0.0000000000
v 0.7343750000 0.4059494080 0.0000000000
v 0.7187500000 0.4330127019 0.0000000000
v 0.5312500000 0.4330127019 0.0000000000
v 0.5937500000 0.4330127019 0.0000000000
v 0.6406250000 0.2435696448 0.0000000000
v 0.6718750000 0.2976962326 0.0000000000
v 0.4062500000 0.4330127019 0.0000000000
v 0.4687500000 0.4330127019 0.0000000000
v 0.2656250000 0.4059494080 0.0000000000
v 0.2812500000 0.4330127019 0.0000000000
v 0.2968750000 0.3518228203 0.0000000000
v 0.3437500000 0.4330127019 0.0000000000
v 0.3281250000 0.2976962326 0.0000000000
v 0.3593750000 0.2435696448 0.0000000000
v 0.3593750000 0.6224557590 0.0000000000
v 0.3281250000 0.5683291712 0.0000000000
v 0.2968750000 0.5142025835 0.0000000000
v 0.2656250000 0.4600759958 0.0000000000
v 0.7031250000 0.5142025835 0.0000000000
v 0.7343750000 0.4600759958 0.0000000000
v 0.6406250000 0.6224557590 0.0000000000
v 0.6718750000 0.5683291712 0.0000000000
v 0.5781250000 0.7307089344 0.0000000000
v 0.6093750000 0.6765823467 0.0000000000
v 0.4843750000 0.8389621099 0.0000000000
v 0.5156250000 0.8389621099 0.0000000000
v 0.4531250000 0.7848355222 0.0000000000
v 0.5468750000 0.7848355222 0.0000000000
v 0.4218750000 0.7307089344 0.0000000000
v 0.3906250000 0.6765823467 0.0000000000
v 0.1562500000 0.0000000000 0.0000000000
v 0.2187500000 0.0000000000 0.0000000000
v 0.1093750000 0.1894430571 0.0000000000
v 0.0781250000 0.1353164693 0.0000000000
v 0.0468750000 0.0811898816 0.0000000000
v 0.0156250000 0.0270632939 0.0000000000
v 0.0312500000 0.0000000000 0.0000000000
v 0.0937500000 0.0000000000 0.0000000000
v 0.4062500000 0.0000000000 0.0000000000
v 0.4687500000 0.0000000000 0.0000000000
v 0.2812500000 0.0000000000 0.0000000000
v 0.3437500000 0.0000000000 0.0000000000
v 0.2343750000 0.4059494080 0.0000000000
v 0.2031250000 0.3518228203 0.0000000000
v 0.1718750000 0.2976962326 0.0000000000
v 0.1406250000 0.2435696448 0.0000000000
v 0.6562500000 0.0000000000 0.0000000000
v 0.7187500000 0.0000000000 0.0000000000
v 0.5312500000 0.0000000000 0.0000000000
v 0.5937500000 0.0000000000 0.0000000000
v 0.9531250000 0.0811898816 0.0000000000
v 0.9062500000 0.0000000000 0.0000000000
v 0.9687500000 0.0000000000 0.0000000000
v 0.9843750000 0.0270632939 0.0000000000
v 0.8906250000 0.1894430571 0.0000000000
v 0.9218750000 0.1353164693 0.0000000000
v 0.7812500000 0.0000000000 0.0000000000
v 0.8437500000 0.0000000000 0.0000000000
v 0.8281250000 0.2976962326 0.0000000000
v 0.8593750000 0.2435696448 0.0000000000
v 0.7656250000 0.4059494080 0.0000000000
v 0.7968750000 0.3518228203 0.0000000000
v 0.4921875000 0.2841645856 0.0000000000
v 0.5078125000 0.2841645856 0.0000000000
v 0.5000000000 0.2976962326 0.0000000000
v 0.4921875000 0.5818608182 0.0000000000
v 0.5000000000 0.5683291712 0.0000000000
v 0.5078125000 0.5818608182 0.0000000000
v 0.2421875000 0.1488481163 0.0000000000
v 0.2500000000 0.1353164693 0.0000000000
v 0.2578125000 0.1488481163 0.0000000000
v 0.7421875000 0.1488481163 0.0000000000
v 0.7500000000 0.1353164693 0.0000000000
v 0.7578125000 0.1488481163 0.0000000000
v 0.4921875000 0.1488481163 0.0000000000
v 0.5000000000 0.1353164693 0.0000000000
v 0.5078125000 0.1488481163 0.0000000000
v 0.6171875000 0.3653544672 0.0000000000
v 0.6250000000 0.3518228203 0.0000000000
v 0.6328125000 0.3653544672 0.0000000000
v 0.3671875000 0.3653544672 0.0000000000
v 0.3750000000 0.3518228203 0.0000000000
v 0.3828125000 0.3653544672 0.0000000000
v 0.3750000000 0.5142025835 0.0000000000
v 0.3671875000 0.5006709366 0.0000000000
v 0.3828125000 0.5006709366 0.0000000000
v 0.6250000000 0.5142025835 0.0000000000
v 0.6171875000 0.5006709366 0.0000000000
v 0.6328125000 0.5006709366 0.0000000000
v 0.5000000000 0.7307089344 0.0000000000
v 0.4921875000 0.7171772875 0.0000000000
v 0.5078125000 0.7171772875 0.0000000000
v 0.1250000000 0.0811898816 0.0000000000
v 0.1171875000 0.0676582347 0.0000000000
v 0.1328125000 0.0676582347 0.0000000000
v 0.3750000000 0.0811898816 0.0000000000
v 0.3671875000 0.0676582347 0.0000000000
v 0.3828125000 0.0676582347 0.0000000000
v 0.2500000000 0.2976962326 0.0000000000
v 0.2421875000 0.2841645856 0.0000000000
v 0.2578125000 0.2841645856 0.0000000000
v 0.6250000000 0.0811898816 0.0000000000
v 0.6171875000 0.0676582347 0.0000000000
v 0.6328125000 0.0676582347 0.0000000000
v 0.8750000000 0.0811898816 0.0000000000
v 0.8671875000 0.0676582347 0.0000000000
v 0.8828125000 0.0676582347 0.0000000000
v 0.7500000000 0.2976962326 0.0000000000
v 0.7421875000 0.2841645856 0.0000000000
v 0.7578125000 0.2841645856 0.0000000000
v 0.4921875000 0.3653544672 0.0000000000
v 0.5000000000 0.3518228203 0.0000000000
v 0.5078125000 0.3653544672 0.0000000000
v 0.4296875000 0.2571012917 0.0000000000
v 0.4375000000 0.2435696448 0.0000000000
v 0.4453125000 0.2571012917 0.0000000000
v 0.5546875000 0.2571012917 0.0000000000
v 0.5625000000 0.2435696448 0.0000000000
v 0.5703125000 0.2571012917 0.0000000000
v 0.5625000000 0.6224557590 0.0000000000
v 0.5546875000 0.6089241120 0.0000000000
v 0.5703125000 0.6089241120 0.0000000000
v 0.4375000000 0.6224557590 0.0000000000
v 0.4296875000 0.6089241120 0.0000000000
v 0.4453125000 0.6089241120 0.0000000000
v 0.5000000000 0.5142025835 0.0000000000
v 0.4921875000 0.5006709366 0.0000000000
v 0.5078125000 0.5006709366 0.0000000000
v 0.3125000000 0.1894430571 0.0000000000
v 0.3046875000 0.1759114101 0.0000000000
v 0.3203125000 0.1759114101 0.0000000000
v 0.1875000000 0.1894430571 0.0000000000
v 0.1796875000 0.1759114101 0.0000000000
v 0.1953125000 0.1759114101 0.0000000000
v 0.2500000000 0.0811898816 0.0000000000
v 0.2421875000 0.0676582347 0.0000000000
v 0.2578125000 0.0676582347 0.0000000000
v 0.8125000000 0.1894430571 0.0000000000
v 0.8046875000 0.1759114101 0.0000000000
v 0.8203125000 0.1759114101 0.0000000000
v 0.6875000000 0.1894430571 0.0000000000
v 0.6796875000 0.1759114101 0.0000000000
v 0.6953125000 0.1759114101 0.0000000000
v 0.7500000000 0.0811898816 0.0000000000
v 0.7421875000 0.0676582347 0.0000000000
v 0.7578125000 0.0676582347 0.0000000000
v 0.5625000000 0.1894430571 0.0000000000
v 0.5546875000 0.1759114101 0.0000000000
v 0.5703125000 0.1759114101 0.0000000000
v 0.4375000000 0.1894430571 0.0000000000
v 0.4296875000 0.1759114101 0.0000000000
v 0.4453125000 0.1759114101 0.0000000000
v 0.5000000000 0.0811898816 0.0000000000
v 0.4921875000 0.0676582347 0.0000000000
v 0.5078125000 0.0676582347 0.0000000000
v 0.6875000000 0.4059494080 0.0000000000
v 0.6796875000 0.3924177611 0.0000000000
v 0.6953125000 0.3924177611 0.0000000000
v 0.5625000000 0.4059494080 0.0000000000
v 0.5546875000 0.3924177611 0.0000000000
v 0.5703125000 0.3924177611 0.0000000000
v 0.6250000000 0.2976962326 0.0000000000
v 0.6171875000 0.2841645856 0.0000000000
v 0.6328125000 0.2841645856 0.0000000000
v 0.4375000000 0.4059494080 0.0000000000
v 0.4296875000 0.3924177611 0.0000000000
v 0.4453125000 0.3924177611 0.0000000000
v 0.3125000000 0.4059494080 0.0000000000
v 0.3046875000 0.3924177611 0.0000000000
v 0.3203125000 0.3924177611 0.0000000000
v 0.3750000000 0.2976962326 0.0000000000
v 0.3671875000 0.2841645856 0.0000000000
v 0.3828125000 0.2841645856 0.0000000000
v 0.4453125000 0.4736076427 0.0000000000
v 0.4296875000 0.4736076427 0.0000000000
v 0.4375000000 0.4600759958 0.0000000000
v 0.3828125000 0.5818608182 0.0000000000
v 0.3671875000 0.5818608182 0.0000000000
v 0.3750000000 0.5683291712 0.0000000000
v 0.3203125000 0.4736076427 0.0000000000
v 0.3046875000 0.4736076427 0.0000000000
v 0.3125000000 0.4600759958 0.0000000000
v 0.6953125000 0.4736076427 0.0000000000
v 0.6796875000 0.4736076427 0.0000000000
v 0.6875000000 0.4600759958 0.0000000000
v 0.6328125000 0.5818608182 0.0000000000
v 0.6171875000 0.5818608182 0.0000000000
v 0.6250000000 0.5683291712 0.0000000000
v 0.5703125000 0.4736076427 0.0000000000
v 0.5546875000 0.4736076427 0.0000000000
v 0.5625000000 0.4600759958 0.0000000000
v 0.5703125000 0.6901139936 0.0000000000
v 0.5546875000 0.6901139936 0.0000000000
v 0.5625000000 0.6765823467 0.0000000000
v 0.5078125000 0.7983671691 0.0000000000
v 0.4921875000 0.7983671691 0.0000000000
v 0.5000000000 0.7848355222 0.0000000000
v 0.4453125000 0.6901139936 0.0000000000
v 0.4296875000 0.6901139936 0.0000000000
v 0.4375000000 0.6765823467 0.0000000000
v 0.1953125000 0.0405949408 0.0000000000
v 0.1796875000 0.0405949408 0.0000000000
v 0.1875000000 0.0270632939 0.0000000000
v 0.1328125000 0.1488481163 0.0000000000
v 0.1171875000 0.1488481163 0.0000000000
v 0.1250000000 0.1353164693 0.0000000000
v 0.0703125000 0.0405949408 0.0000000000
v 0.0546875000 0.0405949408 0.0000000000
v 0.0625000000 0.0270632939 0.0000000000
v 0.4453125000 0.0405949408 0.0000000000
v 0.4296875000 0.0405949408 0.0000000000
v 0.4375000000 0.0270632939 0.0000000000
v 0.3828125000 0.1488481163 0.0000000000
v 0.3671875000 0.1488481163 0.0000000000
v 0.3750000000 0.1353164693 0.0000000000
v 0.3203125000 0.0405949408 0.0000000000
v 0.3046875000 0.0405949408 0.0000000000
v 0.3125000000 0.0270632939 0.0000000000
v 0.3203125000 0.2571012917 0.0000000000
v 0.3046875000 0.2571012917 0.0000000000
v 0.3125000000 0.2435696448 0.0000000000
v 0.2578125000 0.3653544672 0.0000000000
v 0.2421875000 0.3653544672 0.0000000000
v 0.2500000000 0.3518228203 0.0000000000
v 0.1953125000 0.2571012917 0.0000000000
v 0.1796875000 0.2571012917 0.0000000000
v 0.1875000000 0.2435696448 0.0000000000
v 0.6953125000 0.0405949408 0.0000000000
v 0.6796875000 0.0405949408 0.0000000000
v 0.6875000000 0.0270632939 0.0000000000
v 0.6328125000 0.1488481163 0.0000000000
v 0.6171875000 0.1488481163 0.0000000000
v 0.6250000000 0.1353164693 0.0000000000
v 0.5703125000 0.0405949408 0.0000000000
v 0.5546875000 0.0405949408 0.0000000000
v 0.5625000000 0.0270632939 0.0000000000
v 0.9453125000 0.0405949408 0.0000000000
v 0.9296875000 0.0405949408 0.0000000000
v 0.9375000000 0.0270632939 0.0000000000
v 0.8828125000 0.1488481163 0.0000000000
v 0.8671875000 0.1488481163 0.0000000000
v 0.8750000000 0.1353164693 0.0000000000
v 0.8203125000 0.0405949408 0.0000000000
v 0.8046875000 0.0405949408 0.0000000000
v 0.8125000000 0.0270632939 0.0000000000
v 0.8203125000 0.2571012917 0.0000000000
v 0.8046875000 0.2571012917 0.0000000000
v 0.8125000000 0.2435696448 0.0000000000
v 0.7578125000 0.3653544672 0.0000000000
v 0.7421875000 0.3653544672 0.0000000000
v 0.7500000000 0.3518228203 0.0000000000
v 0.6953125000 0.2571012917 0.0000000000
v 0.6796875000 0.2571012917 0.0000000000
v 0.6875000000 0.2435696448 0.0000000000
v 0.4921875000 0.2571012917 0.0000000000
v 0.5000000000 0.2435696448 0.0000000000
v 0.5078125000 0.2571012917 0.0000000000
v 0.5234375000 0.3112278795 0.0000000000
v 0.5312500000 0.2976962326 0.0000000000
v 0.5390625000 0.3112278795 0.0000000000
v 0.4609375000 0.3112278795 0.0000000000
v 0.4687500000 0.2976962326 0.0000000000
v 0.4765625000 0.3112278795 0.0000000000
v 0.4687500000 0.5683291712 0.0000000000
v 0.4609375000 0.5547975243 0.0000000000
v 0.4765625000 0.5547975243 0.0000000000
v 0.5312500000 0.5683291712 0.0000000000
v 0.5234375000 0.5547975243 0.0000000000
v 0.5390625000 0.5547975243 0.0000000000
v 0.5000000000 0.6224557590 0.0000000000
v 0.4921875000 0.6089241120 0.0000000000
v 0.5078125000 0.6089241120 0.0000000000
v 0.2187500000 0.1353164693 0.0000000000
v 0.2109375000 0.1217848224 0.0000000000
v 0.2265625000 0.1217848224 0.0000000000
v 0.2812500000 0.1353164693 0.0000000000
v 0.2734375000 0.1217848224 0.0000000000
v 0.2890625000 0.1217848224 0.0000000000
v 0.2500000000 0.1894430571 0.0000000000
v 0.2421875000 0.1759114101 0.0000000000
v 0.2578125000 0.1759114101 0.0000000000
v 0.7187500000 0.1353164693 0.0000000000
v 0.7109375000 0.1217848224 0.0000000000
v 0.7265625000 0.1217848224 0.0000000000
v 0.7812500000 0.1353164693 0.0000000000
v 0.7734375000 0.1217848224 0.0000000000
v 0.7890625000 0.1217848224 0.0000000000
v 0.7500000000 0.1894430571 0.0000000000
v 0.7421875000 0.1759114101 0.0000000000
v 0.7578125000 0.1759114101 0.0000000000
v 0.4687500000 0.1353164693 0.0000000000
v 0.4609375000 0.1217848224 0.0000000000
v 0.4765625000 0.1217848224 0.0000000000
v 0.5312500000 0.1353164693 0.0000000000
v 0.5234375000 0.1217848224 0.0000000000
v 0.5390625000 0.1217848224 0.0000000000
v 0.5000000000 0.1894430571 0.0000000000
v 0.4921875000 0.1759114101 0.0000000000
v 0.5078125000 0.1759114101 0.0000000000
v 0.5937500000 0.3518228203 0.0000000000
v 0.5859375000 0.3382911734 0.0000000000
v 0.6015625000 0.3382911734 0.0000000000
v 0.6562500000 0.3518228203 0.0000000000
v 0.6484375000 0.3382911734 0.0000000000
v 0.6640625000 0.3382911734 0.0000000000
v 0.6250000000 0.4059494080 0.0000000000
v 0.6171875000 0.3924177611 0.0000000000
v 0.6328125000 0.3924177611 0.0000000000
v 0.3437500000 0.3518228203 0.0000000000
v 0.3359375000 0.3382911734 0.0000000000
v 0.3515625000 0.3382911734 0.0000000000
v 0.4062500000 0.3518228203 0.0000000000
v 0.3984375000 0.3382911734 0.0000000000
v 0.4140625000 0.3382911734 0.0000000000
v 0.3750000000 0.4059494080 0.0000000000
v 0.3671875000 0.3924177611 0.0000000000
v 0.3828125000 0.3924177611 0.0000000000
v 0.3515625000 0.5277342304 0.0000000000
v 0.3359375000 0.5277342304 0.0000000000
v 0.3437500000 0.5142025835 0.0000000000
v 0.3828125000 0.4736076427 0.0000000000
v 0.3671875000 0.4736076427 0.0000000000
v 0.3750000000 0.4600759958 0.0000000000
v 0.4140625000 0.5277342304 0.0000000000
v 0.3984375000 0.5277342304 0.0000000000
v 0.4062500000 0.5142025835 0.0000000000
v 0.6015625000 0.5277342304 0.0000000000
v 0.5859375000 0.5277342304 0.0000000000
v 0.5937500000 0.5142025835 0.0000000000
v 0.6328125000 0.4736076427 0.0000000000
v 0.6171875000 0.4736076427 0.0000000000
v 0.6250000000 0.4600759958 0.0000000000
v 0.6640625000 0.5277342304 0.0000000000
v 0.6484375000 0.5277342304 0.0000000000
v 0.6562500000 0.5142025835 0.0000000000
v 0.4765625000 0.7442405814 0.0000000000
v 0.4609375000 0.7442405814 0.0000000000
v 0.4687500000 0.7307089344 0.0000000000
v 0.5078125000 0.6901139936 0.0000000000
v 0.4921875000 0.6901139936 0.0000000000
v 0.5000000000 0.6765823467 0.0000000000
v 0.5390625000 0.7442405814 0.0000000000
v 0.5234375000 0.7442405814 0.0000000000
v 0.5312500000 0.7307089344 0.0000000000
v 0.1015625000 0.0947215285 0.0000000000
v 0.0859375000 0.0947215285 0.0000000000
v 0.0937500000 0.0811898816 0.0000000000
v 0.1328125000 0.0405949408 0.0000000000
v 0.1171875000 0.0405949408 0.0000000000
v 0.1250000000 0.0270632939 0.0000000000
v 0.1640625000 0.0947215285 0.0000000000
v 0.1484375000 0.0947215285 0.0000000000
v 0.1562500000 0.0811898816 0.0000000000
v 0.3515625000 0.0947215285 0.0000000000
v 0.3359375000 0.0947215285 0.0000000000
v 0.3437500000 0.0811898816 0.0000000000
v 0.3828125000 0.0405949408 0.0000000000
v 0.3671875000 0.0405949408 0.0000000000
v 0.3750000000 0.0270632939 0.0000000000
v 0.4140625000 0.0947215285 0.0000000000
v 0.3984375000 0.0947215285 0.0000000000
v 0.4062500000 0.0811898816 0.0000000000
v 0.2265625000 0.3112278795 0.0000000000
v 0.2109375000 0.3112278795 0.0000000000
v 0.2187500000 0.2976962326 0.0000000000
v 0.2578125000 0.2571012917 0.0000000000
v 0.2421875000 0.2571012917 0.0000000000
v 0.2500000000 0.2435696448 0.0000000000
v 0.2890625000 0.3112278795 0.0000000000
v 0.2734375000 0.3112278795 0.0000000000
v 0.2812500000 0.2976962326 0.0000000000
v 0.6015625000 0.0947215285 0.0000000000
v 0.5859375000 0.0947215285 0.0000000000
v 0.5937500000 0.0811898816 0.0000000000
v 0.6328125000 0.0405949408 0.0000000000
v 0.6171875000 0.0405949408 0.0000000000
v 0.6250000000 0.0270632939 0.0000000000
v 0.6640625000 0.0947215285 0.0000000000
v 0.6484375000 0.0947215285 0.0000000000
v 0.6562500000 0.0811898816 0.0000000000
v 0.8515625000 0.0947215285 0.0000000000
v 0.8359375000 0.0947215285 0.0000000000
v 0.8437500000 0.0811898816 0.0000000000
v 0.8828125000 0.0405949408 0.0000000000
v 0.8671875000 0.0405949408 0.0000000000
v 0.8750000000 0.0270632939 0.0000000000
v 0.9140625000 0.0947215285 0.0000000000
v 0.8984375000 0.0947215285 0.0000000000
v 0.9062500000 0.0811898816 0.0000000000
v 0.7265625000 0.3112278795 0.0000000000
v 0.7109375000 0.3112278795 0.0000000000
v 0.7187500000 0.2976962326 0.0000000000
v 0.7578125000 0.2571012917 0.0000000000
v 0.7421875000 0.2571012917 0.0000000000
v 0.7500000000 0.2435696448 0.0000000000
v 0.7890625000 0.3112278795 0.0000000000
v 0.7734375000 0.3112278795 0.0000000000
v 0.7812500000 0.2976962326 0.0000000000
v 0.4687500000 0.3518228203 0.0000000000
v 0.4609375000 0.3382911734 0.0000000000
v 0.4765625000 0.3382911734 0.0000000000
v 0.5312500000 0.3518228203 0.0000000000
v 0.5234375000 0.3382911734 0.0000000000
v 0.5390625000 0.3382911734 0.0000000000
v 0.5000000000 0.4059494080 0.0000000000
v 0.4921875000 0.3924177611 0.0000000000
v 0.5078125000 0.3924177611 0.0000000000
v 0.4062500000 0.2435696448 0.0000000000
v 0.3984375000 0.2300379979 0.0000000000
v 0.4140625000 0.2300379979 0.0000000000
v 0.4687500000 0.2435696448 0.0000000000
v 0.4609375000 0.2300379979 0.0000000000
v 0.4765625000 0.2300379979 0.0000000000
v 0.4375000000 0.2976962326 0.0000000000
v 0.4296875000 0.2841645856 0.0000000000
v 0.4453125000 0.2841645856 0.0000000000
v 0.5312500000 0.2435696448 0.0000000000
v 0.5234375000 0.2300379979 0.0000000000
v 0.5390625000 0.2300379979 0.0000000000
v 0.5937500000 0.2435696448 0.0000000000
v 0.5859375000 0.2300379979 0.0000000000
v 0.6015625000 0.2300379979 0.0000000000
v 0.5625000000 0.2976962326 0.0000000000
v 0.5546875000 0.2841645856 0.0000000000
v 0.5703125000 0.2841645856 0.0000000000
v 0.5390625000 0.6359874059 0.0000000000
v 0.5234375000 0.6359874059 0.0000000000
v 0.5312500000 0.6224557590 0.0000000000
v 0.5703125000 0.5818608182 0.0000000000
v 0.5546875000 0.5818608182 0.0000000000
v 0.5625000000 0.5683291712 0.0000000000
v 0.6015625000 0.6359874059 0.0000000000
v 0.5859375000 0.6359874059 0.0000000000
v 0.5937500000 0.6224557590 0.0000000000
v 0.4140625000 0.6359874059 0.0000000000
v 0.3984375000 0.6359874059 0.0000000000
v 0.4062500000 0.6224557590 0.0000000000
v 0.4453125000 0.5818608182 0.0000000000
v 0.4296875000 0.5818608182 0.0000000000
v 0.4375000000 0.5683291712 0.0000000000
v 0.4765625000 0.6359874059 0.0000000000
v 0.4609375000 0.6359874059 0.0000000000
v 0.4687500000 0.6224557590 0.0000000000
v 0.4765625000 0.5277342304 0.0000000000
v 0.4609375000 0.5277342304 0.0000000000
v 0.4687500000 0.5142025835 0.0000000000
v 0.5078125000 0.4736076427 0.0000000000
v 0.4921875000 0.4736076427 0.0000000000
v 0.5000000000 0.4600759958 0.0000000000
v 0.5390625000 0.5277342304 0.0000000000
v 0.5234375000 0.5277342304 0.0000000000
v 0.5312500000 0.5142025835 0.0000000000
v 0.2890625000 0.2029747040 0.0000000000
v 0.2734375000 0.2029747040 0.0000000000
v 0.2812500000 0.1894430571 0.0000000000
v 0.3203125000 0.1488481163 0.0000000000
v 0.3046875000 0.1488481163 0.0000000000
v 0.3125000000 0.1353164693 0.0000000000
v 0.3515625000 0.2029747040 0.0000000000
v 0.3359375000 0.2029747040 0.0000000000
v 0.3437500000 0.1894430571 0.0000000000
v 0.1640625000 0.2029747040 0.0000000000
v 0.1484375000 0.2029747040 0.0000000000
v 0.1562500000 0.1894430571 0.0000000000
v 0.1953125000 0.1488481163 0.0000000000
v 0.1796875000 0.1488481163 0.0000000000
v 0.1875000000 0.1353164693 0.0000000000
v 0.2265625000 0.2029747040 0.0000000000
v 0.2109375000 0.2029747040 0.0000000000
v 0.2187500000 0.1894430571 0.0000000000
v 0.2265625000 0.0947215285 0.0000000000
v 0.2109375000 0.0947215285 0.0000000000
v 0.2187500000 0.0811898816 0.0000000000
v 0.2578125000 0.0405949408 0.0000000000
v 0.2421875000 0.0405949408 0.0000000000
v 0.2500000000 0.0270632939 0.0000000000
v 0.2890625000 0.0947215285 0.0000000000
v 0.2734375000 0.0947215285 0.0000000000
v 0.2812500000 0.0811898816 0.0000000000
v 0.7890625000 0.2029747040 0.0000000000
v 0.7734375000 0.2029747040 0.0000000000
v 0.7812500000 0.1894430571 0.0000000000
v 0.8203125000 0.1488481163 0.0000000000
v 0.8046875000 0.1488481163 0.0000000000
v 0.8125000000 0.1353164693 0.0000000000
v 0.8515625000 0.2029747040 0.0000000000
v 0.8359375000 0.2029747040 0.0000000000
v 0.8437500000 0.1894430571 0.0000000000
v 0.6640625000 0.2029747040 0.0000000000
v 0.6484375000 0.2029747040 0.0000000000
v 0.6562500000 0.1894430571 0.0000000000
v 0.6953125000 0.1488481163 0.0000000000
v 0.6796875000 0.1488481163 0.0000000000
v 0.6875000000 0.1353164693 0.0000000000
v 0.7265625000 0.2029747040 0.0000000000
v 0.7109375000 0.2029747040 0.0000000000
v 0.7187500000 0.1894430571 0.0000000000
v 0.7265625000 0.0947215285 0.0000000000
v 0.7109375000 0.0947215285 0.0000000000
v 0.7187500000 0.0811898816 0.0000000000
v 0.7578125000 0.0405949408 0.0000000000
v 0.7421875000 0.0405949408 0.0000000000
v 0.7500000000 0.0270632939 0.0000000000
v 0.7890625000 0.0947215285 0.0000000000
v 0.7734375000 0.0947215285 0.0000000000
v 0.7812500000 0.0811898816 0.0000000000
v 0.5390625000 0.2029747040 0.0000000000
v 0.5234375000 0.2029747040 0.0000000000
v 0.5312500000 0.1894430571 0.0000000000
v 0.5703125000 0.1488481163 0.0000000000
v 0.5546875000 0.1488481163 0.0000000000
v 0.5625000000 0.1353164693 0.0000000000
v 0.6015625000 0.2029747040 0.0000000000
v 0.5859375000 0.2029747040 0.0000000000
v 0.5937500000 0.1894430571 0.0000000000
v 0.4140625000 0.2029747040 0.0000000000
v 0.3984375000 0.2029747040 0.0000000000
v 0.4062500000 0.1894430571 0.0000000000
v 0.4453125000 0.1488481163 0.0000000000
v 0.4296875000 0.1488481163 0.0000000000
v 0.4375000000 0.1353164693 0.0000000000
v 0.4765625000 0.2029747040 0.0000000000
v 0.4609375000 0.2029747040 0.0000000000
v 0.4687500000 0.1894430571 0.0000000000
v 0.4765625000 0.0947215285 0.0000000000
v 0.4609375000 0.0947215285 0.0000000000
v 0.4687500000 0.0811898816 0.0000000000
v 0.5078125000 0.0405949408 0.0000000000
v 0.4921875000 0.0405949408 0.0000000000
v 0.5000000000 0.0270632939 0.0000000000
v 0.5390625000 0.0947215285 0.0000000000
v 0.5234375000 0.0947215285 0.0000000000
v 0.5312500000 0.0811898816 0.0000000000
v 0.6640625000 0.4194810550 0.0000000000
v 0.6484375000 0.4194810550 0.0000000000
v 0.6562500000 0.4059494080 0.0000000000
v 0.6953125000 0.3653544672 0.0000000000
v 0.6796875000 0.3653544672 0.0000000000
v 0.6875000000 0.3518228203 0.0000000000
v 0.7265625000 0.4194810550 0.0000000000
v 0.7109375000 0.4194810550 0.0000000000
v 0.7187500000 0.4059494080 0.0000000000
v 0.5390625000 0.4194810550 0.0000000000
v 0.5234375000 0.4194810550 0.0000000000
v 0.5312500000 0.4059494080 0.0000000000
v 0.5703125000 0.3653544672 0.0000000000
v 0.5546875000 0.3653544672 0.0000000000
v 0.5625000000 0.3518228203 0.0000000000
v 0.6015625000 0.4194810550 0.0000000000
v 0.5859375000 0.4194810550 0.0000000000
v 0.5937500000 0.4059494080 0.0000000000
v 0.6015625000 0.3112278795 0.0000000000
v 0.5859375000 0.3112278795 0.0000000000
v 0.5937500000 0.2976962326 0.0000000000
v 0.6328125000 0.2571012917 0.0000000000
v 0.6171875000 0.2571012917 0.0000000000
v 0.6250000000 0.2435696448 0.0000000000
v 0.6640625000 0.3112278795 0.0000000000
v 0.6484375000 0.3112278795 0.0000000000
v 0.6562500000 0.2976962326 0.0000000000
v 0.4140625000 0.4194810550 0.0000000000
v 0.3984375000 0.4194810550 0.0000000000
v 0.4062500000 0.4059494080 0.0000000000
v 0.4453125000 0.3653544672 0.0000000000
v 0.4296875000 0.3653544672 0.0000000000
v 0.4375000000 0.3518228203 0.0000000000
v 0.4765625000 0.4194810550 0.0000000000
v 0.4609375000 0.4194810550 0.0000000000
v 0.4687500000 0.4059494080 0.0000000000
v 0.2890625000 0.4194810550 0.0000000000
v 0.2734375000 0.4194810550 0.0000000000
v 0.2812500000 0.4059494080 0.0000000000
v 0.3203125000 0.3653544672 0.0000000000
v 0.3046875000 0.3653544672 0.0000000000
v 0.3125000000 0.3518228203 0.0000000000
v 0.3515625000 0.4194810550 0.0000000000
v 0.3359375000 0.4194810550 0.0000000000
v 0.3437500000 0.4059494080 0.0000000000
v 0.3515625000 0.3112278795 0.0000000000
v 0.3359375000 0.3112278795 0.0000000000
v 0.3437500000 0.2976962326 0.0000000000
v 0.3828125000 0.2571012917 0.0000000000
v 0.3671875000 0.2571012917 0.0000000000
v 0.3750000000 0.2435696448 0.0000000000
v 0.4140625000 0.3112278795 0.0000000000
v 0.3984375000 0.3112278795 0.0000000000
v 0.4062500000 0.2976962326 0.0000000000
v 0.4453125000 0.5006709366 0.0000000000
v 0.4375000000 0.5142025835 0.0000000000
v 0.4296875000 0.5006709366 0.0000000000
v 0.4140625000 0.4465443488 0.0000000000
v 0.4062500000 0.4600759958 0.0000000000
v 0.3984375000 0.4465443488 0.0000000000
v 0.4765625000 0.4465443488 0.0000000000
v 0.4687500000 0.4600759958 0.0000000000
v 0.4609375000 0.4465443488 0.0000000000
v 0.3828125000 0.6089241120 0.0000000000
v 0.3750000000 0.6224557590 0.0000000000
v 0.3671875000 0.6089241120 0.0000000000
v 0.3515625000 0.5547975243 0.0000000000
v 0.3437500000 0.5683291712 0.0000000000
v 0.3359375000 0.5547975243 0.0000000000
v 0.4140625000 0.5547975243 0.0000000000
v 0.4062500000 0.5683291712 0.0000000000
v 0.3984375000 0.5547975243 0.0000000000
v 0.3203125000 0.5006709366 0.0000000000
v 0.3125000000 0.5142025835 0.0000000000
v 0.3046875000 0.5006709366 0.0000000000
v 0.2890625000 0.4465443488 0.0000000000
v 0.2812500000 0.4600759958 0.0000000000
v 0.2734375000 0.4465443488 0.0000000000
v 0.3515625000 0.4465443488 0.0000000000
v 0.3437500000 0.4600759958 0.0000000000
v 0.3359375000 0.4465443488 0.0000000000
v 0.6953125000 0.5006709366 0.0000000000
v 0.6875000000 0.5142025835 0.0000000000
v 0.6796875000 0.5006709366 0.0000000000
v 0.6640625000 0.4465443488 0.0000000000
v 0.6562500000 0.4600759958 0.0000000000
v 0.6484375000 0.4465443488 0.0000000000
v 0.7265625000 0.4465443488 0.0000000000
v 0.7187500000 0.4600759958 0.0000000000
v 0.7109375000 0.4465443488 0.0000000000
v 0.6328125000 0.6089241120 0.0000000000
v 0.6250000000 0.6224557590 0.0000000000
v 0.6171875000 0.6089241120 0.0000000000
v 0.6015625000 0.5547975243 0.0000000000
v 0.5937500000 0.5683291712 0.0000000000
v 0.5859375000 0.5547975243 0.0000000000
v 0.6640625000 0.5547975243 0.0000000000
v 0.6562500000 0.5683291712 0.0000000000
v 0.6484375000 0.5547975243 0.0000000000
v 0.5703125000 0.5006709366 0.0000000000
v 0.5625000000 0.5142025835 0.0000000000
v 0.5546875000 0.5006709366 0.0000000000
v 0.5390625000 0.4465443488 0.0000000000
v 0.5312500000 0.4600759958 0.0000000000
v 0.5234375000 0.4465443488 0.0000000000
v 0.6015625000 0.4465443488 0.0000000000
v 0.5937500000 0.4600759958 0.0000000000
v 0.5859375000 0.4465443488 0.0000000000
v 0.5703125000 0.7171772875 0.0000000000
v 0.5625000000 0.7307089344 0.0000000000
v 0.5546875000 0.7171772875 0.0000000000
v 0.5390625000 0.6630506998 0.0000000000
v 0.5312500000 0.6765823467 0.0000000000
v 0.5234375000 0.6630506998 0.0000000000
v 0.6015625000 0.6630506998 0.0000000000
v 0.5937500000 0.6765823467 0.0000000000
v 0.5859375000 0.6630506998 0.0000000000
v 0.5078125000 0.8254304630 0.0000000000
v 0.5000000000 0.8389621099 0.0000000000
v 0.4921875000 0.8254304630 0.0000000000
v 0.4765625000 0.7713038752 0.0000000000
v 0.4687500000 0.7848355222 0.0000000000
v 0.4609375000 0.7713038752 0.0000000000
v 0.5390625000 0.7713038752 0.0000000000
v 0.5312500000 0.7848355222 0.0000000000
v 0.5234375000 0.7713038752 0.0000000000
v 0.4453125000 0.7171772875 0.0000000000
v 0.4375000000 0.7307089344 0.0000000000
v 0.4296875000 0.7171772875 0.0000000000
v 0.4140625000 0.6630506998 0.0000000000
v 0.4062500000 0.6765823467 0.0000000000
v 0.3984375000 0.6630506998 0.0000000000
v 0.4765625000 0.6630506998 0.0000000000
v 0.4687500000 0.6765823467 0.0000000000
v 0.4609375000 0.6630506998 0.0000000000
v 0.1953125000 0.0676582347 0.0000000000
v 0.1875000000 0.0811898816 0.0000000000
v 0.1796875000 0.0676582347 0.0000000000
v 0.1640625000 0.0135316469 0.0000000000
v 0.1562500000 0.0270632939 0.0000000000
v 0.1484375000 0.0135316469 0.0000000000
v 0.2265625000 0.0135316469 0.0000000000
v 0.2187500000 0.0270632939 0.0000000000
v 0.2109375000 0.0135316469 0.0000000000
v 0.1328125000 0.1759114101 0.0000000000
v 0.1250000000 0.1894430571 0.0000000000
v 0.1171875000 0.1759114101 0.0000000000
v 0.1015625000 0.1217848224 0.0000000000
v 0.0937500000 0.1353164693 0.0000000000
v 0.0859375000 0.1217848224 0.0000000000
v 0.1640625000 0.1217848224 0.0000000000
v 0.1562500000 0.1353164693 0.0000000000
v 0.1484375000 0.1217848224 0.0000000000
v 0.0703125000 0.0676582347 0.0000000000
v 0.0625000000 0.0811898816 0.0000000000
v 0.0546875000 0.0676582347 0.0000000000
v 0.0390625000 0.0135316469 0.0000000000
v 0.0312500000 0.0270632939 0.0000000000
v 0.0234375000 0.0135316469 0.0000000000
v 0.1015625000 0.0135316469 0.0000000000
v 0.0937500000 0.0270632939 0.0000000000
v 0.0859375000 0.0135316469 0.0000000000
v 0.4453125000 0.0676582347 0.0000000000
v 0.4375000000 0.0811898816 0.0000000000
v 0.4296875000 0.0676582347 0.0000000000
v 0.4140625000 0.0135316469 0.0000000000
v 0.4062500000 0.0270632939 0.0000000000
v 0.3984375000 0.0135316469 0.0000000000
v 0.4765625000 0.0135316469 0.0000000000
v 0.4687500000 0.0270632939 0.0000000000
v 0.4609375000 0.0135316469 0.0000000000
v 0.3828125000 0.1759114101 0.0000000000
v 0.3750000000 0.1894430571 0.0000000000
v 0.3671875000 0.1759114101 0.0000000000
v 0.3515625000 0.1217848224 0.0000000000
v 0.3437500000 0.1353164693 0.0000000000
v 0.3359375000 0.1217848224 0.0000000000
v 0.4140625000 0.1217848224 0.0000000000
v 0.4062500000 0.1353164693 0.0000000000
v 0.3984375000 0.1217848224 0.0000000000
v 0.3203125000 0.0676582347 0.0000000000
v 0.3125000000 0.0811898816 0.0000000000
v 0.3046875000 0.0676582347 0.0000000000
v 0.2890625000 0.0135316469 0.0000000000
v 0.2812500000 0.0270632939 0.0000000000
v 0.2734375000 0.0135316469 0.0000000000
v 0.3515625000 0.0135316469 0.0000000000
v 0.3437500000 0.0270632939 0.0000000000
v 0.3359375000 0.0135316469 0.0000000000
v 0.3203125000 0.2841645856 0.0000000000
v 0.3125000000 0.2976962326 0.0000000000
v 0.3046875000 0.2841645856 0.0000000000
v 0.2890625000 0.2300379979 0.0000000000
v 0.2812500000 0.2435696448 0.0000000000
v 0.2734375000 0.2300379979 0.0000000000
v 0.3515625000 0.2300379979 0.0000000000
v 0.3437500000 0.2435696448 0.0000000000
v 0.3359375000 0.2300379979 0.0000000000
v 0.2578125000 0.3924177611 0.0000000000
v 0.2500000000 0.4059494080 0.0000000000
v 0.2421875000 0.3924177611 0.0000000000
v 0.2265625000 0.3382911734 0.0000000000
v 0.2187500000 0.3518228203 0.0000000000
v 0.2109375000 0.3382911734 0.0000000000
v 0.2890625000 0.3382911734 0.0000000000
v 0.2812500000 0.3518228203 0.0000000000
v 0.2734375000 0.3382911734 0.0000000000
v 0.1953125000 0.2841645856 0.0000000000
v 0.1875000000 0.2976962326 0.0000000000
v 0.1796875000 0.2841645856 0.0000000000
v 0.1640625000 0.2300379979 0.0000000000
v 0.1562500000 0.2435696448 0.0000000000
v 0.1484375000 0.2300379979 0.0000000000
v 0.2265625000 0.2300379979 0.0000000000
v 0.2187500000 0.2435696448 0.0000000000
v 0.2109375000 0.2300379979 0.0000000000
v 0.6953125000 0.0676582347 0.0000000000
v 0.6875000000 0.0811898816 0.0000000000
v 0.6796875000 0.0676582347 0.0000000000
v 0.6640625000 0.0135316469 0.0000000000
v 0.6562500000 0.0270632939 0.0000000000
v 0.6484375000 0.0135316469 0.0000000000
v 0.7265625000 0.0135316469 0.0000000000
v 0.7187500000 0.0270632939 0.0000000000
v 0.7109375000 0.0135316469 0.0000000000
v 0.6328125000 0.1759114101 0.0000000000
v 0.6250000000 0.1894430571 0.0000000000
v 0.6171875000 0.1759114101 0.0000000000
v 0.6015625000 0.1217848224 0.0000000000
v 0.5937500000 0.1353164693 0.0000000000
v 0.5859375000 0.1217848224 0.0000000000
v 0.6640625000 0.1217848224 0.0000000000
v 0.6562500000 0.1353164693 0.0000000000
v 0.6484375000 0.1217848224 0.0000000000
v 0.5703125000 0.0676582347 0.0000000000
v 0.5625000000 0.0811898816 0.0000000000
v 0.5546875000 0.0676582347 0.0000000000
v 0.5390625000 0.0135316469 0.0000000000
v 0.5312500000 0.0270632939 0.0000000000
v 0.5234375000 0.0135316469 0.0000000000
v 0.6015625000 0.0135316469 0.0000000000
v 0.5937500000 0.0270632939 0.0000000000
v 0.5859375000 0.0135316469 0.0000000000
v 0.9453125000 0.0676582347 0.0000000000
v 0.9375000000 0.0811898816 0.0000000000
v 0.9296875000 0.0676582347 0.0000000000
v 0.9140625000 0.0135316469 0.0000000000
v 0.9062500000 0.0270632939 0.0000000000
v 0.8984375000 0.0135316469 0.0000000000
v 0.9765625000 0.0135316469 0.0000000000
v 0.9687500000 0.0270632939 0.0000000000
v 0.9609375000 0.0135316469 0.0000000000
v 0.8828125000 0.1759114101 0.0000000000
v 0.8750000000 0.1894430571 0.0000000000
v 0.8671875000 0.1759114101 0.0000000000
v 0.8515625000 0.1217848224 0.0000000000
v 0.8437500000 0.1353164693 0.0000000000
v 0.8359375000 0.1217848224 0.0000000000
v 0.9140625000 0.1217848224 0.0000000000
v 0.9062500000 0.1353164693 0.0000000000
v 0.8984375000 0.1217848224 0.0000000000
v 0.8203125000 0.0676582347 0.0000000000
v 0.8125000000 0.0811898816 0.0000000000
v 0.8046875000 0.0676582347 0.0000000000
v 0.7890625000 0.0135316469 0.0000000000
v 0.7812500000 0.0270632939 0.0000000000
v 0.7734375000 0.0135316469 0.0000000000
v 0.8515625000 0.0135316469 0.0000000000
v 0.8437500000 0.0270632939 0.0000000000
v 0.8359375000 0.0135316469 0.0000000000
v 0.8203125000 0.2841645856 0.0000000000
v 0.8125000000 0.2976962326 0.0000000000
v 0.8046875000 0.2841645856 0.0000000000
v 0.7890625000 0.2300379979 0.0000000000
v 0.7812500000 0.2435696448 0.0000000000
v 0.7734375000 0.2300379979 0.0000000000
v 0.8515625000 0.2300379979 0.0000000000
v 0.8437500000 0.2435696448 0.0000000000
v 0.8359375000 0.2300379979 0.0000000000
v 0.7578125000 0.3924177611 0.0000000000
v 0.7500000000 0.4059494080 0.0000000000
v 0.7421875000 0.3924177611 0.0000000000
v 0.7265625000 0.3382911734 0.0000000000
v 0.7187500000 0.3518228203 0.0000000000
v 0.7109375000 0.3382911734 0.0000000000
v 0.7890625000 0.3382911734 0.0000000000
v 0.7812500000 0.3518228203 0.0000000000
v 0.7734375000 0.3382911734 0.0000000000
v 0.6953125000 0.2841645856 0.0000000000
v 0.6875000000 0.2976962326 0.0000000000
v 0.6796875000 0.2841645856 0.0000000000
v 0.6640625000 0.2300379979 0.0000000000
v 0.6562500000 0.2435696448 0.0000000000
v 0.6484375000 0.2300379979 0.0000000000
v 0.7265625000 0.2300379979 0.0000000000
v 0.7187500000 0.2435696448 0.0000000000
v 0.7109375000 0.2300379979 0.0000000000
v 0.4921875000 0.3112278795 0.0000000000
v 0.5078125000 0.3112278795 0.0000000000
v 0.4765625000 0.2841645856 0.0000000000
v 0.4843750000 0.2706329387 0.0000000000
v 0.5156250000 0.2706329387 0.0000000000
v 0.5234375000 0.2841645856 0.0000000000
v 0.5156250000 0.5953924651 0.0000000000
v 0.5234375000 0.5818608182 0.0000000000
v 0.4843750000 0.5953924651 0.0000000000
v 0.4765625000 0.5818608182 0.0000000000
v 0.4921875000 0.5547975243 0.0000000000
v 0.5078125000 0.5547975243 0.0000000000
v 0.2656250000 0.1623797632 0.0000000000
v 0.2734375000 0.1488481163 0.0000000000
v 0.2343750000 0.1623797632 0.0000000000
v 0.2265625000 0.1488481163 0.0000000000
v 0.2421875000 0.1217848224 0.0000000000
v 0.2578125000 0.1217848224 0.0000000000
v 0.7656250000 0.1623797632 0.0000000000
v 0.7734375000 0.1488481163 0.0000000000
v 0.7343750000 0.1623797632 0.0000000000
v 0.7265625000 0.1488481163 0.0000000000
v 0.7421875000 0.1217848224 0.0000000000
v 0.7578125000 0.1217848224 0.0000000000
v 0.5156250000 0.1623797632 0.0000000000
v 0.5234375000 0.1488481163 0.0000000000
v 0.4843750000 0.1623797632 0.0000000000
v 0.4765625000 0.1488481163 0.0000000000
v 0.4921875000 0.1217848224 0.0000000000
v 0.5078125000 0.1217848224 0.0000000000
v 0.6406250000 0.3788861142 0.0000000000
v 0.6484375000 0.3653544672 0.0000000000
v 0.6093750000 0.3788861142 0.0000000000
v 0.6015625000 0.3653544672 0.0000000000
v 0.6171875000 0.3382911734 0.0000000000
v 0.6328125000 0.3382911734 0.0000000000
v 0.3906250000 0.3788861142 0.0000000000
v 0.3984375000 0.3653544672 0.0000000000
v 0.3593750000 0.3788861142 0.0000000000
v 0.3515625000 0.3653544672 0.0000000000
v 0.3671875000 0.3382911734 0.0000000000
v 0.3828125000 0.3382911734 0.0000000000
v 0.3984375000 0.5006709366 0.0000000000
v 0.3906250000 0.4871392896 0.0000000000
v 0.3828125000 0.5277342304 0.0000000000
v 0.3671875000 0.5277342304 0.0000000000
v 0.3515625000 0.5006709366 0.0000000000
v 0.3593750000 0.4871392896 0.0000000000
v 0.6484375000 0.5006709366 0.0000000000
v 0.6406250000 0.4871392896 0.0000000000
v 0.6328125000 0.5277342304 0.0000000000
v 0.6171875000 0.5277342304 0.0000000000
v 0.6015625000 0.5006709366 0.0000000000
v 0.6093750000 0.4871392896 0.0000000000
v 0.5234375000 0.7171772875 0.0000000000
v 0.5156250000 0.7036456406 0.0000000000
v 0.5078125000 0.7442405814 0.0000000000
v 0.4921875000 0.7442405814 0.0000000000
v 0.4765625000 0.7171772875 0.0000000000
v 0.4843750000 0.7036456406 0.0000000000
v 0.1484375000 0.0676582347 0.0000000000
v 0.1406250000 0.0541265877 0.0000000000
v 0.1328125000 0.0947215285 0.0000000000
v 0.1171875000 0.0947215285 0.0000000000
v 0.1015625000 0.0676582347 0.0000000000
v 0.1093750000 0.0541265877 0.0000000000
v 0.3984375000 0.0676582347 0.0000000000
v 0.3906250000 0.0541265877 0.0000000000
v 0.3828125000 0.0947215285 0.0000000000
v 0.3671875000 0.0947215285 0.0000000000
v 0.3515625000 0.0676582347 0.0000000000
v 0.3593750000 0.0541265877 0.0000000000
v 0.2734375000 0.2841645856 0.0000000000
v 0.2656250000 0.2706329387 0.0000000000
v 0.2578125000 0.3112278795 0.0000000000
v 0.2421875000 0.3112278795 0.0000000000
v 0.2265625000 0.2841645856 0.0000000000
v 0.2343750000 0.2706329387 0.0000000000
v 0.6484375000 0.0676582347 0.0000000000
v 0.6406250000 0.0541265877 0.0000000000
v 0.6328125000 0.0947215285 0.0000000000
v 0.6171875000 0.0947215285 0.0000000000
v 0.6015625000 0.0676582347 0.0000000000
v 0.6093750000 0.0541265877 0.0000000000
v 0.8984375000 0.0676582347 0.0000000000
v 0.8906250000 0.0541265877 0.0000000000
v 0.8828125000 0.0947215285 0.0000000000
v 0.8671875000 0.0947215285 0.0000000000
v 0.8515625000 0.0676582347 0.0000000000
v 0.8593750000 0.0541265877 0.0000000000
v 0.7734375000 0.2841645856 0.0000000000
v 0.7656250000 0.2706329387 0.0000000000
v 0.7578125000 0.3112278795 0.0000000000
v 0.7421875000 0.3112278795 0.0000000000
v 0.7265625000 0.2841645856 0.0000000000
v 0.7343750000 0.2706329387 0.0000000000
v 0.5156250000 0.3788861142 0.0000000000
v 0.5234375000 0.3653544672 0.0000000000
v 0.4843750000 0.3788861142 0.0000000000
v 0.4765625000 0.3653544672 0.0000000000
v 0.4921875000 0.3382911734 0.0000000000
v 0.5078125000 0.3382911734 0.0000000000
v 0.4531250000 0.2706329387 0.0000000000
v 0.4609375000 0.2571012917 0.0000000000
v 0.4218750000 0.2706329387 0.0000000000
v 0.4140625000 0.2571012917 0.0000000000
v 0.4296875000 0.2300379979 0.0000000000
v 0.4453125000 0.2300379979 0.0000000000
v 0.5781250000 0.2706329387 0.0000000000
v 0.5859375000 0.2571012917 0.0000000000
v 0.5468750000 0.2706329387 0.0000000000
v 0.5390625000 0.2571012917 0.0000000000
v 0.5546875000 0.2300379979 0.0000000000
v 0.5703125000 0.2300379979 0.0000000000
v 0.5859375000 0.6089241120 0.0000000000
v 0.5781250000 0.5953924651 0.0000000000
v 0.5703125000 0.6359874059 0.0000000000
v 0.5546875000 0.6359874059 0.0000000000
v 0.5390625000 0.6089241120 0.0000000000
v 0.5468750000 0.5953924651 0.0000000000
v 0.4609375000 0.6089241120 0.0000000000
v 0.4531250000 0.5953924651 0.0000000000
v 0.4453125000 0.6359874059 0.0000000000
v 0.4296875000 0.6359874059 0.0000000000
v 0.4140625000 0.6089241120 0.0000000000
v 0.4218750000 0.5953924651 0.0000000000
v 0.5234375000 0.5006709366 0.0000000000
v 0.5156250000 0.4871392896 0.0000000000
v 0.5078125000 0.5277342304 0.0000000000
v 0.4921875000 0.5277342304 0.0000000000
v 0.4765625000 0.5006709366 0.0000000000
v 0.4843750000 0.4871392896 0.0000000000
v 0.3359375000 0.1759114101 0.0000000000
v 0.3281250000 0.1623797632 0.0000000000
v 0.3203125000 0.2029747040 0.0000000000
v 0.3046875000 0.2029747040 0.0000000000
v 0.2890625000 0.1759114101 0.0000000000
v 0.2968750000 0.1623797632 0.0000000000
v 0.2109375000 0.1759114101 0.0000000000
v 0.2031250000 0.1623797632 0.0000000000
v 0.1953125000 0.2029747040 0.0000000000
v 0.1796875000 0.2029747040 0.0000000000
v 0.1640625000 0.1759114101 0.0000000000
v 0.1718750000 0.1623797632 0.0000000000
v 0.2734375000 0.0676582347 0.0000000000
v 0.2656250000 0.0541265877 0.0000000000
v 0.2578125000 0.0947215285 0.0000000000
v 0.2421875000 0.0947215285 0.0000000000
v 0.2265625000 0.0676582347 0.0000000000
v 0.2343750000 0.0541265877 0.0000000000
v 0.8359375000 0.1759114101 0.0000000000
v 0.8281250000 0.1623797632 0.0000000000
v 0.8203125000 0.2029747040 0.0000000000
v 0.8046875000 0.2029747040 0.0000000000
v 0.7890625000 0.1759114101 0.0000000000
v 0.7968750000 0.1623797632 0.0000000000
v 0.7109375000 0.1759114101 0.0000000000
v 0.7031250000 0.1623797632 0.0000000000
v 0.6953125000 0.2029747040 0.0000000000
v 0.6796875000 0.2029747040 0.0000000000
v 0.6640625000 0.1759114101 0.0000000000
v 0.6718750000 0.1623797632 0.0000000000
v 0.7734375000 0.0676582347 0.0000000000
v 0.7656250000 0.0541265877 0.0000000000
v 0.7578125000 0.0947215285 0.0000000000
v 0.7421875000 0.0947215285 0.0000000000
v 0.7265625000 0.0676582347 0.0000000000
v 0.7343750000 0.0541265877 0.0000000000
v 0.5859375000 0.1759114101 0.0000000000
v 0.5781250000 0.1623797632 0.0000000000
v 0.5703125000 0.2029747040 0.0000000000
v 0.5546875000 0.2029747040 0.0000000000
v 0.5390625000 0.1759114101 0.0000000000
v 0.5468750000 0.1623797632 0.0000000000
v 0.4609375000 0.1759114101 0.0000000000
v 0.4531250000 0.1623797632 0.0000000000
v 0.4453125000 0.2029747040 0.0000000000
v 0.4296875000 0.2029747040 0.0000000000
v 0.4140625000 0.1759114101 0.0000000000
v 0.4218750000 0.1623797632 0.0000000000
v 0.5234375000 0.0676582347 0.0000000000
v 0.5156250000 0.0541265877 0.0000000000
v 0.5078125000 0.0947215285 0.0000000000
v 0.4921875000 0.0947215285 0.0000000000
v 0.4765625000 0.0676582347 0.0000000000
v 0.4843750000 0.0541265877 0.0000000000
v 0.7109375000 0.3924177611 0.0000000000
v 0.7031250000 0.3788861142 0.0000000000
v 0.6953125000 0.4194810550 0.0000000000
v 0.6796875000 0.4194810550 0.0000000000
v 0.6640625000 0.3924177611 0.0000000000
v 0.6718750000 0.3788861142 0.0000000000
v 0.5859375000 0.3924177611 0.0000000000
v 0.5781250000 0.3788861142 0.0000000000
v 0.5703125000 0.4194810550 0.0000000000
v 0.5546875000 0.4194810550 0.0000000000
v 0.5390625000 0.3924177611 0.0000000000
v 0.5468750000 0.3788861142 0.0000000000
v 0.6484375000 0.2841645856 0.0000000000
v 0.6406250000 0.2706329387 0.0000000000
v 0.6328125000 0.3112278795 0.0000000000
v 0.6171875000 0.3112278795 0.0000000000
v 0.6015625000 0.2841645856 0.0000000000
v 0.6093750000 0.2706329387 0.0000000000
v 0.4609375000 0.3924177611 0.0000000000
v 0.4531250000 0.3788861142 0.0000000000
v 0.4453125000 0.4194810550 0.0000000000
v 0.4296875000 0.4194810550 0.0000000000
v 0.4140625000 0.3924177611 0.0000000000
v 0.4218750000 0.3788861142 0.0000000000
v 0.3359375000 0.3924177611 0.0000000000
v 0.3281250000 0.3788861142 0.0000000000
v 0.3203125000 0.4194810550 0.0000000000
v 0.3046875000 0.4194810550 0.0000000000
v 0.2890625000 0.3924177611 0.0000000000
v 0.2968750000 0.3788861142 0.0000000000
v 0.3984375000 0.2841645856 0.0000000000
v 0.3906250000 0.2706329387 0.0000000000
v 0.3828125000 0.3112278795 0.0000000000
v 0.3671875000 0.3112278795 0.0000000000
v 0.3515625000 0.2841645856 0.0000000000
v 0.3593750000 0.2706329387 0.0000000000
v 0.4453125000 0.4465443488 0.0000000000
v 0.4296875000 0.4465443488 0.0000000000
v 0.4609375000 0.4736076427 0.0000000000
v 0.4531250000 0.4871392896 0.0000000000
v 0.4218750000 0.4871392896 0.0000000000
v 0.4140625000 0.4736076427 0.0000000000
v 0.3828125000 0.5547975243 0.0000000000
v 0.3671875000 0.5547975243 0.0000000000
v 0.3984375000 0.5818608182 0.0000000000
v 0.3906250000 0.5953924651 0.0000000000
v 0.3593750000 0.5953924651 0.0000000000
v 0.3515625000 0.5818608182 0.0000000000
v 0.3203125000 0.4465443488 0.0000000000
v 0.3046875000 0.4465443488 0.0000000000
v 0.3359375000 0.4736076427 0.0000000000
v 0.3281250000 0.4871392896 0.0000000000
v 0.2968750000 0.4871392896 0.0000000000
v 0.2890625000 0.4736076427 0.0000000000
v 0.6953125000 0.4465443488 0.0000000000
v 0.6796875000 0.4465443488 0.0000000000
v 0.7109375000 0.4736076427 0.0000000000
v 0.7031250000 0.4871392896 0.0000000000
v 0.6718750000 0.4871392896 0.0000000000
v 0.6640625000 0.4736076427 0.0000000000
v 0.6328125000 0.5547975243 0.0000000000
v 0.6171875000 0.5547975243 0.0000000000
v 0.6484375000 0.5818608182 0.0000000000
v 0.6406250000 0.5953924651 0.0000000000
v 0.6093750000 0.5953924651 0.0000000000
v 0.6015625000 0.5818608182 0.0000000000
v 0.5703125000 0.4465443488 0.0000000000
v 0.5546875000 0.4465443488 0.0000000000
v 0.5859375000 0.4736076427 0.0000000000
v 0.5781250000 0.4871392896 0.0000000000
v 0.5468750000 0.4871392896 0.0000000000
v 0.5390625000 0.4736076427 0.0000000000
v 0.5703125000 0.6630506998 0.0000000000
v 0.5546875000 0.6630506998 0.0000000000
v 0.5859375000 0.6901139936 0.0000000000
v 0.5781250000 0.7036456406 0.0000000000
v 0.5468750000 0.7036456406 0.0000000000
v 0.5390625000 0.6901139936 0.0000000000
v 0.5078125000 0.7713038752 0.0000000000
v 0.4921875000 0.7713038752 0.0000000000
v 0.5234375000 0.7983671691 0.0000000000
v 0.5156250000 0.8118988160 0.0000000000
v 0.4843750000 0.8118988160 0.0000000000
v 0.4765625000 0.7983671691 0.0000000000
v 0.4453125000 0.6630506998 0.0000000000
v 0.4296875000 0.6630506998 0.0000000000
v 0.4609375000 0.6901139936 0.0000000000
v 0.4531250000 0.7036456406 0.0000000000
v 0.4218750000 0.7036456406 0.0000000000
v 0.4140625000 0.6901139936 0.0000000000
v 0.1953125000 0.0135316469 0.0000000000
v 0.1796875000 0.0135316469 0.0000000000
v 0.2109375000 0.0405949408 0.0000000000
v 0.2031250000 0.0541265877 0.0000000000
v 0.1718750000 0.0541265877 0.0000000000
v 0.1640625000 0.0405949408 0.0000000000
v 0.1328125000 0.1217848224 0.0000000000
v 0.1171875000 0.1217848224 0.0000000000
v 0.1484375000 0.1488481163 0.0000000000
v 0.1406250000 0.1623797632 0.0000000000
v 0.1093750000 0.1623797632 0.0000000000
v 0.1015625000 0.1488481163 0.0000000000
v 0.0703125000 0.0135316469 0.0000000000
v 0.0546875000 0.0135316469 0.0000000000
v 0.0859375000 0.0405949408 0.0000000000
v 0.0781250000 0.0541265877 0.0000000000
v 0.0468750000 0.0541265877 0.0000000000
v 0.0390625000 0.0405949408 0.0000000000
v 0.4453125000 0.0135316469 0.0000000000
v 0.4296875000 0.0135316469 0.0000000000
v 0.4609375000 0.0405949408 0.0000000000
v 0.4531250000 0.0541265877 0.0000000000
v 0.4218750000 0.0541265877 0.0000000000
v 0.4140625000 0.0405949408 0.0000000000
v 0.3828125000 0.1217848224 0.0000000000
v 0.3671875000 0.1217848224 0.0000000000
v 0.3984375000 0.1488481163 0.0000000000
v 0.3906250000 0.1623797632 0.0000000000
v 0.3593750000 0.1623797632 0.0000000000
v 0.3515625000 0.1488481163 0.0000000000
v 0.3203125000 0.0135316469 0.0000000000
v 0.3046875000 0.0135316469 0.0000000000
v 0.3359375000 0.0405949408 0.0000000000
v 0.3281250000 0.0541265877 0.0000000000
v 0.2968750000 0.0541265877 0.0000000000
v 0.2890625000 0.0405949408 0.0000000000
v 0.3203125000 0.2300379979 0.0000000000
v 0.3046875000 0.2300379979 0.0000000000
v 0.3359375000 0.2571012917 0.0000000000
v 0.3281250000 0.2706329387 0.0000000000
v 0.2968750000 0.2706329387 0.0000000000
v 0.2890625000 0.2571012917 0.0000000000
v 0.2578125000 0.3382911734 0.0000000000
v 0.2421875000 0.3382911734 0.0000000000
v 0.2734375000 0.3653544672 0.0000000000
v 0.2656250000 0.3788861142 0.0000000000
v 0.2343750000 0.3788861142 0.0000000000
v 0.2265625000 0.3653544672 0.0000000000
v 0.1953125000 0.2300379979 0.0000000000
v 0.1796875000 0.2300379979 0.0000000000
v 0.2109375000 0.2571012917 0.0000000000
v 0.2031250000 0.2706329387 0.0000000000
v 0.1718750000 0.2706329387 0.0000000000
v 0.1640625000 0.2571012917 0.0000000000
v 0.6953125000 0.0135316469 0.0000000000
v 0.6796875000 0.0135316469 0.0000000000
v 0.7109375000 0.0405949408 0.0000000000
v 0.7031250000 0.0541265877 0.0000000000
v 0.6718750000 0.0541265877 0.0000000000
v 0.6640625000 0.0405949408 0.0000000000
v 0.6328125000 0.1217848224 0.0000000000
v 0.6171875000 0.1217848224 0.0000000000
v 0.6484375000 0.1488481163 0.0000000000
v 0.6406250000 0.1623797632 0.0000000000
v 0.6093750000 0.1623797632 0.0000000000
v 0.6015625000 0.1488481163 0.0000000000
v 0.5703125000 0.0135316469 0.0000000000
v 0.5546875000 0.0135316469 0.0000000000
v 0.5859375000 0.0405949408 0.0000000000
v 0.5781250000 0.0541265877 0.0000000000
v 0.5468750000 0.0541265877 0.0000000000
v 0.5390625000 0.0405949408 0.0000000000
v 0.9453125000 0.0135316469 0.0000000000
v 0.9296875000 0.0135316469 0.0000000000
v 0.9609375000 0.0405949408 0.0000000000
v 0.9531250000 0.0541265877 0.0000000000
v 0.9218750000 0.0541265877 0.0000000000
v 0.9140625000 0.0405949408 0.0000000000
v 0.8828125000 0.1217848224 0.0000000000
v 0.8671875000 0.1217848224 0.0000000000
v 0.8984375000 0.1488481163 0.0000000000
v 0.8906250000 0.1623797632 0.0000000000
v 0.8593750000 0.1623797632 0.0000000000
v 0.8515625000 0.1488481163 0.0000000000
v 0.8203125000 0.0135316469 0.0000000000
v 0.8046875000 0.0135316469 0.0000000000
v 0.8359375000 0.0405949408 0.0000000000
v 0.8281250000 0.0541265877 0.0000000000
v 0.7968750000 0.0541265877 0.0000000000
v 0.7890625000 0.0405949408 0.0000000000
v 0.8203125000 0.2300379979 0.0000000000
v 0.8046875000 0.2300379979 0.0000000000
v 0.8359375000 0.2571012917 0.0000000000
v 0.8281250000 0.2706329387 0.0000000000
v 0.7968750000 0.2706329387 0.0000000000
v 0.7890625000 0.2571012917 0.0000000000
v 0.7578125000 0.3382911734 0.0000000000
v 0.7421875000 0.3382911734 0.0000000000
v 0.7734375000 0.3653544672 0.0000000000
v 0.7656250000 0.3788861142 0.0000000000
v 0.7343750000 0.3788861142 0.0000000000
v 0.7265625000 0.3653544672 0.0000000000
v 0.6953125000 0.2300379979 0.0000000000
v 0.6796875000 0.2300379979 0.0000000000
v 0.7109375000 0.2571012917 0.0000000000
v 0.7031250000 0.2706329387 0.0000000000
v 0.6718750000 0.2706329387 0.0000000000
v 0.6640625000 0.2571012917 0.0000000000
v 0.5234375000 0.2571012917 0.0000000000
v 0.4765625000 0.2571012917 0.0000000000
v 0.4921875000 0.2300379979 0.0000000000
v 0.5078125000 0.2300379979 0.0000000000
v 0.5468750000 0.3247595264 0.0000000000
v 0.5546875000 0.3112278795 0.0000000000
v 0.5156250000 0.3247595264 0.0000000000
v 0.5390625000 0.2841645856 0.0000000000
v 0.4843750000 0.3247595264 0.0000000000
v 0.4531250000 0.3247595264 0.0000000000
v 0.4453125000 0.3112278795 0.0000000000
v 0.4609375000 0.2841645856 0.0000000000
v 0.4843750000 0.5412658774 0.0000000000
v 0.4609375000 0.5818608182 0.0000000000
v 0.4453125000 0.5547975243 0.0000000000
v 0.4531250000 0.5412658774 0.0000000000
v 0.5546875000 0.5547975243 0.0000000000
v 0.5468750000 0.5412658774 0.0000000000
v 0.5390625000 0.5818608182 0.0000000000
v 0.5156250000 0.5412658774 0.0000000000
v 0.5234375000 0.6089241120 0.0000000000
v 0.5078125000 0.6359874059 0.0000000000
v 0.4921875000 0.6359874059 0.0000000000
v 0.4765625000 0.6089241120 0.0000000000
v 0.2343750000 0.1082531755 0.0000000000
v 0.2109375000 0.1488481163 0.0000000000
v 0.1953125000 0.1217848224 0.0000000000
v 0.2031250000 0.1082531755 0.0000000000
v 0.3046875000 0.1217848224 0.0000000000
v 0.2968750000 0.1082531755 0.0000000000
v 0.2890625000 0.1488481163 0.0000000000
v 0.2656250000 0.1082531755 0.0000000000
v 0.2734375000 0.1759114101 0.0000000000
v 0.2578125000 0.2029747040 0.0000000000
v 0.2421875000 0.2029747040 0.0000000000
v 0.2265625000 0.1759114101 0.0000000000
v 0.7343750000 0.1082531755 0.0000000000
v 0.7109375000 0.1488481163 0.0000000000
v 0.6953125000 0.1217848224 0.0000000000
v 0.7031250000 0.1082531755 0.0000000000
v 0.8046875000 0.1217848224 0.0000000000
v 0.7968750000 0.1082531755 0.0000000000
v 0.7890625000 0.1488481163 0.0000000000
v 0.7656250000 0.1082531755 0.0000000000
v 0.7734375000 0.1759114101 0.0000000000
v 0.7578125000 0.2029747040 0.0000000000
v 0.7421875000 0.2029747040 0.0000000000
v 0.7265625000 0.1759114101 0.0000000000
v 0.4843750000 0.1082531755 0.0000000000
v 0.4609375000 0.1488481163 0.0000000000
v 0.4453125000 0.1217848224 0.0000000000
v 0.4531250000 0.1082531755 0.0000000000
v 0.5546875000 0.1217848224 0.0000000000
v 0.5468750000 0.1082531755 0.0000000000
v 0.5390625000 0.1488481163 0.0000000000
v 0.5156250000 0.1082531755 0.0000000000
v 0.5234375000 0.1759114101 0.0000000000
v 0.5078125000 0.2029747040 0.0000000000
v 0.4921875000 0.2029747040 0.0000000000
v 0.4765625000 0.1759114101 0.0000000000
v 0.6093750000 0.3247595264 0.0000000000
v 0.5859375000 0.3653544672 0.0000000000
v 0.5703125000 0.3382911734 0.0000000000
v 0.5781250000 0.3247595264 0.0000000000
v 0.6796875000 0.3382911734 0.0000000000
v 0.6718750000 0.3247595264 0.0000000000
v 0.6640625000 0.3653544672 0.0000000000
v 0.6406250000 0.3247595264 0.0000000000
v 0.6484375000 0.3924177611 0.0000000000
v 0.6328125000 0.4194810550 0.0000000000
v 0.6171875000 0.4194810550 0.0000000000
v 0.6015625000 0.3924177611 0.0000000000
v 0.3593750000 0.3247595264 0.0000000000
v 0.3359375000 0.3653544672 0.0000000000
v 0.3203125000 0.3382911734 0.0000000000
v 0.3281250000 0.3247595264 0.0000000000
v 0.4296875000 0.3382911734 0.0000000000
v 0.4218750000 0.3247595264 0.0000000000
v 0.4140625000 0.3653544672 0.0000000000
v 0.3906250000 0.3247595264 0.0000000000
v 0.3984375000 0.3924177611 0.0000000000
v 0.3828125000 0.4194810550 0.0000000000
v 0.3671875000 0.4194810550 0.0000000000
v 0.3515625000 0.3924177611 0.0000000000
v 0.3359375000 0.5006709366 0.0000000000
v 0.3593750000 0.5412658774 0.0000000000
v 0.3281250000 0.5412658774 0.0000000000
v 0.3203125000 0.5277342304 0.0000000000
v 0.3828125000 0.4465443488 0.0000000000
v 0.3671875000 0.4465443488 0.0000000000
v 0.3984375000 0.4736076427 0.0000000000
v 0.3515625000 0.4736076427 0.0000000000
v 0.4140625000 0.5006709366 0.0000000000
v 0.4296875000 0.5277342304 0.0000000000
v 0.4218750000 0.5412658774 0.0000000000
v 0.3906250000 0.5412658774 0.0000000000
v 0.5859375000 0.5006709366 0.0000000000
v 0.6093750000 0.5412658774 0.0000000000
v 0.5781250000 0.5412658774 0.0000000000
v 0.5703125000 0.5277342304 0.0000000000
v 0.6328125000 0.4465443488 0.0000000000
v 0.6171875000 0.4465443488 0.0000000000
v 0.6484375000 0.4736076427 0.0000000000
v 0.6015625000 0.4736076427 0.0000000000
v 0.6640625000 0.5006709366 0.0000000000
v 0.6796875000 0.5277342304 0.0000000000
v 0.6718750000 0.5412658774 0.0000000000
v 0.6406250000 0.5412658774 0.0000000000
v 0.4609375000 0.7171772875 0.0000000000
v 0.4843750000 0.7577722283 0.0000000000
v 0.4531250000 0.7577722283 0.0000000000
v 0.4453125000 0.7442405814 0.0000000000
v 0.5078125000 0.6630506998 0.0000000000
v 0.4921875000 0.6630506998 0.0000000000
v 0.5234375000 0.6901139936 0.0000000000
v 0.4765625000 0.6901139936 0.0000000000
v 0.5390625000 0.7171772875 0.0000000000
v 0.5546875000 0.7442405814 0.0000000000
v 0.5468750000 0.7577722283 0.0000000000
v 0.5156250000 0.7577722283 0.0000000000
v 0.0859375000 0.0676582347 0.0000000000
v 0.1093750000 0.1082531755 0.0000000000
v 0.0781250000 0.1082531755 0.0000000000
v 0.0703125000 0.0947215285 0.0000000000
v 0.1328125000 0.0135316469 0.0000000000
v 0.1171875000 0.0135316469 0.0000000000
v 0.1484375000 0.0405949408 0.0000000000
v 0.1015625000 0.0405949408 0.0000000000
v 0.1640625000 0.0676582347 0.0000000000
v 0.1796875000 0.0947215285 0.0000000000
v 0.1718750000 0.1082531755 0.0000000000
v 0.1406250000 0.1082531755 0.0000000000
v 0.3359375000 0.0676582347 0.0000000000
v 0.3593750000 0.1082531755 0.0000000000
v 0.3281250000 0.1082531755 0.0000000000
v 0.3203125000 0.0947215285 0.0000000000
v 0.3828125000 0.0135316469 0.0000000000
v 0.3671875000 0.0135316469 0.0000000000
v 0.3984375000 0.0405949408 0.0000000000
v 0.3515625000 0.0405949408 0.0000000000
v 0.4140625000 0.0676582347 0.0000000000
v 0.4296875000 0.0947215285 0.0000000000
v 0.4218750000 0.1082531755 0.0000000000
v 0.3906250000 0.1082531755 0.0000000000
v 0.2109375000 0.2841645856 0.0000000000
v 0.2343750000 0.3247595264 0.0000000000
v 0.2031250000 0.3247595264 0.0000000000
v 0.1953125000 0.3112278795 0.0000000000
v 0.2578125000 0.2300379979 0.0000000000
v 0.2421875000 0.2300379979 0.0000000000
v 0.2734375000 0.2571012917 0.0000000000
v 0.2265625000 0.2571012917 0.0000000000
v 0.2890625000 0.2841645856 0.0000000000
v 0.3046875000 0.3112278795 0.0000000000
v 0.2968750000 0.3247595264 0.0000000000
v 0.2656250000 0.3247595264 0.0000000000
v 0.5859375000 0.0676582347 0.0000000000
v 0.6093750000 0.1082531755 0.0000000000
v 0.5781250000 0.1082531755 0.0000000000
v 0.5703125000 0.0947215285 0.0000000000
v 0.6328125000 0.0135316469 0.0000000000
v 0.6171875000 0.0135316469 0.0000000000
v 0.6484375000 0.0405949408 0.0000000000
v 0.6015625000 0.0405949408 0.0000000000
v 0.6640625000 0.0676582347 0.0000000000
v 0.6796875000 0.0947215285 0.0000000000
v 0.6718750000 0.1082531755 0.0000000000
v 0.6406250000 0.1082531755 0.0000000000
v 0.8359375000 0.0676582347 0.0000000000
v 0.8593750000 0.1082531755 0.0000000000
v 0.8281250000 0.1082531755 0.0000000000
v 0.8203125000 0.0947215285 0.0000000000
v 0.8828125000 0.0135316469 0.0000000000
v 0.8671875000 0.0135316469 0.0000000000
v 0.8984375000 0.0405949408 0.0000000000
v 0.8515625000 0.0405949408 0.0000000000
v 0.9140625000 0.0676582347 0.0000000000
v 0.9296875000 0.0947215285 0.0000000000
v 0.9218750000 0.1082531755 0.0000000000
v 0.8906250000 0.1082531755 0.0000000000
v 0.7109375000 0.2841645856 0.0000000000
v 0.7343750000 0.3247595264 0.0000000000
v 0.7031250000 0.3247595264 0.0000000000
v 0.6953125000 0.3112278795 0.0000000000
v 0.7578125000 0.2300379979 0.0000000000
v 0.7421875000 0.2300379979 0.0000000000
v 0.7734375000 0.2571012917 0.0000000000
v 0.7265625000 0.2571012917 0.0000000000
v 0.7890625000 0.2841645856 0.0000000000
v 0.8046875000 0.3112278795 0.0000000000
v 0.7968750000 0.3247595264 0.0000000000
v 0.7656250000 0.3247595264 0.0000000000
v 0.4609375000 0.3653544672 0.0000000000
v 0.4453125000 0.3382911734 0.0000000000
v 0.5546875000 0.3382911734 0.0000000000
v 0.5390625000 0.3653544672 0.0000000000
v 0.5234375000 0.3924177611 0.0000000000
v 0.5078125000 0.4194810550 0.0000000000
v 0.4921875000 0.4194810550 0.0000000000
v 0.4765625000 0.3924177611 0.0000000000
v 0.4218750000 0.2165063509 0.0000000000
v 0.3984375000 0.2571012917 0.0000000000
v 0.3828125000 0.2300379979 0.0000000000
v 0.3906250000 0.2165063509 0.0000000000
v 0.4843750000 0.2165063509 0.0000000000
v 0.4531250000 0.2165063509 0.0000000000
v 0.4296875000 0.3112278795 0.0000000000
v 0.4140625000 0.2841645856 0.0000000000
v 0.5468750000 0.2165063509 0.0000000000
v 0.5156250000 0.2165063509 0.0000000000
v 0.6171875000 0.2300379979 0.0000000000
v 0.6093750000 0.2165063509 0.0000000000
v 0.6015625000 0.2571012917 0.0000000000
v 0.5781250000 0.2165063509 0.0000000000
v 0.5859375000 0.2841645856 0.0000000000
v 0.5703125000 0.3112278795 0.0000000000
v 0.5468750000 0.6495190528 0.0000000000
v 0.5156250000 0.6495190528 0.0000000000
v 0.5703125000 0.5547975243 0.0000000000
v 0.5859375000 0.5818608182 0.0000000000
v 0.6015625000 0.6089241120 0.0000000000
v 0.6171875000 0.6359874059 0.0000000000
v 0.6093750000 0.6495190528 0.0000000000
v 0.5781250000 0.6495190528 0.0000000000
v 0.3984375000 0.6089241120 0.0000000000
v 0.4218750000 0.6495190528 0.0000000000
v 0.3906250000 0.6495190528 0.0000000000
v 0.3828125000 0.6359874059 0.0000000000
v 0.4296875000 0.5547975243 0.0000000000
v 0.4140625000 0.5818608182 0.0000000000
v 0.4843750000 0.6495190528 0.0000000000
v 0.4531250000 0.6495190528 0.0000000000
v 0.4609375000 0.5006709366 0.0000000000
v 0.4453125000 0.5277342304 0.0000000000
v 0.5078125000 0.4465443488 0.0000000000
v 0.4921875000 0.4465443488 0.0000000000
v 0.5234375000 0.4736076427 0.0000000000
v 0.4765625000 0.4736076427 0.0000000000
v 0.5390625000 0.5006709366 0.0000000000
v 0.5546875000 0.5277342304 0.0000000000
v 0.2968750000 0.2165063509 0.0000000000
v 0.2656250000 0.2165063509 0.0000000000
v 0.3203125000 0.1217848224 0.0000000000
v 0.3359375000 0.1488481163 0.0000000000
v 0.3515625000 0.1759114101 0.0000000000
v 0.3671875000 0.2029747040 0.0000000000
v 0.3593750000 0.2165063509 0.0000000000
v 0.3281250000 0.2165063509 0.0000000000
v 0.1484375000 0.1759114101 0.0000000000
v 0.1718750000 0.2165063509 0.0000000000
v 0.1406250000 0.2165063509 0.0000000000
v 0.1328125000 0.2029747040 0.0000000000
v 0.1796875000 0.1217848224 0.0000000000
v 0.1640625000 0.1488481163 0.0000000000
v 0.2343750000 0.2165063509 0.0000000000
v 0.2031250000 0.2165063509 0.0000000000
v 0.2109375000 0.0676582347 0.0000000000
v 0.1953125000 0.0947215285 0.0000000000
v 0.2578125000 0.0135316469 0.0000000000
v 0.2421875000 0.0135316469 0.0000000000
v 0.2734375000 0.0405949408 0.0000000000
v 0.2265625000 0.0405949408 0.0000000000
v 0.2890625000 0.0676582347 0.0000000000
v 0.3046875000 0.0947215285 0.0000000000
v 0.7968750000 0.2165063509 0.0000000000
v 0.7656250000 0.2165063509 0.0000000000
v 0.8203125000 0.1217848224 0.0000000000
v 0.8359375000 0.1488481163 0.0000000000
v 0.8515625000 0.1759114101 0.0000000000
v 0.8671875000 0.2029747040 0.0000000000
v 0.8593750000 0.2165063509 0.0000000000
v 0.8281250000 0.2165063509 0.0000000000
v 0.6484375000 0.1759114101 0.0000000000
v 0.6718750000 0.2165063509 0.0000000000
v 0.6406250000 0.2165063509 0.0000000000
v 0.6328125000 0.2029747040 0.0000000000
v 0.6796875000 0.1217848224 0.0000000000
v 0.6640625000 0.1488481163 0.0000000000
v 0.7343750000 0.2165063509 0.0000000000
v 0.7031250000 0.2165063509 0.0000000000
v 0.7109375000 0.0676582347 0.0000000000
v 0.6953125000 0.0947215285 0.0000000000
v 0.7578125000 0.0135316469 0.0000000000
v 0.7421875000 0.0135316469 0.0000000000
v 0.7734375000 0.0405949408 0.0000000000
v 0.7265625000 0.0405949408 0.0000000000
v 0.7890625000 0.0676582347 0.0000000000
v 0.8046875000 0.0947215285 0.0000000000
v 0.5703125000 0.1217848224 0.0000000000
v 0.5859375000 0.1488481163 0.0000000000
v 0.6015625000 0.1759114101 0.0000000000
v 0.6171875000 0.2029747040 0.0000000000
v 0.3984375000 0.1759114101 0.0000000000
v 0.3828125000 0.2029747040 0.0000000000
v 0.4296875000 0.1217848224 0.0000000000
v 0.4140625000 0.1488481163 0.0000000000
v 0.4609375000 0.0676582347 0.0000000000
v 0.4453125000 0.0947215285 0.0000000000
v 0.5078125000 0.0135316469 0.0000000000
v 0.4921875000 0.0135316469 0.0000000000
v 0.5234375000 0.0405949408 0.0000000000
v 0.4765625000 0.0405949408 0.0000000000
v 0.5390625000 0.0676582347 0.0000000000
v 0.5546875000 0.0947215285 0.0000000000
v 0.6718750000 0.4330127019 0.0000000000
v 0.6406250000 0.4330127019 0.0000000000
v 0.6953125000 0.3382911734 0.0000000000
v 0.7109375000 0.3653544672 0.0000000000
v 0.7265625000 0.3924177611 0.0000000000
v 0.7421875000 0.4194810550 0.0000000000
v 0.7343750000 0.4330127019 0.0000000000
v 0.7031250000 0.4330127019 0.0000000000
v 0.5468750000 0.4330127019 0.0000000000
v 0.5156250000 0.4330127019 0.0000000000
v 0.6093750000 0.4330127019 0.0000000000
v 0.5781250000 0.4330127019 0.0000000000
v 0.6328125000 0.2300379979 0.0000000000
v 0.6484375000 0.2571012917 0.0000000000
v 0.6640625000 0.2841645856 0.0000000000
v 0.6796875000 0.3112278795 0.0000000000
v 0.4218750000 0.4330127019 0.0000000000
v 0.3906250000 0.4330127019 0.0000000000
v 0.4843750000 0.4330127019 0.0000000000
v 0.4531250000 0.4330127019 0.0000000000
v 0.2734375000 0.3924177611 0.0000000000
v 0.2968750000 0.4330127019 0.0000000000
v 0.2656250000 0.4330127019 0.0000000000
v 0.2578125000 0.4194810550 0.0000000000
v 0.3046875000 0.3382911734 0.0000000000
v 0.2890625000 0.3653544672 0.0000000000
v 0.3593750000 0.4330127019 0.0000000000
v 0.3281250000 0.4330127019 0.0000000000
v 0.3359375000 0.2841645856 0.0000000000
v 0.3203125000 0.3112278795 0.0000000000
v 0.3671875000 0.2300379979 0.0000000000
v 0.3515625000 0.2571012917 0.0000000000
v 0.3515625000 0.6089241120 0.0000000000
v 0.3671875000 0.6359874059 0.0000000000
v 0.3203125000 0.5547975243 0.0000000000
v 0.3359375000 0.5818608182 0.0000000000
v 0.2890625000 0.5006709366 0.0000000000
v 0.3046875000 0.5277342304 0.0000000000
v 0.2578125000 0.4465443488 0.0000000000
v 0.2734375000 0.4736076427 0.0000000000
v 0.7109375000 0.5006709366 0.0000000000
v 0.6953125000 0.5277342304 0.0000000000
v 0.7421875000 0.4465443488 0.0000000000
v 0.7265625000 0.4736076427 0.0000000000
v 0.6484375000 0.6089241120 0.0000000000
v 0.6328125000 0.6359874059 0.0000000000
v 0.6796875000 0.5547975243 0.0000000000
v 0.6640625000 0.5818608182 0.0000000000
v 0.5859375000 0.7171772875 0.0000000000
v 0.5703125000 0.7442405814 0.0000000000
v 0.6171875000 0.6630506998 0.0000000000
v 0.6015625000 0.6901139936 0.0000000000
v 0.4765625000 0.8254304630 0.0000000000
v 0.5234375000 0.8254304630 0.0000000000
v 0.5078125000 0.8524937569 0.0000000000
v 0.4921875000 0.8524937569 0.0000000000
v 0.4453125000 0.7713038752 0.0000000000
v 0.4609375000 0.7983671691 0.0000000000
v 0.5546875000 0.7713038752 0.0000000000
v 0.5390625000 0.7983671691 0.0000000000
v 0.4140625000 0.7171772875 0.0000000000
v 0.4296875000 0.7442405814 0.0000000000
v 0.3828125000 0.6630506998 0.0000000000
v 0.3984375000 0.6901139936 0.0000000000
v 0.1406250000 0.0000000000 0.0000000000
v 0.1718750000 0.0000000000 0.0000000000
v 0.2031250000 0.0000000000 0.0000000000
v 0.2343750000 0.0000000000 0.0000000000
v 0.1015625000 0.1759114101 0.0000000000
v 0.1171875000 0.2029747040 0.0000000000
v 0.0703125000 0.1217848224 0.0000000000
v 0.0859375000 0.1488481163 0.0000000000
v 0.0390625000 0.0676582347 0.0000000000
v 0.0546875000 0.0947215285 0.0000000000
v 0.0156250000 0.0000000000 0.0000000000
v 0.0078125000 0.0135316469 0.0000000000
v 0.0468750000 0.0000000000 0.0000000000
v 0.0234375000 0.0405949408 0.0000000000
v 0.0781250000 0.0000000000 0.0000000000
v 0.1093750000 0.0000000000 0.0000000000
v 0.3906250000 0.0000000000 0.0000000000
v 0.4218750000 0.0000000000 0.0000000000
v 0.4531250000 0.0000000000 0.0000000000
v 0.4843750000 0.0000000000 0.0000000000
v 0.2656250000 0.0000000000 0.0000000000
v 0.2968750000 0.0000000000 0.0000000000
v 0.3281250000 0.0000000000 0.0000000000
v 0.3593750000 0.0000000000 0.0000000000
v 0.2265625000 0.3924177611 0.0000000000
v 0.2421875000 0.4194810550 0.0000000000
v 0.1953125000 0.3382911734 0.0000000000
v 0.2109375000 0.3653544672 0.0000000000
v 0.1640625000 0.2841645856 0.0000000000
v 0.1796875000 0.3112278795 0.0000000000
v 0.1328125000 0.2300379979 0.0000000000
v 0.1484375000 0.2571012917 0.0000000000
v 0.6406250000 0.0000000000 0.0000000000
v 0.6718750000 0.0000000000 0.0000000000
v 0.7031250000 0.0000000000 0.0000000000
v 0.7343750000 0.0000000000 0.0000000000
v 0.5156250000 0.0000000000 0.0000000000
v 0.5468750000 0.0000000000 0.0000000000
v 0.5781250000 0.0000000000 0.0000000000
v 0.6093750000 0.0000000000 0.0000000000
v 0.9609375000 0.0676582347 0.0000000000
v 0.9453125000 0.0947215285 0.0000000000
v 0.8906250000 0.0000000000 0.0000000000
v 0.9218750000 0.0000000000 0.0000000000
v 0.9531250000 0.0000000000 0.0000000000
v 0.9843750000 0.0000000000 0.0000000000
v 0.9921875000 0.0135316469 0.0000000000
v 0.9765625000 0.0405949408 0.0000000000
v 0.8984375000 0.1759114101 0.0000000000
v 0.8828125000 0.2029747040 0.0000000000
v 0.9296875000 0.1217848224 0.0000000000
v 0.9140625000 0.1488481163 0.0000000000
v 0.7656250000 0.0000000000 0.0000000000
v 0.7968750000 0.0000000000 0.0000000000
v 0.8281250000 0.0000000000 0.0000000000
v 0.8593750000 0.0000000000 0.0000000000
v 0.8359375000 0.2841645856 0.0000000000
v 0.8203125000 0.3112278795 0.0000000000
v 0.8671875000 0.2300379979 0.0000000000
v 0.8515625000 0.2571012917 0.0000000000
v 0.7734375000 0.3924177611 0.0000000000
v 0.7578125000 0.4194810550 0.0000000000
v 0.8046875000 0.3382911734 0.0000000000
v 0.7890625000 0.3653544672 0.0000000000
v 0.5039062500 0.2909304091 0.0000000000
v 0.4960937500 0.2909304091 0.0000000000
v 0.5000000000 0.2841645856 0.0000000000
v 0.5039062500 0.5750949947 0.0000000000
v 0.5000000000 0.5818608182 0.0000000000
v 0.4960937500 0.5750949947 0.0000000000
v 0.2539062500 0.1420822928 0.0000000000
v 0.2500000000 0.1488481163 0.0000000000
v 0.2460937500 0.1420822928 0.0000000000
v 0.7539062500 0.1420822928 0.0000000000
v 0.7500000000 0.1488481163 0.0000000000
v 0.7460937500 0.1420822928 0.0000000000
v 0.5039062500 0.1420822928 0.0000000000
v 0.5000000000 0.1488481163 0.0000000000
v 0.4960937500 0.1420822928 0.0000000000
v 0.6289062500 0.3585886438 0.0000000000
v 0.6250000000 0.3653544672 0.0000000000
v 0.6210937500 0.3585886438 0.0000000000
v 0.3789062500 0.3585886438 0.0000000000
v 0.3750000000 0.3653544672 0.0000000000
v 0.3710937500 0.3585886438 0.0000000000
v 0.3750000000 0.5006709366 0.0000000000
v 0.3789062500 0.5074367600 0.0000000000
v 0.3710937500 0.5074367600 0.0000000000
v 0.6250000000 0.5006709366 0.0000000000
v 0.6289062500 0.5074367600 0.0000000000
v 0.6210937500 0.5074367600 0.0000000000
v 0.5000000000 0.7171772875 0.0000000000
v 0.5039062500 0.7239431110 0.0000000000
v 0.4960937500 0.7239431110 0.0000000000
v 0.1250000000 0.0676582347 0.0000000000
v 0.1289062500 0.0744240581 0.0000000000
v 0.1210937500 0.0744240581 0.0000000000
v 0.3750000000 0.0676582347 0.0000000000
v 0.3789062500 0.0744240581 0.0000000000
v 0.3710937500 0.0744240581 0.0000000000
v 0.2500000000 0.2841645856 0.0000000000
v 0.2539062500 0.2909304091 0.0000000000
v 0.2460937500 0.2909304091 0.0000000000
v 0.6250000000 0.0676582347 0.0000000000
v 0.6289062500 0.0744240581 0.0000000000
v 0.6210937500 0.0744240581 0.0000000000
v 0.8750000000 0.0676582347 0.0000000000
v 0.8789062500 0.0744240581 0.0000000000
v 0.8710937500 0.0744240581 0.0000000000
v 0.7500000000 0.2841645856 0.0000000000
v 0.7539062500 0.2909304091 0.0000000000
v 0.7460937500 0.2909304091 0.0000000000
v 0.5039062500 0.3585886438 0.0000000000
v 0.5000000000 0.3653544672 0.0000000000
v 0.4960937500 0.3585886438 0.0000000000
v 0.4414062500 0.2503354683 0.0000000000
v 0.4375000000 0.2571012917 0.0000000000
v 0.4335937500 0.2503354683 0.0000000000
v 0.5664062500 0.2503354683 0.0000000000
v 0.5625000000 0.2571012917 0.0000000000
v 0.5585937500 0.2503354683 0.0000000000
v 0.5625000000 0.6089241120 0.0000000000
v 0.5664062500 0.6156899355 0.0000000000
v 0.5585937500 0.6156899355 0.0000000000
v 0.4375000000 0.6089241120 0.0000000000
v 0.4414062500 0.6156899355 0.0000000000
v 0.4335937500 0.6156899355 0.0000000000
v 0.5000000000 0.5006709366 0.0000000000
v 0.5039062500 0.5074367600 0.0000000000
v 0.4960937500 0.5074367600 0.0000000000
v 0.3125000000 0.1759114101 0.0000000000
v 0.3164062500 0.1826772336 0.0000000000
v 0.3085937500 0.1826772336 0.0000000000
v 0.1875000000 0.1759114101 0.0000000000
v 0.1914062500 0.1826772336 0.0000000000
v 0.1835937500 0.1826772336 0.0000000000
v 0.2500000000 0.0676582347 0.0000000000
v 0.2539062500 0.0744240581 0.0000000000
v 0.2460937500 0.0744240581 0.0000000000
v 0.8125000000 0.1759114101 0.0000000000
v 0.8164062500 0.1826772336 0.0000000000
v 0.8085937500 0.1826772336 0.0000000000
v 0.6875000000 0.1759114101 0.0000000000
v 0.6914062500 0.1826772336 0.0000000000
v 0.6835937500 0.1826772336 0.0000000000
v 0.7500000000 0.0676582347 0.0000000000
v 0.7539062500 0.0744240581 0.0000000000
v 0.7460937500 0.0744240581 0.0000000000
v 0.5625000000 0.1759114101 0.0000000000
v 0.5664062500 0.1826772336 0.0000000000
v 0.5585937500 0.1826772336 0.0000000000
v 0.4375000000 0.1759114101 0.0000000000
v 0.4414062500 0.1826772336 0.0000000000
v 0.4335937500 0.1826772336 0.0000000000
v 0.5000000000 0.0676582347 0.0000000000
v 0.5039062500 0.0744240581 0.0000000000
v 0.4960937500 0.0744240581 0.0000000000
v 0.6875000000 0.3924177611 0.0000000000
v 0.6914062500 0.3991835846 0.0000000000
v 0.6835937500 0.3991835846 0.0000000000
v 0.5625000000 0.3924177611 0.0000000000
v 0.5664062500 0.3991835846 0.0000000000
v 0.5585937500 0.3991835846 0.0000000000
v 0.6250000000 0.2841645856 0.0000000000
v 0.6289062500 0.2909304091 0.0000000000
v 0.6210937500 0.2909304091 0.0000000000
v 0.4375000000 0.3924177611 0.0000000000
v 0.4414062500 0.3991835846 0.0000000000
v 0.4335937500 0.3991835846 0.0000000000
v 0.3125000000 0.3924177611 0.0000000000
v 0.3164062500 0.3991835846 0.0000000000
v 0.3085937500 0.3991835846 0.0000000000
v 0.3750000000 0.2841645856 0.0000000000
v 0.3789062500 0.2909304091 0.0000000000
v 0.3710937500 0.2909304091 0.0000000000
v 0.4335937500 0.4668418192 0.0000000000
v 0.4414062500 0.4668418192 0.0000000000
v 0.4375000000 0.4736076427 0.0000000000
v 0.3710937500 0.5750949947 0.0000000000
v 0.3789062500 0.5750949947 0.0000000000
v 0.3750000000 0.5818608182 0.0000000000
v 0.3085937500 0.4668418192 0.0000000000
v 0.3164062500 0.4668418192 0.0000000000
v 0.3125000000 0.4736076427 0.0000000000
v 0.6835937500 0.4668418192 0.0000000000
v 0.6914062500 0.4668418192 0.0000000000
v 0.6875000000 0.4736076427 0.0000000000
v 0.6210937500 0.5750949947 0.0000000000
v 0.6289062500 0.5750949947 0.0000000000
v 0.6250000000 0.5818608182 0.0000000000
v 0.5585937500 0.4668418192 0.0000000000
v 0.5664062500 0.4668418192 0.0000000000
v 0.5625000000 0.4736076427 0.0000000000
v 0.5585937500 0.6833481702 0.0000000000
v 0.5664062500 0.6833481702 0.0000000000
v 0.5625000000 0.6901139936 0.0000000000
v 0.4960937500 0.7916013456 0.0000000000
v 0.5039062500 0.7916013456 0.0000000000
v 0.5000000000 0.7983671691 0.0000000000
v 0.4335937500 0.6833481702 0.0000000000
v 0.4414062500 0.6833481702 0.0000000000
v 0.4375000000 0.6901139936 0.0000000000
v 0.1835937500 0.0338291173 0.0000000000
v 0.1914062500 0.0338291173 0.0000000000
v 0.1875000000 0.0405949408 0.0000000000
v 0.1210937500 0.1420822928 0.0000000000
v 0.1289062500 0.1420822928 0.0000000000
v 0.1250000000 0.1488481163 0.0000000000
v 0.0585937500 0.0338291173 0.0000000000
v 0.0664062500 0.0338291173 0.0000000000
v 0.0625000000 0.0405949408 0.0000000000
v 0.4335937500 0.0338291173 0.0000000000
v 0.4414062500 0.0338291173 0.0000000000
v 0.4375000000 0.0405949408 0.0000000000
v 0.3710937500 0.1420822928 0.0000000000
v 0.3789062500 0.1420822928 0.0000000000
v 0.3750000000 0.1488481163 0.0000000000
v 0.3085937500 0.0338291173 0.0000000000
v 0.3164062500 0.0338291173 0.0000000000
v 0.3125000000 0.0405949408 0.0000000000
v 0.3085937500 0.2503354683 0.0000000000
v 0.3164062500 0.2503354683 0.0000000000
v 0.3125000000 0.2571012917 0.0000000000
v 0.2460937500 0.3585886438 0.0000000000
v 0.2539062500 0.3585886438 0.0000000000
v 0.2500000000 0.3653544672 0.0000000000
v 0.1835937500 0.2503354683 0.0000000000
v 0.1914062500 0.2503354683 0.0000000000
v 0.1875000000 0.2571012917 0.0000000000
v 0.6835937500 0.0338291173 0.0000000000
v 0.6914062500 0.0338291173 0.0000000000
v 0.6875000000 0.0405949408 0.0000000000
v 0.6210937500 0.1420822928 0.0000000000
v 0.6289062500 0.1420822928 0.0000000000
v 0.6250000000 0.1488481163 0.0000000000
v 0.5585937500 0.0338291173 0.0000000000
v 0.5664062500 0.0338291173 0.0000000000
v 0.5625000000 0.0405949408 0.0000000000
v 0.9335937500 0.0338291173 0.0000000000
v 0.9414062500 0.0338291173 0.0000000000
v 0.9375000000 0.0405949408 0.0000000000
v 0.8710937500 0.1420822928 0.0000000000
v 0.8789062500 0.1420822928 0.0000000000
v 0.8750000000 0.1488481163 0.0000000000
v 0.8085937500 0.0338291173 0.0000000000
v 0.8164062500 0.0338291173 0.0000000000
v 0.8125000000 0.0405949408 0.0000000000
v 0.8085937500 0.2503354683 0.0000000000
v 0.8164062500 0.2503354683 0.0000000000
v 0.8125000000 0.2571012917 0.0000000000
v 0.7460937500 0.3585886438 0.0000000000
v 0.7539062500 0.3585886438 0.0000000000
v 0.7500000000 0.3653544672 0.0000000000
v 0.6835937500 0.2503354683 0.0000000000
v 0.6914062500 0.2503354683 0.0000000000
v 0.6875000000 0.2571012917 0.0000000000
v 0.5039062500 0.2503354683 0.0000000000
v 0.5000000000 0.2571012917 0.0000000000
v 0.4960937500 0.2503354683 0.0000000000
v 0.5351562500 0.3044620560 0.0000000000
v 0.5312500000 0.3112278795 0.0000000000
v 0.5273437500 0.3044620560 0.0000000000
v 0.4726562500 0.3044620560 0.0000000000
v 0.4687500000 0.3112278795 0.0000000000
v 0.4648437500 0.3044620560 0.0000000000
v 0.4687500000 0.5547975243 0.0000000000
v 0.4726562500 0.5615633478 0.0000000000
v 0.4648437500 0.5615633478 0.0000000000
v 0.5312500000 0.5547975243 0.0000000000
v 0.5351562500 0.5615633478 0.0000000000
v 0.5273437500 0.5615633478 0.0000000000
v 0.5000000000 0.6089241120 0.0000000000
v 0.5039062500 0.6156899355 0.0000000000
v 0.4960937500 0.6156899355 0.0000000000
v 0.2187500000 0.1217848224 0.0000000000
v 0.2226562500 0.1285506459 0.0000000000
v 0.2148437500 0.1285506459 0.0000000000
v 0.2812500000 0.1217848224 0.0000000000
v 0.2851562500 0.1285506459 0.0000000000
v 0.2773437500 0.1285506459 0.0000000000
v 0.2500000000 0.1759114101 0.0000000000
v 0.2539062500 0.1826772336 0.0000000000
v 0.2460937500 0.1826772336 0.0000000000
v 0.7187500000 0.1217848224 0.0000000000
v 0.7226562500 0.1285506459 0.0000000000
v 0.7148437500 0.1285506459 0.0000000000
v 0.7812500000 0.1217848224 0.0000000000
v 0.7851562500 0.1285506459 0.0000000000
v 0.7773437500 0.1285506459 0.0000000000
v 0.7500000000 0.1759114101 0.0000000000
v 0.7539062500 0.1826772336 0.0000000000
v 0.7460937500 0.1826772336 0.0000000000
v 0.4687500000 0.1217848224 0.0000000000
v 0.4726562500 0.1285506459 0.0000000000
v 0.4648437500 0.1285506459 0.0000000000
v 0.5312500000 0.1217848224 0.0000000000
v 0.5351562500 0.1285506459 0.0000000000
v 0.5273437500 0.1285506459 0.0000000000
v 0.5000000000 0.1759114101 0.0000000000
v 0.5039062500 0.1826772336 0.0000000000
v 0.4960937500 0.1826772336 0.0000000000
v 0.5937500000 0.3382911734 0.0000000000
v 0.5976562500 0.3450569968 0.0000000000
v 0.5898437500 0.3450569968 0.0000000000
v 0.6562500000 0.3382911734 0.0000000000
v 0.6601562500 0.3450569968 0.0000000000
v 0.6523437500 0.3450569968 0.0000000000
v 0.6250000000 0.3924177611 0.0000000000
v 0.6289062500 0.3991835846 0.0000000000
v 0.6210937500 0.3991835846 0.0000000000
v 0.3437500000 0.3382911734 0.0000000000
v 0.3476562500 0.3450569968 0.0000000000
v 0.3398437500 0.3450569968 0.0000000000
v 0.4062500000 0.3382911734 0.0000000000
v 0.4101562500 0.3450569968 0.0000000000
v 0.4023437500 0.3450569968 0.0000000000
v 0.3750000000 0.3924177611 0.0000000000
v 0.3789062500 0.3991835846 0.0000000000
v 0.3710937500 0.3991835846 0.0000000000
v 0.3398437500 0.5209684070 0.0000000000
v 0.3476562500 0.5209684070 0.0000000000
v 0.3437500000 0.5277342304 0.0000000000
v 0.3710937500 0.4668418192 0.0000000000
v 0.3789062500 0.4668418192 0.0000000000
v 0.3750000000 0.4736076427 0.0000000000
v 0.4023437500 0.5209684070 0.0000000000
v 0.4101562500 0.5209684070 0.0000000000
v 0.4062500000 0.5277342304 0.0000000000
v 0.5898437500 0.5209684070 0.0000000000
v 0.5976562500 0.5209684070 0.0000000000
v 0.5937500000 0.5277342304 0.0000000000
v 0.6210937500 0.4668418192 0.0000000000
v 0.6289062500 0.4668418192 0.0000000000
v 0.6250000000 0.4736076427 0.0000000000
v 0.6523437500 0.5209684070 0.0000000000
v 0.6601562500 0.5209684070 0.0000000000
v 0.6562500000 0.5277342304 0.0000000000
v 0.4648437500 0.7374747579 0.0000000000
v 0.4726562500 0.7374747579 0.0000000000
v 0.4687500000 0.7442405814 0.0000000000
v 0.4960937500 0.6833481702 0.0000000000
v 0.5039062500 0.6833481702 0.0000000000
v 0.5000000000 0.6901139936 0.0000000000
v 0.5273437500 0.7374747579 0.0000000000
v 0.5351562500 0.7374747579 0.0000000000
v 0.5312500000 0.7442405814 0.0000000000
v 0.0898437500 0.0879557051 0.0000000000
v 0.0976562500 0.0879557051 0.0000000000
v 0.0937500000 0.0947215285 0.0000000000
v 0.1210937500 0.0338291173 0.0000000000
v 0.1289062500 0.0338291173 0.0000000000
v 0.1250000000 0.0405949408 0.0000000000
v 0.1523437500 0.0879557051 0.0000000000
v 0.1601562500 0.0879557051 0.0000000000
v 0.1562500000 0.0947215285 0.0000000000
v 0.3398437500 0.0879557051 0.0000000000
v 0.3476562500 0.0879557051 0.0000000000
v 0.3437500000 0.0947215285 0.0000000000
v 0.3710937500 0.0338291173 0.0000000000
v 0.3789062500 0.0338291173 0.0000000000
v 0.3750000000 0.0405949408 0.0000000000
v 0.4023437500 0.0879557051 0.0000000000
v 0.4101562500 0.0879557051 0.0000000000
v 0.4062500000 0.0947215285 0.0000000000
v 0.2148437500 0.3044620560 0.0000000000
v 0.2226562500 0.3044620560 0.0000000000
v 0.2187500000 0.3112278795 0.0000000000
v 0.2460937500 0.2503354683 0.0000000000
v 0.2539062500 0.2503354683 0.0000000000
v 0.2500000000 0.2571012917 0.0000000000
v 0.2773437500 0.3044620560 0.0000000000
v 0.2851562500 0.3044620560 0.0000000000
v 0.2812500000 0.3112278795 0.0000000000
v 0.5898437500 0.0879557051 0.0000000000
v 0.5976562500 0.0879557051 0.0000000000
v 0.5937500000 0.0947215285 0.0000000000
v 0.6210937500 0.0338291173 0.0000000000
v 0.6289062500 0.0338291173 0.0000000000
v 0.6250000000 0.0405949408 0.0000000000
v 0.6523437500 0.0879557051 0.0000000000
v 0.6601562500 0.0879557051 0.0000000000
v 0.6562500000 0.0947215285 0.0000000000
v 0.8398437500 0.0879557051 0.0000000000
v 0.8476562500 0.0879557051 0.0000000000
v 0.8437500000 0.0947215285 0.0000000000
v 0.8710937500 0.0338291173 0.0000000000
v 0.8789062500 0.0338291173 0.0000000000
v 0.8750000000 0.0405949408 0.0000000000
v 0.9023437500 0.0879557051 0.0000000000
v 0.9101562500 0.0879557051 0.0000000000
v 0.9062500000 0.0947215285 0.0000000000
v 0.7148437500 0.3044620560 0.0000000000
v 0.7226562500 0.3044620560 0.0000000000
v 0.7187500000 0.3112278795 0.0000000000
v 0.7460937500 0.2503354683 0.0000000000
v 0.7539062500 0.2503354683 0.0000000000
v 0.7500000000 0.2571012917 0.0000000000
v 0.7773437500 0.3044620560 0.0000000000
v 0.7851562500 0.3044620560 0.0000000000
v 0.7812500000 0.3112278795 0.0000000000
v 0.4687500000 0.3382911734 0.0000000000
v 0.4726562500 0.3450569968 0.0000000000
v 0.4648437500 0.3450569968 0.0000000000
v 0.5312500000 0.3382911734 0.0000000000
v 0.5351562500 0.3450569968 0.0000000000
v 0.5273437500 0.3450569968 0.0000000000
v 0.5000000000 0.3924177611 0.0000000000
v 0.5039062500 0.3991835846 0.0000000000
v 0.4960937500 0.3991835846 0.0000000000
v 0.4062500000 0.2300379979 0.0000000000
v 0.4101562500 0.2368038213 0.0000000000
v 0.4023437500 0.2368038213 0.0000000000
v 0.4687500000 0.2300379979 0.0000000000
v 0.4726562500 0.2368038213 0.0000000000
v 0.4648437500 0.2368038213 0.0000000000
v 0.4375000000 0.2841645856 0.0000000000
v 0.4414062500 0.2909304091 0.0000000000
v 0.4335937500 0.2909304091 0.0000000000
v 0.5312500000 0.2300379979 0.0000000000
v 0.5351562500 0.2368038213 0.0000000000
v 0.5273437500 0.2368038213 0.0000000000
v 0.5937500000 0.2300379979 0.0000000000
v 0.5976562500 0.2368038213 0.0000000000
v 0.5898437500 0.2368038213 0.0000000000
v 0.5625000000 0.2841645856 0.0000000000
v 0.5664062500 0.2909304091 0.0000000000
v 0.5585937500 0.2909304091 0.0000000000
v 0.5273437500 0.6292215824 0.0000000000
v 0.5351562500 0.6292215824 0.0000000000
v 0.5312500000 0.6359874059 0.0000000000
v 0.5585937500 0.5750949947 0.0000000000
v 0.5664062500 0.5750949947 0.0000000000
v 0.5625000000 0.5818608182 0.0000000000
v 0.5898437500 0.6292215824 0.0000000000
v 0.5976562500 0.6292215824 0.0000000000
v 0.5937500000 0.6359874059 0.0000000000
v 0.4023437500 0.6292215824 0.0000000000
v 0.4101562500 0.6292215824 0.0000000000
v 0.4062500000 0.6359874059 0.0000000000
v 0.4335937500 0.5750949947 0.0000000000
v 0.4414062500 0.5750949947 0.0000000000
v 0.4375000000 0.5818608182 0.0000000000
v 0.4648437500 0.6292215824 0.0000000000
v 0.4726562500 0.6292215824 0.0000000000
v 0.4687500000 0.6359874059 0.0000000000
v 0.4648437500 0.5209684070 0.0000000000
v 0.4726562500 0.5209684070 0.0000000000
v 0.4687500000 0.5277342304 0.0000000000
v 0.4960937500 0.4668418192 0.0000000000
v 0.5039062500 0.4668418192 0.0000000000
v 0.5000000000 0.4736076427 0.0000000000
v 0.5273437500 0.5209684070 0.0000000000
v 0.5351562500 0.5209684070 0.0000000000
v 0.5312500000 0.5277342304 0.0000000000
v 0.2773437500 0.1962088805 0.0000000000
v 0.2851562500 0.1962088805 0.0000000000
v 0.2812500000 0.2029747040 0.0000000000
v 0.3085937500 0.1420822928 0.0000000000
v 0.3164062500 0.1420822928 0.0000000000
v 0.3125000000 0.1488481163 0.0000000000
v 0.3398437500 0.1962088805 0.0000000000
v 0.3476562500 0.1962088805 0.0000000000
v 0.3437500000 0.2029747040 0.0000000000
v 0.1523437500 0.1962088805 0.0000000000
v 0.1601562500 0.1962088805 0.0000000000
v 0.1562500000 0.2029747040 0.0000000000
v 0.1835937500 0.1420822928 0.0000000000
v 0.1914062500 0.1420822928 0.0000000000
v 0.1875000000 0.1488481163 0.0000000000
v 0.2148437500 0.1962088805 0.0000000000
v 0.2226562500 0.1962088805 0.0000000000
v 0.2187500000 0.2029747040 0.0000000000
v 0.2148437500 0.0879557051 0.0000000000
v 0.2226562500 0.0879557051 0.0000000000
v 0.2187500000 0.0947215285 0.0000000000
v 0.2460937500 0.0338291173 0.0000000000
v 0.2539062500 0.0338291173 0.0000000000
v 0.2500000000 0.0405949408 0.0000000000
v 0.2773437500 0.0879557051 0.0000000000
v 0.2851562500 0.0879557051 0.0000000000
v 0.2812500000 0.0947215285 0.0000000000
v 0.7773437500 0.1962088805 0.0000000000
v 0.7851562500 0.1962088805 0.0000000000
v 0.7812500000 0.2029747040 0.0000000000
v 0.8085937500 0.1420822928 0.0000000000
v 0.8164062500 0.1420822928 0.0000000000
v 0.8125000000 0.1488481163 0.0000000000
v 0.8398437500 0.1962088805 0.0000000000
v 0.8476562500 0.1962088805 0.0000000000
v 0.8437500000 0.2029747040 0.0000000000
v 0.6523437500 0.1962088805 0.0000000000
v 0.6601562500 0.1962088805 0.0000000000
v 0.6562500000 0.2029747040 0.0000000000
v 0.6835937500 0.1420822928 0.0000000000
v 0.6914062500 0.1420822928 0.0000000000
v 0.6875000000 0.1488481163 0.0000000000
v 0.7148437500 0.1962088805 0.0000000000
v 0.7226562500 0.1962088805 0.0000000000
v 0.7187500000 0.2029747040 0.0000000000
v 0.7148437500 0.0879557051 0.0000000000
v 0.7226562500 0.0879557051 0.0000000000
v 0.7187500000 0.0947215285 0.0000000000
v 0.7460937500 0.0338291173 0.0000000000
v 0.7539062500 0.0338291173 0.0000000000
v 0.7500000000 0.0405949408 0.0000000000
v 0.7773437500 0.0879557051 0.0000000000
v 0.7851562500 0.0879557051 0.0000000000
v 0.7812500000 0.0947215285 0.0000000000
v 0.5273437500 0.1962088805 0.0000000000
v 0.5351562500 0.1962088805 0.0000000000
v 0.5312500000 0.2029747040 0.0000000000
v 0.5585937500 0.1420822928 0.0000000000
v 0.5664062500 0.1420822928 0.0000000000
v 0.5625000000 0.1488481163 0.0000000000
v 0.5898437500 0.1962088805 0.0000000000
v 0.5976562500 0.1962088805 0.0000000000
v 0.5937500000 0.2029747040 0.0000000000
v 0.4023437500 0.1962088805 0.0000000000
v 0.4101562500 0.1962088805 0.0000000000
v 0.4062500000 0.2029747040 0.0000000000
v 0.4335937500 0.1420822928 0.0000000000
v 0.4414062500 0.1420822928 0.0000000000
v 0.4375000000 0.1488481163 0.0000000000
v 0.4648437500 0.1962088805 0.0000000000
v 0.4726562500 0.1962088805 0.0000000000
v 0.4687500000 0.2029747040 0.0000000000
v 0.4648437500 0.0879557051 0.0000000000
v 0.4726562500 0.0879557051 0.0000000000
v 0.4687500000 0.0947215285 0.0000000000
v 0.4960937500 0.0338291173 0.0000000000
v 0.5039062500 0.0338291173 0.0000000000
v 0.5000000000 0.0405949408 0.0000000000
v 0.5273437500 0.0879557051 0.0000000000
v 0.5351562500 0.0879557051 0.0000000000
v 0.5312500000 0.0947215285 0.0000000000
v 0.6523437500 0.4127152315 0.0000000000
v 0.6601562500 0.4127152315 0.0000000000
v 0.6562500000 0.4194810550 0.0000000000
v 0.6835937500 0.3585886438 0.0000000000
v 0.6914062500 0.3585886438 0.0000000000
v 0.6875000000 0.3653544672 0.0000000000
v 0.7148437500 0.4127152315 0.0000000000
v 0.7226562500 0.4127152315 0.0000000000
v 0.7187500000 0.4194810550 0.0000000000
v 0.5273437500 0.4127152315 0.0000000000
v 0.5351562500 0.4127152315 0.0000000000
v 0.5312500000 0.4194810550 0.0000000000
v 0.5585937500 0.3585886438 0.0000000000
v 0.5664062500 0.3585886438 0.0000000000
v 0.5625000000 0.3653544672 0.0000000000
v 0.5898437500 0.4127152315 0.0000000000
v 0.5976562500 0.4127152315 0.0000000000
v 0.5937500000 0.4194810550 0.0000000000
v 0.5898437500 0.3044620560 0.0000000000
v 0.5976562500 0.3044620560 0.0000000000
v 0.5937500000 0.3112278795 0.0000000000
v 0.6210937500 0.2503354683 0.0000000000
v 0.6289062500 0.2503354683 0.0000000000
v 0.6250000000 0.2571012917 0.0000000000
v 0.6523437500 0.3044620560 0.0000000000
v 0.6601562500 0.3044620560 0.0000000000
v 0.6562500000 0.3112278795 0.0000000000
v 0.4023437500 0.4127152315 0.0000000000
v 0.4101562500 0.4127152315 0.0000000000
v 0.4062500000 0.4194810550 0.0000000000
v 0.4335937500 0.3585886438 0.0000000000
v 0.4414062500 0.3585886438 0.0000000000
v 0.4375000000 0.3653544672 0.0000000000
v 0.4648437500 0.4127152315 0.0000000000
v 0.4726562500 0.4127152315 0.0000000000
v 0.4687500000 0.4194810550 0.0000000000
v 0.2773437500 0.4127152315 0.0000000000
v 0.2851562500 0.4127152315 0.0000000000
v 0.2812500000 0.4194810550 0.0000000000
v 0.3085937500 0.3585886438 0.0000000000
v 0.3164062500 0.3585886438 0.0000000000
v 0.3125000000 0.3653544672 0.0000000000
v 0.3398437500 0.4127152315 0.0000000000
v 0.3476562500 0.4127152315 0.0000000000
v 0.3437500000 0.4194810550 0.0000000000
v 0.3398437500 0.3044620560 0.0000000000
v 0.3476562500 0.3044620560 0.0000000000
v 0.3437500000 0.3112278795 0.0000000000
v 0.3710937500 0.2503354683 0.0000000000
v 0.3789062500 0.2503354683 0.0000000000
v 0.3750000000 0.2571012917 0.0000000000
v 0.4023437500 0.3044620560 0.0000000000
v 0.4101562500 0.3044620560 0.0000000000
v 0.4062500000 0.3112278795 0.0000000000
v 0.4335937500 0.5074367600 0.0000000000
v 0.4375000000 0.5006709366 0.0000000000
v 0.4414062500 0.5074367600 0.0000000000
v 0.4023437500 0.4533101723 0.0000000000
v 0.4062500000 0.4465443488 0.0000000000
v 0.4101562500 0.4533101723 0.0000000000
v 0.4648437500 0.4533101723 0.0000000000
v 0.4687500000 0.4465443488 0.0000000000
v 0.4726562500 0.4533101723 0.0000000000
v 0.3710937500 0.6156899355 0.0000000000
v 0.3750000000 0.6089241120 0.0000000000
v 0.3789062500 0.6156899355 0.0000000000
v 0.3398437500 0.5615633478 0.0000000000
v 0.3437500000 0.5547975243 0.0000000000
v 0.3476562500 0.5615633478 0.0000000000
v 0.4023437500 0.5615633478 0.0000000000
v 0.4062500000 0.5547975243 0.0000000000
v 0.4101562500 0.5615633478 0.0000000000
v 0.3085937500 0.5074367600 0.0000000000
v 0.3125000000 0.5006709366 0.0000000000
v 0.3164062500 0.5074367600 0.0000000000
v 0.2773437500 0.4533101723 0.0000000000
v 0.2812500000 0.4465443488 0.0000000000
v 0.2851562500 0.4533101723 0.0000000000
v 0.3398437500 0.4533101723 0.0000000000
v 0.3437500000 0.4465443488 0.0000000000
v 0.3476562500 0.4533101723 0.0000000000
v 0.6835937500 0.5074367600 0.0000000000
v 0.6875000000 0.5006709366 0.0000000000
v 0.6914062500 0.5074367600 0.0000000000
v 0.6523437500 0.4533101723 0.0000000000
v 0.6562500000 0.4465443488 0.0000000000
v 0.6601562500 0.4533101723 0.0000000000
v 0.7148437500 0.4533101723 0.0000000000
v 0.7187500000 0.4465443488 0.0000000000
v 0.7226562500 0.4533101723 0.0000000000
v 0.6210937500 0.6156899355 0.0000000000
v 0.6250000000 0.6089241120 0.0000000000
v 0.6289062500 0.6156899355 0.0000000000
v 0.5898437500 0.5615633478 0.0000000000
v 0.5937500000 0.5547975243 0.0000000000
v 0.5976562500 0.5615633478 0.0000000000
v 0.6523437500 0.5615633478 0.0000000000
v 0.6562500000 0.5547975243 0.0000000000
v 0.6601562500 0.5615633478 0.0000000000
v 0.5585937500 0.5074367600 0.0000000000
v 0.5625000000 0.5006709366 0.0000000000
v 0.5664062500 0.5074367600 0.0000000000
v 0.5273437500 0.4533101723 0.0000000000
v 0.5312500000 0.4465443488 0.0000000000
v 0.5351562500 0.4533101723 0.0000000000
v 0.5898437500 0.4533101723 0.0000000000
v 0.5937500000 0.4465443488 0.0000000000
v 0.5976562500 0.4533101723 0.0000000000
v 0.5585937500 0.7239431110 0.0000000000
v 0.5625000000 0.7171772875 0.0000000000
v 0.5664062500 0.7239431110 0.0000000000
v 0.5273437500 0.6698165232 0.0000000000
v 0.5312500000 0.6630506998 0.0000000000
v 0.5351562500 0.6698165232 0.0000000000
v 0.5898437500 0.6698165232 0.0000000000
v 0.5937500000 0.6630506998 0.0000000000
v 0.5976562500 0.6698165232 0.0000000000
v 0.4960937500 0.8321962864 0.0000000000
v 0.5000000000 0.8254304630 0.0000000000
v 0.5039062500 0.8321962864 0.0000000000
v 0.4648437500 0.7780696987 0.0000000000
v 0.4687500000 0.7713038752 0.0000000000
v 0.4726562500 0.7780696987 0.0000000000
v 0.5273437500 0.7780696987 0.0000000000
v 0.5312500000 0.7713038752 0.0000000000
v 0.5351562500 0.7780696987 0.0000000000
v 0.4335937500 0.7239431110 0.0000000000
v 0.4375000000 0.7171772875 0.0000000000
v 0.4414062500 0.7239431110 0.0000000000
v 0.4023437500 0.6698165232 0.0000000000
v 0.4062500000 0.6630506998 0.0000000000
v 0.4101562500 0.6698165232 0.0000000000
v 0.4648437500 0.6698165232 0.0000000000
v 0.4687500000 0.6630506998 0.0000000000
v 0.4726562500 0.6698165232 0.0000000000
v 0.1835937500 0.0744240581 0.0000000000
v 0.1875000000 0.0676582347 0.0000000000
v 0.1914062500 0.0744240581 0.0000000000
v 0.1523437500 0.0202974704 0.0000000000
v 0.1562500000 0.0135316469 0.0000000000
v 0.1601562500 0.0202974704 0.0000000000
v 0.2148437500 0.0202974704 0.0000000000
v 0.2187500000 0.0135316469 0.0000000000
v 0.2226562500 0.0202974704 0.0000000000
v 0.1210937500 0.1826772336 0.0000000000
v 0.1250000000 0.1759114101 0.0000000000
v 0.1289062500 0.1826772336 0.0000000000
v 0.0898437500 0.1285506459 0.0000000000
v 0.0937500000 0.1217848224 0.0000000000
v 0.0976562500 0.1285506459 0.0000000000
v 0.1523437500 0.1285506459 0.0000000000
v 0.1562500000 0.1217848224 0.0000000000
v 0.1601562500 0.1285506459 0.0000000000
v 0.0585937500 0.0744240581 0.0000000000
v 0.0625000000 0.0676582347 0.0000000000
v 0.0664062500 0.0744240581 0.0000000000
v 0.0273437500 0.0202974704 0.0000000000
v 0.0312500000 0.0135316469 0.0000000000
v 0.0351562500 0.0202974704 0.0000000000
v 0.0898437500 0.0202974704 0.0000000000
v 0.0937500000 0.0135316469 0.0000000000
v 0.0976562500 0.0202974704 0.0000000000
v 0.4335937500 0.0744240581 0.0000000000
v 0.4375000000 0.0676582347 0.0000000000
v 0.4414062500 0.0744240581 0.0000000000
v 0.4023437500 0.0202974704 0.0000000000
v 0.4062500000 0.0135316469 0.0000000000
v 0.4101562500 0.0202974704 0.0000000000
v 0.4648437500 0.0202974704 0.0000000000
v 0.4687500000 0.0135316469 0.0000000000
v 0.4726562500 0.0202974704 0.0000000000
v 0.3710937500 0.1826772336 0.0000000000
v 0.3750000000 0.1759114101 0.0000000000
v 0.3789062500 0.1826772336 0.0000000000
v 0.3398437500 0.1285506459 0.0000000000
v 0.3437500000 0.1217848224 0.0000000000
v 0.3476562500 0.1285506459 0.0000000000
v 0.4023437500 0.1285506459 0.0000000000
v 0.4062500000 0.1217848224 0.0000000000
v 0.4101562500 0.1285506459 0.0000000000
v 0.3085937500 0.0744240581 0.0000000000
v 0.3125000000 0.0676582347 0.0000000000
v 0.3164062500 0.0744240581 0.0000000000
v 0.2773437500 0.0202974704 0.0000000000
v 0.2812500000 0.0135316469 0.0000000000
v 0.2851562500 0.0202974704 0.0000000000
v 0.3398437500 0.0202974704 0.0000000000
v 0.3437500000 0.0135316469 0.0000000000
v 0.3476562500 0.0202974704 0.0000000000
v 0.3085937500 0.2909304091 0.0000000000
v 0.3125000000 0.2841645856 0.0000000000
v 0.3164062500 0.2909304091 0.0000000000
v 0.2773437500 0.2368038213 0.0000000000
v 0.2812500000 0.2300379979 0.0000000000
v 0.2851562500 0.2368038213 0.0000000000
v 0.3398437500 0.2368038213 0.0000000000
v 0.3437500000 0.2300379979 0.0000000000
v 0.3476562500 0.2368038213 0.0000000000
v 0.2460937500 0.3991835846 0.0000000000
v 0.2500000000 0.3924177611 0.0000000000
v 0.2539062500 0.3991835846 0.0000000000
v 0.2148437500 0.3450569968 0.0000000000
v 0.2187500000 0.3382911734 0.0000000000
v 0.2226562500 0.3450569968 0.0000000000
v 0.2773437500 0.3450569968 0.0000000000
v 0.2812500000 0.3382911734 0.0000000000
v 0.2851562500 0.3450569968 0.0000000000
v 0.1835937500 0.2909304091 0.0000000000
v 0.1875000000 0.2841645856 0.0000000000
v 0.1914062500 0.2909304091 0.0000000000
v 0.1523437500 0.2368038213 0.0000000000
v 0.1562500000 0.2300379979 0.0000000000
v 0.1601562500 0.2368038213 0.0000000000
v 0.2148437500 0.2368038213 0.0000000000
v 0.2187500000 0.2300379979 0.0000000000
v 0.2226562500 0.2368038213 0.0000000000
v 0.6835937500 0.0744240581 0.0000000000
v 0.6875000000 0.0676582347 0.0000000000
v 0.6914062500 0.0744240581 0.0000000000
v 0.6523437500 0.0202974704 0.0000000000
v 0.6562500000 0.0135316469 0.0000000000
v 0.6601562500 0.0202974704 0.0000000000
v 0.7148437500 0.0202974704 0.0000000000
v 0.7187500000 0.0135316469 0.0000000000
v 0.7226562500 0.0202974704 0.0000000000
v 0.6210937500 0.1826772336 0.0000000000
v 0.6250000000 0.1759114101 0.0000000000
v 0.6289062500 0.1826772336 0.0000000000
v 0.5898437500 0.1285506459 0.0000000000
v 0.5937500000 0.1217848224 0.0000000000
v 0.5976562500 0.1285506459 0.0000000000
v 0.6523437500 0.1285506459 0.0000000000
v 0.6562500000 0.1217848224 0.0000000000
v 0.6601562500 0.1285506459 0.0000000000
v 0.5585937500 0.0744240581 0.0000000000
v 0.5625000000 0.0676582347 0.0000000000
v 0.5664062500 0.0744240581 0.0000000000
v 0.5273437500 0.0202974704 0.0000000000
v 0.5312500000 0.0135316469 0.0000000000
v 0.5351562500 0.0202974704 0.0000000000
v 0.5898437500 0.0202974704 0.0000000000
v 0.5937500000 0.0135316469 0.0000000000
v 0.5976562500 0.0202974704 0.0000000000
v 0.9335937500 0.0744240581 0.0000000000
v 0.9375000000 0.0676582347 0.0000000000
v 0.9414062500 0.0744240581 0.0000000000
v 0.9023437500 0.0202974704 0.0000000000
v 0.9062500000 0.0135316469 0.0000000000
v 0.9101562500 0.0202974704 0.0000000000
v 0.9648437500 0.0202974704 0.0000000000
v 0.9687500000 0.0135316469 0.0000000000
v 0.9726562500 0.0202974704 0.0000000000
v 0.8710937500 0.1826772336 0.0000000000
v 0.8750000000 0.1759114101 0.0000000000
v 0.8789062500 0.1826772336 0.0000000000
v 0.8398437500 0.1285506459 0.0000000000
v 0.8437500000 0.1217848224 0.0000000000
v 0.8476562500 0.1285506459 0.0000000000
v 0.9023437500 0.1285506459 0.0000000000
v 0.9062500000 0.1217848224 0.0000000000
v 0.9101562500 0.1285506459 0.0000000000
v 0.8085937500 0.0744240581 0.0000000000
v 0.8125000000 0.0676582347 0.0000000000
v 0.8164062500 0.0744240581 0.0000000000
v 0.7773437500 0.0202974704 0.0000000000
v 0.7812500000 0.0135316469 0.0000000000
v 0.7851562500 0.0202974704 0.0000000000
v 0.8398437500 0.0202974704 0.0000000000
v 0.8437500000 0.0135316469 0.0000000000
v 0.8476562500 0.0202974704 0.0000000000
v 0.8085937500 0.2909304091 0.0000000000
v 0.8125000000 0.2841645856 0.0000000000
v 0.8164062500 0.2909304091 0.0000000000
v 0.7773437500 0.2368038213 0.0000000000
v 0.7812500000 0.2300379979 0.0000000000
v 0.7851562500 0.2368038213 0.0000000000
v 0.8398437500 0.2368038213 0.0000000000
v 0.8437500000 0.2300379979 0.0000000000
v 0.8476562500 0.2368038213 0.0000000000
v 0.7460937500 0.3991835846 0.0000000000
v 0.7500000000 0.3924177611 0.0000000000
v 0.7539062500 0.3991835846 0.0000000000
v 0.7148437500 0.3450569968 0.0000000000
v 0.7187500000 0.3382911734 0.0000000000
v 0.7226562500 0.3450569968 0.0000000000
v 0.7773437500 0.3450569968 0.0000000000
v 0.7812500000 0.3382911734 0.0000000000
v 0.7851562500 0.3450569968 0.0000000000
v 0.6835937500 0.2909304091 0.0000000000
v 0.6875000000 0.2841645856 0.0000000000
v 0.6914062500 0.2909304091 0.0000000000
v 0.6523437500 0.2368038213 0.0000000000
v 0.6562500000 0.2300379979 0.0000000000
v 0.6601562500 0.2368038213 0.0000000000
v 0.7148437500 0.2368038213 0.0000000000
v 0.7187500000 0.2300379979 0.0000000000
v 0.7226562500 0.2368038213 0.0000000000
v 0.5039062500 0.3044620560 0.0000000000
v 0.5000000000 0.3112278795 0.0000000000
v 0.4960937500 0.3044620560 0.0000000000
v 0.4882812500 0.2773987621 0.0000000000
v 0.4843750000 0.2841645856 0.0000000000
v 0.4804687500 0.2773987621 0.0000000000
v 0.5195312500 0.2773987621 0.0000000000
v 0.5156250000 0.2841645856 0.0000000000
v 0.5117187500 0.2773987621 0.0000000000
v 0.5156250000 0.5818608182 0.0000000000
v 0.5195312500 0.5886266416 0.0000000000
v 0.5117187500 0.5886266416 0.0000000000
v 0.4843750000 0.5818608182 0.0000000000
v 0.4882812500 0.5886266416 0.0000000000
v 0.4804687500 0.5886266416 0.0000000000
v 0.5000000000 0.5547975243 0.0000000000
v 0.5039062500 0.5615633478 0.0000000000
v 0.4960937500 0.5615633478 0.0000000000
v 0.2656250000 0.1488481163 0.0000000000
v 0.2695312500 0.1556139397 0.0000000000
v 0.2617187500 0.1556139397 0.0000000000
v 0.2343750000 0.1488481163 0.0000000000
v 0.2382812500 0.1556139397 0.0000000000
v 0.2304687500 0.1556139397 0.0000000000
v 0.2500000000 0.1217848224 0.0000000000
v 0.2539062500 0.1285506459 0.0000000000
v 0.2460937500 0.1285506459 0.0000000000
v 0.7656250000 0.1488481163 0.0000000000
v 0.7695312500 0.1556139397 0.0000000000
v 0.7617187500 0.1556139397 0.0000000000
v 0.7343750000 0.1488481163 0.0000000000
v 0.7382812500 0.1556139397 0.0000000000
v 0.7304687500 0.1556139397 0.0000000000
v 0.7500000000 0.1217848224 0.0000000000
v 0.7539062500 0.1285506459 0.0000000000
v 0.7460937500 0.1285506459 0.0000000000
v 0.5156250000 0.1488481163 0.0000000000
v 0.5195312500 0.1556139397 0.0000000000
v 0.5117187500 0.1556139397 0.0000000000
v 0.4843750000 0.1488481163 0.0000000000
v 0.4882812500 0.1556139397 0.0000000000
v 0.4804687500 0.1556139397 0.0000000000
v 0.5000000000 0.1217848224 0.0000000000
v 0.5039062500 0.1285506459 0.0000000000
v 0.4960937500 0.1285506459 0.0000000000
v 0.6406250000 0.3653544672 0.0000000000
v 0.6445312500 0.3721202907 0.0000000000
v 0.6367187500 0.3721202907 0.0000000000
v 0.6093750000 0.3653544672 0.0000000000
v 0.6132812500 0.3721202907 0.0000000000
v 0.6054687500 0.3721202907 0.0000000000
v 0.6250000000 0.3382911734 0.0000000000
v 0.6289062500 0.3450569968 0.0000000000
v 0.6210937500 0.3450569968 0.0000000000
v 0.3906250000 0.3653544672 0.0000000000
v 0.3945312500 0.3721202907 0.0000000000
v 0.3867187500 0.3721202907 0.0000000000
v 0.3593750000 0.3653544672 0.0000000000
v 0.3632812500 0.3721202907 0.0000000000
v 0.3554687500 0.3721202907 0.0000000000
v 0.3750000000 0.3382911734 0.0000000000
v 0.3789062500 0.3450569968 0.0000000000
v 0.3710937500 0.3450569968 0.0000000000
v 0.3867187500 0.4939051131 0.0000000000
v 0.3945312500 0.4939051131 0.0000000000
v 0.3906250000 0.5006709366 0.0000000000
v 0.3710937500 0.5209684070 0.0000000000
v 0.3789062500 0.5209684070 0.0000000000
v 0.3750000000 0.5277342304 0.0000000000
v 0.3554687500 0.4939051131 0.0000000000
v 0.3632812500 0.4939051131 0.0000000000
v 0.3593750000 0.5006709366 0.0000000000
v 0.6367187500 0.4939051131 0.0000000000
v 0.6445312500 0.4939051131 0.0000000000
v 0.6406250000 0.5006709366 0.0000000000
v 0.6210937500 0.5209684070 0.0000000000
v 0.6289062500 0.5209684070 0.0000000000
v 0.6250000000 0.5277342304 0.0000000000
v 0.6054687500 0.4939051131 0.0000000000
v 0.6132812500 0.4939051131 0.0000000000
v 0.6093750000 0.5006709366 0.0000000000
v 0.5117187500 0.7104114640 0.0000000000
v 0.5195312500 0.7104114640 0.0000000000
v 0.5156250000 0.7171772875 0.0000000000
v 0.4960937500 0.7374747579 0.0000000000
v 0.5039062500 0.7374747579 0.0000000000
v 0.5000000000 0.7442405814 0.0000000000
v 0.4804687500 0.7104114640 0.0000000000
v 0.4882812500 0.7104114640 0.0000000000
v 0.4843750000 0.7171772875 0.0000000000
v 0.1367187500 0.0608924112 0.0000000000
v 0.1445312500 0.0608924112 0.0000000000
v 0.1406250000 0.0676582347 0.0000000000
v 0.1210937500 0.0879557051 0.0000000000
v 0.1289062500 0.0879557051 0.0000000000
v 0.1250000000 0.0947215285 0.0000000000
v 0.1054687500 0.0608924112 0.0000000000
v 0.1132812500 0.0608924112 0.0000000000
v 0.1093750000 0.0676582347 0.0000000000
v 0.3867187500 0.0608924112 0.0000000000
v 0.3945312500 0.0608924112 0.0000000000
v 0.3906250000 0.0676582347 0.0000000000
v 0.3710937500 0.0879557051 0.0000000000
v 0.3789062500 0.0879557051 0.0000000000
v 0.3750000000 0.0947215285 0.0000000000
v 0.3554687500 0.0608924112 0.0000000000
v 0.3632812500 0.0608924112 0.0000000000
v 0.3593750000 0.0676582347 0.0000000000
v 0.2617187500 0.2773987621 0.0000000000
v 0.2695312500 0.2773987621 0.0000000000
v 0.2656250000 0.2841645856 0.0000000000
v 0.2460937500 0.3044620560 0.0000000000
v 0.2539062500 0.3044620560 0.0000000000
v 0.2500000000 0.3112278795 0.0000000000
v 0.2304687500 0.2773987621 0.0000000000
v 0.2382812500 0.2773987621 0.0000000000
v 0.2343750000 0.2841645856 0.0000000000
v 0.6367187500 0.0608924112 0.0000000000
v 0.6445312500 0.0608924112 0.0000000000
v 0.6406250000 0.0676582347 0.0000000000
v 0.6210937500 0.0879557051 0.0000000000
v 0.6289062500 0.0879557051 0.0000000000
v 0.6250000000 0.0947215285 0.0000000000
v 0.6054687500 0.0608924112 0.0000000000
v 0.6132812500 0.0608924112 0.0000000000
v 0.6093750000 0.0676582347 0.0000000000
v 0.8867187500 0.0608924112 0.0000000000
v 0.8945312500 0.0608924112 0.0000000000
v 0.8906250000 0.0676582347 0.0000000000
v 0.8710937500 0.0879557051 0.0000000000
v 0.8789062500 0.0879557051 0.0000000000
v 0.8750000000 0.0947215285 0.0000000000
v 0.8554687500 0.0608924112 0.0000000000
v 0.8632812500 0.0608924112 0.0000000000
v 0.8593750000 0.0676582347 0.0000000000
v 0.7617187500 0.2773987621 0.0000000000
v 0.7695312500 0.2773987621 0.0000000000
v 0.7656250000 0.2841645856 0.0000000000
v 0.7460937500 0.3044620560 0.0000000000
v 0.7539062500 0.3044620560 0.0000000000
v 0.7500000000 0.3112278795 0.0000000000
v 0.7304687500 0.2773987621 0.0000000000
v 0.7382812500 0.2773987621 0.0000000000
v 0.7343750000 0.2841645856 0.0000000000
v 0.5156250000 0.3653544672 0.0000000000
v 0.5195312500 0.3721202907 0.0000000000
v 0.5117187500 0.3721202907 0.0000000000
v 0.4843750000 0.3653544672 0.0000000000
v 0.4882812500 0.3721202907 0.0000000000
v 0.4804687500 0.3721202907 0.0000000000
v 0.5000000000 0.3382911734 0.0000000000
v 0.5039062500 0.3450569968 0.0000000000
v 0.4960937500 0.3450569968 0.0000000000
v 0.4531250000 0.2571012917 0.0000000000
v 0.4570312500 0.2638671152 0.0000000000
v 0.4492187500 0.2638671152 0.0000000000
v 0.4218750000 0.2571012917 0.0000000000
v 0.4257812500 0.2638671152 0.0000000000
v 0.4179687500 0.2638671152 0.0000000000
v 0.4375000000 0.2300379979 0.0000000000
v 0.4414062500 0.2368038213 0.0000000000
v 0.4335937500 0.2368038213 0.0000000000
v 0.5781250000 0.2571012917 0.0000000000
v 0.5820312500 0.2638671152 0.0000000000
v 0.5742187500 0.2638671152 0.0000000000
v 0.5468750000 0.2571012917 0.0000000000
v 0.5507812500 0.2638671152 0.0000000000
v 0.5429687500 0.2638671152 0.0000000000
v 0.5625000000 0.2300379979 0.0000000000
v 0.5664062500 0.2368038213 0.0000000000
v 0.5585937500 0.2368038213 0.0000000000
v 0.5742187500 0.6021582886 0.0000000000
v 0.5820312500 0.6021582886 0.0000000000
v 0.5781250000 0.6089241120 0.0000000000
v 0.5585937500 0.6292215824 0.0000000000
v 0.5664062500 0.6292215824 0.0000000000
v 0.5625000000 0.6359874059 0.0000000000
v 0.5429687500 0.6021582886 0.0000000000
v 0.5507812500 0.6021582886 0.0000000000
v 0.5468750000 0.6089241120 0.0000000000
v 0.4492187500 0.6021582886 0.0000000000
v 0.4570312500 0.6021582886 0.0000000000
v 0.4531250000 0.6089241120 0.0000000000
v 0.4335937500 0.6292215824 0.0000000000
v 0.4414062500 0.6292215824 0.0000000000
v 0.4375000000 0.6359874059 0.0000000000
v 0.4179687500 0.6021582886 0.0000000000
v 0.4257812500 0.6021582886 0.0000000000
v 0.4218750000 0.6089241120 0.0000000000
v 0.5117187500 0.4939051131 0.0000000000
v 0.5195312500 0.4939051131 0.0000000000
v 0.5156250000 0.5006709366 0.0000000000
v 0.4960937500 0.5209684070 0.0000000000
v 0.5039062500 0.5209684070 0.0000000000
v 0.5000000000 0.5277342304 0.0000000000
v 0.4804687500 0.4939051131 0.0000000000
v 0.4882812500 0.4939051131 0.0000000000
v 0.4843750000 0.5006709366 0.0000000000
v 0.3242187500 0.1691455867 0.0000000000
v 0.3320312500 0.1691455867 0.0000000000
v 0.3281250000 0.1759114101 0.0000000000
v 0.3085937500 0.1962088805 0.0000000000
v 0.3164062500 0.1962088805 0.0000000000
v 0.3125000000 0.2029747040 0.0000000000
v 0.2929687500 0.1691455867 0.0000000000
v 0.3007812500 0.1691455867 0.0000000000
v 0.2968750000 0.1759114101 0.0000000000
v 0.1992187500 0.1691455867 0.0000000000
v 0.2070312500 0.1691455867 0.0000000000
v 0.2031250000 0.1759114101 0.0000000000
v 0.1835937500 0.1962088805 0.0000000000
v 0.1914062500 0.1962088805 0.0000000000
v 0.1875000000 0.2029747040 0.0000000000
v 0.1679687500 0.1691455867 0.0000000000
v 0.1757812500 0.1691455867 0.0000000000
v 0.1718750000 0.1759114101 0.0000000000
v 0.2617187500 0.0608924112 0.0000000000
v 0.2695312500 0.0608924112 0.0000000000
v 0.2656250000 0.0676582347 0.0000000000
v 0.2460937500 0.0879557051 0.0000000000
v 0.2539062500 0.0879557051 0.0000000000
v 0.2500000000 0.0947215285 0.0000000000
v 0.2304687500 0.0608924112 0.0000000000
v 0.2382812500 0.0608924112 0.0000000000
v 0.2343750000 0.0676582347 0.0000000000
v 0.8242187500 0.1691455867 0.0000000000
v 0.8320312500 0.1691455867 0.0000000000
v 0.8281250000 0.1759114101 0.0000000000
v 0.8085937500 0.1962088805 0.0000000000
v 0.8164062500 0.1962088805 0.0000000000
v 0.8125000000 0.2029747040 0.0000000000
v 0.7929687500 0.1691455867 0.0000000000
v 0.8007812500 0.1691455867 0.0000000000
v 0.7968750000 0.1759114101 0.0000000000
v 0.6992187500 0.1691455867 0.0000000000
v 0.7070312500 0.1691455867 0.0000000000
v 0.7031250000 0.1759114101 0.0000000000
v 0.6835937500 0.1962088805 0.0000000000
v 0.6914062500 0.1962088805 0.0000000000
v 0.6875000000 0.2029747040 0.0000000000
v 0.6679687500 0.1691455867 0.0000000000
v 0.6757812500 0.1691455867 0.0000000000
v 0.6718750000 0.1759114101 0.0000000000
v 0.7617187500 0.0608924112 0.0000000000
v 0.7695312500 0.0608924112 0.0000000000
v 0.7656250000 0.0676582347 0.0000000000
v 0.7460937500 0.0879557051 0.0000000000
v 0.7539062500 0.0879557051 0.0000000000
v 0.7500000000 0.0947215285 0.0000000000
v 0.7304687500 0.0608924112 0.0000000000
v 0.7382812500 0.0608924112 0.0000000000
v 0.7343750000 0.0676582347 0.0000000000
v 0.5742187500 0.1691455867 0.0000000000
v 0.5820312500 0.1691455867 0.0000000000
v 0.5781250000 0.1759114101 0.0000000000
v 0.5585937500 0.1962088805 0.0000000000
v 0.5664062500 0.1962088805 0.0000000000
v 0.5625000000 0.2029747040 0.0000000000
v 0.5429687500 0.1691455867 0.0000000000
v 0.5507812500 0.1691455867 0.0000000000
v 0.5468750000 0.1759114101 0.0000000000
v 0.4492187500 0.1691455867 0.0000000000
v 0.4570312500 0.1691455867 0.0000000000
v 0.4531250000 0.1759114101 0.0000000000
v 0.4335937500 0.1962088805 0.0000000000
v 0.4414062500 0.1962088805 0.0000000000
v 0.4375000000 0.2029747040 0.0000000000
v 0.4179687500 0.1691455867 0.0000000000
v 0.4257812500 0.1691455867 0.0000000000
v 0.4218750000 0.1759114101 0.0000000000
v 0.5117187500 0.0608924112 0.0000000000
v 0.5195312500 0.0608924112 0.0000000000
v 0.5156250000 0.0676582347 0.0000000000
v 0.4960937500 0.0879557051 0.0000000000
v 0.5039062500 0.0879557051 0.0000000000
v 0.5000000000 0.0947215285 0.0000000000
v 0.4804687500 0.0608924112 0.0000000000
v 0.4882812500 0.0608924112 0.0000000000
v 0.4843750000 0.0676582347 0.0000000000
v 0.6992187500 0.3856519376 0.0000000000
v 0.7070312500 0.3856519376 0.0000000000
v 0.7031250000 0.3924177611 0.0000000000
v 0.6835937500 0.4127152315 0.0000000000
v 0.6914062500 0.4127152315 0.0000000000
v 0.6875000000 0.4194810550 0.0000000000
v 0.6679687500 0.3856519376 0.0000000000
v 0.6757812500 0.3856519376 0.0000000000
v 0.6718750000 0.3924177611 0.0000000000
v 0.5742187500 0.3856519376 0.0000000000
v 0.5820312500 0.3856519376 0.0000000000
v 0.5781250000 0.3924177611 0.0000000000
v 0.5585937500 0.4127152315 0.0000000000
v 0.5664062500 0.4127152315 0.0000000000
v 0.5625000000 0.4194810550 0.0000000000
v 0.5429687500 0.3856519376 0.0000000000
v 0.5507812500 0.3856519376 0.0000000000
v 0.5468750000 0.3924177611 0.0000000000
v 0.6367187500 0.2773987621 0.0000000000
v 0.6445312500 0.2773987621 0.0000000000
v 0.6406250000 0.2841645856 0.0000000000
v 0.6210937500 0.3044620560 0.0000000000
v 0.6289062500 0.3044620560 0.0000000000
v 0.6250000000 0.3112278795 0.0000000000
v 0.6054687500 0.2773987621 0.0000000000
v 0.6132812500 0.2773987621 0.0000000000
v 0.6093750000 0.2841645856 0.0000000000
v 0.4492187500 0.3856519376 0.0000000000
v 0.4570312500 0.3856519376 0.0000000000
v 0.4531250000 0.3924177611 0.0000000000
v 0.4335937500 0.4127152315 0.0000000000
v 0.4414062500 0.4127152315 0.0000000000
v 0.4375000000 0.4194810550 0.0000000000
v 0.4179687500 0.3856519376 0.0000000000
v 0.4257812500 0.3856519376 0.0000000000
v 0.4218750000 0.3924177611 0.0000000000
v 0.3242187500 0.3856519376 0.0000000000
v 0.3320312500 0.3856519376 0.0000000000
v 0.3281250000 0.3924177611 0.0000000000
v 0.3085937500 0.4127152315 0.0000000000
v 0.3164062500 0.4127152315 0.0000000000
v 0.3125000000 0.4194810550 0.0000000000
v 0.2929687500 0.3856519376 0.0000000000
v 0.3007812500 0.3856519376 0.0000000000
v 0.2968750000 0.3924177611 0.0000000000
v 0.3867187500 0.2773987621 0.0000000000
v 0.3945312500 0.2773987621 0.0000000000
v 0.3906250000 0.2841645856 0.0000000000
v 0.3710937500 0.3044620560 0.0000000000
v 0.3789062500 0.3044620560 0.0000000000
v 0.3750000000 0.3112278795 0.0000000000
v 0.3554687500 0.2773987621 0.0000000000
v 0.3632812500 0.2773987621 0.0000000000
v 0.3593750000 0.2841645856 0.0000000000
v 0.4335937500 0.4533101723 0.0000000000
v 0.4375000000 0.4465443488 0.0000000000
v 0.4414062500 0.4533101723 0.0000000000
v 0.4492187500 0.4803734662 0.0000000000
v 0.4531250000 0.4736076427 0.0000000000
v 0.4570312500 0.4803734662 0.0000000000
v 0.4179687500 0.4803734662 0.0000000000
v 0.4218750000 0.4736076427 0.0000000000
v 0.4257812500 0.4803734662 0.0000000000
v 0.3710937500 0.5615633478 0.0000000000
v 0.3750000000 0.5547975243 0.0000000000
v 0.3789062500 0.5615633478 0.0000000000
v 0.3867187500 0.5886266416 0.0000000000
v 0.3906250000 0.5818608182 0.0000000000
v 0.3945312500 0.5886266416 0.0000000000
v 0.3554687500 0.5886266416 0.0000000000
v 0.3593750000 0.5818608182 0.0000000000
v 0.3632812500 0.5886266416 0.0000000000
v 0.3085937500 0.4533101723 0.0000000000
v 0.3125000000 0.4465443488 0.0000000000
v 0.3164062500 0.4533101723 0.0000000000
v 0.3242187500 0.4803734662 0.0000000000
v 0.3281250000 0.4736076427 0.0000000000
v 0.3320312500 0.4803734662 0.0000000000
v 0.2929687500 0.4803734662 0.0000000000
v 0.2968750000 0.4736076427 0.0000000000
v 0.3007812500 0.4803734662 0.0000000000
v 0.6835937500 0.4533101723 0.0000000000
v 0.6875000000 0.4465443488 0.0000000000
v 0.6914062500 0.4533101723 0.0000000000
v 0.6992187500 0.4803734662 0.0000000000
v 0.7031250000 0.4736076427 0.0000000000
v 0.7070312500 0.4803734662 0.0000000000
v 0.6679687500 0.4803734662 0.0000000000
v 0.6718750000 0.4736076427 0.0000000000
v 0.6757812500 0.4803734662 0.0000000000
v 0.6210937500 0.5615633478 0.0000000000
v 0.6250000000 0.5547975243 0.0000000000
v 0.6289062500 0.5615633478 0.0000000000
v 0.6367187500 0.5886266416 0.0000000000
v 0.6406250000 0.5818608182 0.0000000000
v 0.6445312500 0.5886266416 0.0000000000
v 0.6054687500 0.5886266416 0.0000000000
v 0.6093750000 0.5818608182 0.0000000000
v 0.6132812500 0.5886266416 0.0000000000
v 0.5585937500 0.4533101723 0.0000000000
v 0.5625000000 0.4465443488 0.0000000000
v 0.5664062500 0.4533101723 0.0000000000
v 0.5742187500 0.4803734662 0.0000000000
v 0.5781250000 0.4736076427 0.0000000000
v 0.5820312500 0.4803734662 0.0000000000
v 0.5429687500 0.4803734662 0.0000000000
v 0.5468750000 0.4736076427 0.0000000000
v 0.5507812500 0.4803734662 0.0000000000
v 0.5585937500 0.6698165232 0.0000000000
v 0.5625000000 0.6630506998 0.0000000000
v 0.5664062500 0.6698165232 0.0000000000
v 0.5742187500 0.6968798171 0.0000000000
v 0.5781250000 0.6901139936 0.0000000000
v 0.5820312500 0.6968798171 0.0000000000
v 0.5429687500 0.6968798171 0.0000000000
v 0.5468750000 0.6901139936 0.0000000000
v 0.5507812500 0.6968798171 0.0000000000
v 0.4960937500 0.7780696987 0.0000000000
v 0.5000000000 0.7713038752 0.0000000000
v 0.5039062500 0.7780696987 0.0000000000
v 0.5117187500 0.8051329926 0.0000000000
v 0.5156250000 0.7983671691 0.0000000000
v 0.5195312500 0.8051329926 0.0000000000
v 0.4804687500 0.8051329926 0.0000000000
v 0.4843750000 0.7983671691 0.0000000000
v 0.4882812500 0.8051329926 0.0000000000
v 0.4335937500 0.6698165232 0.0000000000
v 0.4375000000 0.6630506998 0.0000000000
v 0.4414062500 0.6698165232 0.0000000000
v 0.4492187500 0.6968798171 0.0000000000
v 0.4531250000 0.6901139936 0.0000000000
v 0.4570312500 0.6968798171 0.0000000000
v 0.4179687500 0.6968798171 0.0000000000
v 0.4218750000 0.6901139936 0.0000000000
v 0.4257812500 0.6968798171 0.0000000000
v 0.1835937500 0.0202974704 0.0000000000
v 0.1875000000 0.0135316469 0.0000000000
v 0.1914062500 0.0202974704 0.0000000000
v 0.1992187500 0.0473607643 0.0000000000
v 0.2031250000 0.0405949408 0.0000000000
v 0.2070312500 0.0473607643 0.0000000000
v 0.1679687500 0.0473607643 0.0000000000
v 0.1718750000 0.0405949408 0.0000000000
v 0.1757812500 0.0473607643 0.0000000000
v 0.1210937500 0.1285506459 0.0000000000
v 0.1250000000 0.1217848224 0.0000000000
v 0.1289062500 0.1285506459 0.0000000000
v 0.1367187500 0.1556139397 0.0000000000
v 0.1406250000 0.1488481163 0.0000000000
v 0.1445312500 0.1556139397 0.0000000000
v 0.1054687500 0.1556139397 0.0000000000
v 0.1093750000 0.1488481163 0.0000000000
v 0.1132812500 0.1556139397 0.0000000000
v 0.0585937500 0.0202974704 0.0000000000
v 0.0625000000 0.0135316469 0.0000000000
v 0.0664062500 0.0202974704 0.0000000000
v 0.0742187500 0.0473607643 0.0000000000
v 0.0781250000 0.0405949408 0.0000000000
v 0.0820312500 0.0473607643 0.0000000000
v 0.0429687500 0.0473607643 0.0000000000
v 0.0468750000 0.0405949408 0.0000000000
v 0.0507812500 0.0473607643 0.0000000000
v 0.4335937500 0.0202974704 0.0000000000
v 0.4375000000 0.0135316469 0.0000000000
v 0.4414062500 0.0202974704 0.0000000000
v 0.4492187500 0.0473607643 0.0000000000
v 0.4531250000 0.0405949408 0.0000000000
v 0.4570312500 0.0473607643 0.0000000000
v 0.4179687500 0.0473607643 0.0000000000
v 0.4218750000 0.0405949408 0.0000000000
v 0.4257812500 0.0473607643 0.0000000000
v 0.3710937500 0.1285506459 0.0000000000
v 0.3750000000 0.1217848224 0.0000000000
v 0.3789062500 0.1285506459 0.0000000000
v 0.3867187500 0.1556139397 0.0000000000
v 0.3906250000 0.1488481163 0.0000000000
v 0.3945312500 0.1556139397 0.0000000000
v 0.3554687500 0.1556139397 0.0000000000
v 0.3593750000 0.1488481163 0.0000000000
v 0.3632812500 0.1556139397 0.0000000000
v 0.3085937500 0.0202974704 0.0000000000
v 0.3125000000 0.0135316469 0.0000000000
v 0.3164062500 0.0202974704 0.0000000000
v 0.3242187500 0.0473607643 0.0000000000
v 0.3281250000 0.0405949408 0.0000000000
v 0.3320312500 0.0473607643 0.0000000000
v 0.2929687500 0.0473607643 0.0000000000
v 0.2968750000 0.0405949408 0.0000000000
v 0.3007812500 0.0473607643 0.0000000000
v 0.3085937500 0.2368038213 0.0000000000
v 0.3125000000 0.2300379979 0.0000000000
v 0.3164062500 0.2368038213 0.0000000000
v 0.3242187500 0.2638671152 0.0000000000
v 0.3281250000 0.2571012917 0.0000000000
v 0.3320312500 0.2638671152 0.0000000000
v 0.2929687500 0.2638671152 0.0000000000
v 0.2968750000 0.2571012917 0.0000000000
v 0.3007812500 0.2638671152 0.0000000000
v 0.2460937500 0.3450569968 0.0000000000
v 0.2500000000 0.3382911734 0.0000000000
v 0.2539062500 0.3450569968 0.0000000000
v 0.2617187500 0.3721202907 0.0000000000
v 0.2656250000 0.3653544672 0.0000000000
v 0.2695312500 0.3721202907 0.0000000000
v 0.2304687500 0.3721202907 0.0000000000
v 0.2343750000 0.3653544672 0.0000000000
v 0.2382812500 0.3721202907 0.0000000000
v 0.1835937500 0.2368038213 0.0000000000
v 0.1875000000 0.2300379979 0.0000000000
v 0.1914062500 0.2368038213 0.0000000000
v 0.1992187500 0.2638671152 0.0000000000
v 0.2031250000 0.2571012917 0.0000000000
v 0.2070312500 0.2638671152 0.0000000000
v 0.1679687500 0.2638671152 0.0000000000
v 0.1718750000 0.2571012917 0.0000000000
v 0.1757812500 0.2638671152 0.0000000000
v 0.6835937500 0.0202974704 0.0000000000
v 0.6875000000 0.0135316469 0.0000000000
v 0.6914062500 0.0202974704 0.0000000000
v 0.6992187500 0.0473607643 0.0000000000
v 0.7031250000 0.0405949408 0.0000000000
v 0.7070312500 0.0473607643 0.0000000000
v 0.6679687500 0.0473607643 0.0000000000
v 0.6718750000 0.0405949408 0.0000000000
v 0.6757812500 0.0473607643 0.0000000000
v 0.6210937500 0.1285506459 0.0000000000
v 0.6250000000 0.1217848224 0.0000000000
v 0.6289062500 0.1285506459 0.0000000000
v 0.6367187500 0.1556139397 0.0000000000
v 0.6406250000 0.1488481163 0.0000000000
v 0.6445312500 0.1556139397 0.0000000000
v 0.6054687500 0.1556139397 0.0000000000
v 0.6093750000 0.1488481163 0.0000000000
v 0.6132812500 0.1556139397 0.0000000000
v 0.5585937500 0.0202974704 0.0000000000
v 0.5625000000 0.0135316469 0.0000000000
v 0.5664062500 0.0202974704 0.0000000000
v 0.5742187500 0.0473607643 0.0000000000
v 0.5781250000 0.0405949408 0.0000000000
v 0.5820312500 0.0473607643 0.0000000000
v 0.5429687500 0.0473607643 0.0000000000
v 0.5468750000 0.0405949408 0.0000000000
v 0.5507812500 0.0473607643 0.0000000000
v 0.9335937500 0.0202974704 0.0000000000
v 0.9375000000 0.0135316469 0.0000000000
v 0.9414062500 0.0202974704 0.0000000000
v 0.9492187500 0.0473607643 0.0000000000
v 0.9531250000 0.0405949408 0.0000000000
v 0.9570312500 0.0473607643 0.0000000000
v 0.9179687500 0.0473607643 0.0000000000
v 0.9218750000 0.0405949408 0.0000000000
v 0.9257812500 0.0473607643 0.0000000000
v 0.8710937500 0.1285506459 0.0000000000
v 0.8750000000 0.1217848224 0.0000000000
v 0.8789062500 0.1285506459 0.0000000000
v 0.8867187500 0.1556139397 0.0000000000
v 0.8906250000 0.1488481163 0.0000000000
v 0.8945312500 0.1556139397 0.0000000000
v 0.8554687500 0.1556139397 0.0000000000
v 0.8593750000 0.1488481163 0.0000000000
v 0.8632812500 0.1556139397 0.0000000000
v 0.8085937500 0.0202974704 0.0000000000
v 0.8125000000 0.0135316469 0.0000000000
v 0.8164062500 0.0202974704 0.0000000000
v 0.8242187500 0.0473607643 0.0000000000
v 0.8281250000 0.0405949408 0.0000000000
v 0.8320312500 0.0473607643 0.0000000000
v 0.7929687500 0.0473607643 0.0000000000
v 0.7968750000 0.0405949408 0.0000000000
v 0.8007812500 0.0473607643 0.0000000000
v 0.8085937500 0.2368038213 0.0000000000
v 0.8125000000 0.2300379979 0.0000000000
v 0.8164062500 0.2368038213 0.0000000000
v 0.8242187500 0.2638671152 0.0000000000
v 0.8281250000 0.2571012917 0.0000000000
v 0.8320312500 0.2638671152 0.0000000000
v 0.7929687500 0.2638671152 0.0000000000
v 0.7968750000 0.2571012917 0.0000000000
v 0.8007812500 0.2638671152 0.0000000000
v 0.7460937500 0.3450569968 0.0000000000
v 0.7500000000 0.3382911734 0.0000000000
v 0.7539062500 0.3450569968 0.0000000000
v 0.7617187500 0.3721202907 0.0000000000
v 0.7656250000 0.3653544672 0.0000000000
v 0.7695312500 0.3721202907 0.0000000000
v 0.7304687500 0.3721202907 0.0000000000
v 0.7343750000 0.3653544672 0.0000000000
v 0.7382812500 0.3721202907 0.0000000000
v 0.6835937500 0.2368038213 0.0000000000
v 0.6875000000 0.2300379979 0.0000000000
v 0.6914062500 0.2368038213 0.0000000000
v 0.6992187500 0.2638671152 0.0000000000
v 0.7031250000 0.2571012917 0.0000000000
v 0.7070312500 0.2638671152 0.0000000000
v 0.6679687500 0.2638671152 0.0000000000
v 0.6718750000 0.2571012917 0.0000000000
v 0.6757812500 0.2638671152 0.0000000000
v 0.5156250000 0.2571012917 0.0000000000
v 0.5195312500 0.2638671152 0.0000000000
v 0.5117187500 0.2638671152 0.0000000000
v 0.4843750000 0.2571012917 0.0000000000
v 0.4882812500 0.2638671152 0.0000000000
v 0.4804687500 0.2638671152 0.0000000000
v 0.5000000000 0.2300379979 0.0000000000
v 0.5039062500 0.2368038213 0.0000000000
v 0.4960937500 0.2368038213 0.0000000000
v 0.5468750000 0.3112278795 0.0000000000
v 0.5507812500 0.3179937030 0.0000000000
v 0.5429687500 0.3179937030 0.0000000000
v 0.5156250000 0.3112278795 0.0000000000
v 0.5195312500 0.3179937030 0.0000000000
v 0.5117187500 0.3179937030 0.0000000000
v 0.5312500000 0.2841645856 0.0000000000
v 0.5351562500 0.2909304091 0.0000000000
v 0.5273437500 0.2909304091 0.0000000000
v 0.4843750000 0.3112278795 0.0000000000
v 0.4882812500 0.3179937030 0.0000000000
v 0.4804687500 0.3179937030 0.0000000000
v 0.4531250000 0.3112278795 0.0000000000
v 0.4570312500 0.3179937030 0.0000000000
v 0.4492187500 0.3179937030 0.0000000000
v 0.4687500000 0.2841645856 0.0000000000
v 0.4726562500 0.2909304091 0.0000000000
v 0.4648437500 0.2909304091 0.0000000000
v 0.4804687500 0.5480317008 0.0000000000
v 0.4882812500 0.5480317008 0.0000000000
v 0.4843750000 0.5547975243 0.0000000000
v 0.4648437500 0.5750949947 0.0000000000
v 0.4726562500 0.5750949947 0.0000000000
v 0.4687500000 0.5818608182 0.0000000000
v 0.4492187500 0.5480317008 0.0000000000
v 0.4570312500 0.5480317008 0.0000000000
v 0.4531250000 0.5547975243 0.0000000000
v 0.5429687500 0.5480317008 0.0000000000
v 0.5507812500 0.5480317008 0.0000000000
v 0.5468750000 0.5547975243 0.0000000000
v 0.5273437500 0.5750949947 0.0000000000
v 0.5351562500 0.5750949947 0.0000000000
v 0.5312500000 0.5818608182 0.0000000000
v 0.5117187500 0.5480317008 0.0000000000
v 0.5195312500 0.5480317008 0.0000000000
v 0.5156250000 0.5547975243 0.0000000000
v 0.5117187500 0.6021582886 0.0000000000
v 0.5195312500 0.6021582886 0.0000000000
v 0.5156250000 0.6089241120 0.0000000000
v 0.4960937500 0.6292215824 0.0000000000
v 0.5039062500 0.6292215824 0.0000000000
v 0.5000000000 0.6359874059 0.0000000000
v 0.4804687500 0.6021582886 0.0000000000
v 0.4882812500 0.6021582886 0.0000000000
v 0.4843750000 0.6089241120 0.0000000000
v 0.2304687500 0.1150189989 0.0000000000
v 0.2382812500 0.1150189989 0.0000000000
v 0.2343750000 0.1217848224 0.0000000000
v 0.2148437500 0.1420822928 0.0000000000
v 0.2226562500 0.1420822928 0.0000000000
v 0.2187500000 0.1488481163 0.0000000000
v 0.1992187500 0.1150189989 0.0000000000
v 0.2070312500 0.1150189989 0.0000000000
v 0.2031250000 0.1217848224 0.0000000000
v 0.2929687500 0.1150189989 0.0000000000
v 0.3007812500 0.1150189989 0.0000000000
v 0.2968750000 0.1217848224 0.0000000000
v 0.2773437500 0.1420822928 0.0000000000
v 0.2851562500 0.1420822928 0.0000000000
v 0.2812500000 0.1488481163 0.0000000000
v 0.2617187500 0.1150189989 0.0000000000
v 0.2695312500 0.1150189989 0.0000000000
v 0.2656250000 0.1217848224 0.0000000000
v 0.2617187500 0.1691455867 0.0000000000
v 0.2695312500 0.1691455867 0.0000000000
v 0.2656250000 0.1759114101 0.0000000000
v 0.2460937500 0.1962088805 0.0000000000
v 0.2539062500 0.1962088805 0.0000000000
v 0.2500000000 0.2029747040 0.0000000000
v 0.2304687500 0.1691455867 0.0000000000
v 0.2382812500 0.1691455867 0.0000000000
v 0.2343750000 0.1759114101 0.0000000000
v 0.7304687500 0.1150189989 0.0000000000
v 0.7382812500 0.1150189989 0.0000000000
v 0.7343750000 0.1217848224 0.0000000000
v 0.7148437500 0.1420822928 0.0000000000
v 0.7226562500 0.1420822928 0.0000000000
v 0.7187500000 0.1488481163 0.0000000000
v 0.6992187500 0.1150189989 0.0000000000
v 0.7070312500 0.1150189989 0.0000000000
v 0.7031250000 0.1217848224 0.0000000000
v 0.7929687500 0.1150189989 0.0000000000
v 0.8007812500 0.1150189989 0.0000000000
v 0.7968750000 0.1217848224 0.0000000000
v 0.7773437500 0.1420822928 0.0000000000
v 0.7851562500 0.1420822928 0.0000000000
v 0.7812500000 0.1488481163 0.0000000000
v 0.7617187500 0.1150189989 0.0000000000
v 0.7695312500 0.1150189989 0.0000000000
v 0.7656250000 0.1217848224 0.0000000000
v 0.7617187500 0.1691455867 0.0000000000
v 0.7695312500 0.1691455867 0.0000000000
v 0.7656250000 0.1759114101 0.0000000000
v 0.7460937500 0.1962088805 0.0000000000
v 0.7539062500 0.1962088805 0.0000000000
v 0.7500000000 0.2029747040 0.0000000000
v 0.7304687500 0.1691455867 0.0000000000
v 0.7382812500 0.1691455867 0.0000000000
v 0.7343750000 0.1759114101 0.0000000000
v 0.4804687500 0.1150189989 0.0000000000
v 0.4882812500 0.1150189989 0.0000000000
v 0.4843750000 0.1217848224 0.0000000000
v 0.4648437500 0.1420822928 0.0000000000
v 0.4726562500 0.1420822928 0.0000000000
v 0.4687500000 0.1488481163 0.0000000000
v 0.4492187500 0.1150189989 0.0000000000
v 0.4570312500 0.1150189989 0.0000000000
v 0.4531250000 0.1217848224 0.0000000000
v 0.5429687500 0.1150189989 0.0000000000
v 0.5507812500 0.1150189989 0.0000000000
v 0.5468750000 0.1217848224 0.0000000000
v 0.5273437500 0.1420822928 0.0000000000
v 0.5351562500 0.1420822928 0.0000000000
v 0.5312500000 0.1488481163 0.0000000000
v 0.5117187500 0.1150189989 0.0000000000
v 0.5195312500 0.1150189989 0.0000000000
v 0.5156250000 0.1217848224 0.0000000000
v 0.5117187500 0.1691455867 0.0000000000
v 0.5195312500 0.1691455867 0.0000000000
v 0.5156250000 0.1759114101 0.0000000000
v 0.4960937500 0.1962088805 0.0000000000
v 0.5039062500 0.1962088805 0.0000000000
v 0.5000000000 0.2029747040 0.0000000000
v 0.4804687500 0.1691455867 0.0000000000
v 0.4882812500 0.1691455867 0.0000000000
v 0.4843750000 0.1759114101 0.0000000000
v 0.6054687500 0.3315253499 0.0000000000
v 0.6132812500 0.3315253499 0.0000000000
v 0.6093750000 0.3382911734 0.0000000000
v 0.5898437500 0.3585886438 0.0000000000
v 0.5976562500 0.3585886438 0.0000000000
v 0.5937500000 0.3653544672 0.0000000000
v 0.5742187500 0.3315253499 0.0000000000
v 0.5820312500 0.3315253499 0.0000000000
v 0.5781250000 0.3382911734 0.0000000000
v 0.6679687500 0.3315253499 0.0000000000
v 0.6757812500 0.3315253499 0.0000000000
v 0.6718750000 0.3382911734 0.0000000000
v 0.6523437500 0.3585886438 0.0000000000
v 0.6601562500 0.3585886438 0.0000000000
v 0.6562500000 0.3653544672 0.0000000000
v 0.6367187500 0.3315253499 0.0000000000
v 0.6445312500 0.3315253499 0.0000000000
v 0.6406250000 0.3382911734 0.0000000000
v 0.6367187500 0.3856519376 0.0000000000
v 0.6445312500 0.3856519376 0.0000000000
v 0.6406250000 0.3924177611 0.0000000000
v 0.6210937500 0.4127152315 0.0000000000
v 0.6289062500 0.4127152315 0.0000000000
v 0.6250000000 0.4194810550 0.0000000000
v 0.6054687500 0.3856519376 0.0000000000
v 0.6132812500 0.3856519376 0.0000000000
v 0.6093750000 0.3924177611 0.0000000000
v 0.3554687500 0.3315253499 0.0000000000
v 0.3632812500 0.3315253499 0.0000000000
v 0.3593750000 0.3382911734 0.0000000000
v 0.3398437500 0.3585886438 0.0000000000
v 0.3476562500 0.3585886438 0.0000000000
v 0.3437500000 0.3653544672 0.0000000000
v 0.3242187500 0.3315253499 0.0000000000
v 0.3320312500 0.3315253499 0.0000000000
v 0.3281250000 0.3382911734 0.0000000000
v 0.4179687500 0.3315253499 0.0000000000
v 0.4257812500 0.3315253499 0.0000000000
v 0.4218750000 0.3382911734 0.0000000000
v 0.4023437500 0.3585886438 0.0000000000
v 0.4101562500 0.3585886438 0.0000000000
v 0.4062500000 0.3653544672 0.0000000000
v 0.3867187500 0.3315253499 0.0000000000
v 0.3945312500 0.3315253499 0.0000000000
v 0.3906250000 0.3382911734 0.0000000000
v 0.3867187500 0.3856519376 0.0000000000
v 0.3945312500 0.3856519376 0.0000000000
v 0.3906250000 0.3924177611 0.0000000000
v 0.3710937500 0.4127152315 0.0000000000
v 0.3789062500 0.4127152315 0.0000000000
v 0.3750000000 0.4194810550 0.0000000000
v 0.3554687500 0.3856519376 0.0000000000
v 0.3632812500 0.3856519376 0.0000000000
v 0.3593750000 0.3924177611 0.0000000000
v 0.3398437500 0.5074367600 0.0000000000
v 0.3437500000 0.5006709366 0.0000000000
v 0.3476562500 0.5074367600 0.0000000000
v 0.3554687500 0.5345000539 0.0000000000
v 0.3593750000 0.5277342304 0.0000000000
v 0.3632812500 0.5345000539 0.0000000000
v 0.3242187500 0.5345000539 0.0000000000
v 0.3281250000 0.5277342304 0.0000000000
v 0.3320312500 0.5345000539 0.0000000000
v 0.3710937500 0.4533101723 0.0000000000
v 0.3750000000 0.4465443488 0.0000000000
v 0.3789062500 0.4533101723 0.0000000000
v 0.3867187500 0.4803734662 0.0000000000
v 0.3906250000 0.4736076427 0.0000000000
v 0.3945312500 0.4803734662 0.0000000000
v 0.3554687500 0.4803734662 0.0000000000
v 0.3593750000 0.4736076427 0.0000000000
v 0.3632812500 0.4803734662 0.0000000000
v 0.4023437500 0.5074367600 0.0000000000
v 0.4062500000 0.5006709366 0.0000000000
v 0.4101562500 0.5074367600 0.0000000000
v 0.4179687500 0.5345000539 0.0000000000
v 0.4218750000 0.5277342304 0.0000000000
v 0.4257812500 0.5345000539 0.0000000000
v 0.3867187500 0.5345000539 0.0000000000
v 0.3906250000 0.5277342304 0.0000000000
v 0.3945312500 0.5345000539 0.0000000000
v 0.5898437500 0.5074367600 0.0000000000
v 0.5937500000 0.5006709366 0.0000000000
v 0.5976562500 0.5074367600 0.0000000000
v 0.6054687500 0.5345000539 0.0000000000
v 0.6093750000 0.5277342304 0.0000000000
v 0.6132812500 0.5345000539 0.0000000000
v 0.5742187500 0.5345000539 0.0000000000
v 0.5781250000 0.5277342304 0.0000000000
v 0.5820312500 0.5345000539 0.0000000000
v 0.6210937500 0.4533101723 0.0000000000
v 0.6250000000 0.4465443488 0.0000000000
v 0.6289062500 0.4533101723 0.0000000000
v 0.6367187500 0.4803734662 0.0000000000
v 0.6406250000 0.4736076427 0.0000000000
v 0.6445312500 0.4803734662 0.0000000000
v 0.6054687500 0.4803734662 0.0000000000
v 0.6093750000 0.4736076427 0.0000000000
v 0.6132812500 0.4803734662 0.0000000000
v 0.6523437500 0.5074367600 0.0000000000
v 0.6562500000 0.5006709366 0.0000000000
v 0.6601562500 0.5074367600 0.0000000000
v 0.6679687500 0.5345000539 0.0000000000
v 0.6718750000 0.5277342304 0.0000000000
v 0.6757812500 0.5345000539 0.0000000000
v 0.6367187500 0.5345000539 0.0000000000
v 0.6406250000 0.5277342304 0.0000000000
v 0.6445312500 0.5345000539 0.0000000000
v 0.4648437500 0.7239431110 0.0000000000
v 0.4687500000 0.7171772875 0.0000000000
v 0.4726562500 0.7239431110 0.0000000000
v 0.4804687500 0.7510064048 0.0000000000
v 0.4843750000 0.7442405814 0.0000000000
v 0.4882812500 0.7510064048 0.0000000000
v 0.4492187500 0.7510064048 0.0000000000
v 0.4531250000 0.7442405814 0.0000000000
v 0.4570312500 0.7510064048 0.0000000000
v 0.4960937500 0.6698165232 0.0000000000
v 0.5000000000 0.6630506998 0.0000000000
v 0.5039062500 0.6698165232 0.0000000000
v 0.5117187500 0.6968798171 0.0000000000
v 0.5156250000 0.6901139936 0.0000000000
v 0.5195312500 0.6968798171 0.0000000000
v 0.4804687500 0.6968798171 0.0000000000
v 0.4843750000 0.6901139936 0.0000000000
v 0.4882812500 0.6968798171 0.0000000000
v 0.5273437500 0.7239431110 0.0000000000
v 0.5312500000 0.7171772875 0.0000000000
v 0.5351562500 0.7239431110 0.0000000000
v 0.5429687500 0.7510064048 0.0000000000
v 0.5468750000 0.7442405814 0.0000000000
v 0.5507812500 0.7510064048 0.0000000000
v 0.5117187500 0.7510064048 0.0000000000
v 0.5156250000 0.7442405814 0.0000000000
v 0.5195312500 0.7510064048 0.0000000000
v 0.0898437500 0.0744240581 0.0000000000
v 0.0937500000 0.0676582347 0.0000000000
v 0.0976562500 0.0744240581 0.0000000000
v 0.1054687500 0.1014873520 0.0000000000
v 0.1093750000 0.0947215285 0.0000000000
v 0.1132812500 0.1014873520 0.0000000000
v 0.0742187500 0.1014873520 0.0000000000
v 0.0781250000 0.0947215285 0.0000000000
v 0.0820312500 0.1014873520 0.0000000000
v 0.1210937500 0.0202974704 0.0000000000
v 0.1250000000 0.0135316469 0.0000000000
v 0.1289062500 0.0202974704 0.0000000000
v 0.1367187500 0.0473607643 0.0000000000
v 0.1406250000 0.0405949408 0.0000000000
v 0.1445312500 0.0473607643 0.0000000000
v 0.1054687500 0.0473607643 0.0000000000
v 0.1093750000 0.0405949408 0.0000000000
v 0.1132812500 0.0473607643 0.0000000000
v 0.1523437500 0.0744240581 0.0000000000
v 0.1562500000 0.0676582347 0.0000000000
v 0.1601562500 0.0744240581 0.0000000000
v 0.1679687500 0.1014873520 0.0000000000
v 0.1718750000 0.0947215285 0.0000000000
v 0.1757812500 0.1014873520 0.0000000000
v 0.1367187500 0.1014873520 0.0000000000
v 0.1406250000 0.0947215285 0.0000000000
v 0.1445312500 0.1014873520 0.0000000000
v 0.3398437500 0.0744240581 0.0000000000
v 0.3437500000 0.0676582347 0.0000000000
v 0.3476562500 0.0744240581 0.0000000000
v 0.3554687500 0.1014873520 0.0000000000
v 0.3593750000 0.0947215285 0.0000000000
v 0.3632812500 0.1014873520 0.0000000000
v 0.3242187500 0.1014873520 0.0000000000
v 0.3281250000 0.0947215285 0.0000000000
v 0.3320312500 0.1014873520 0.0000000000
v 0.3710937500 0.0202974704 0.0000000000
v 0.3750000000 0.0135316469 0.0000000000
v 0.3789062500 0.0202974704 0.0000000000
v 0.3867187500 0.0473607643 0.0000000000
v 0.3906250000 0.0405949408 0.0000000000
v 0.3945312500 0.0473607643 0.0000000000
v 0.3554687500 0.0473607643 0.0000000000
v 0.3593750000 0.0405949408 0.0000000000
v 0.3632812500 0.0473607643 0.0000000000
v 0.4023437500 0.0744240581 0.0000000000
v 0.4062500000 0.0676582347 0.0000000000
v 0.4101562500 0.0744240581 0.0000000000
v 0.4179687500 0.1014873520 0.0000000000
v 0.4218750000 0.0947215285 0.0000000000
v 0.4257812500 0.1014873520 0.0000000000
v 0.3867187500 0.1014873520 0.0000000000
v 0.3906250000 0.0947215285 0.0000000000
v 0.3945312500 0.1014873520 0.0000000000
v 0.2148437500 0.2909304091 0.0000000000
v 0.2187500000 0.2841645856 0.0000000000
v 0.2226562500 0.2909304091 0.0000000000
v 0.2304687500 0.3179937030 0.0000000000
v 0.2343750000 0.3112278795 0.0000000000
v 0.2382812500 0.3179937030 0.0000000000
v 0.1992187500 0.3179937030 0.0000000000
v 0.2031250000 0.3112278795 0.0000000000
v 0.2070312500 0.3179937030 0.0000000000
v 0.2460937500 0.2368038213 0.0000000000
v 0.2500000000 0.2300379979 0.0000000000
v 0.2539062500 0.2368038213 0.0000000000
v 0.2617187500 0.2638671152 0.0000000000
v 0.2656250000 0.2571012917 0.0000000000
v 0.2695312500 0.2638671152 0.0000000000
v 0.2304687500 0.2638671152 0.0000000000
v 0.2343750000 0.2571012917 0.0000000000
v 0.2382812500 0.2638671152 0.0000000000
v 0.2773437500 0.2909304091 0.0000000000
v 0.2812500000 0.2841645856 0.0000000000
v 0.2851562500 0.2909304091 0.0000000000
v 0.2929687500 0.3179937030 0.0000000000
v 0.2968750000 0.3112278795 0.0000000000
v 0.3007812500 0.3179937030 0.0000000000
v 0.2617187500 0.3179937030 0.0000000000
v 0.2656250000 0.3112278795 0.0000000000
v 0.2695312500 0.3179937030 0.0000000000
v 0.5898437500 0.0744240581 0.0000000000
v 0.5937500000 0.0676582347 0.0000000000
v 0.5976562500 0.0744240581 0.0000000000
v 0.6054687500 0.1014873520 0.0000000000
v 0.6093750000 0.0947215285 0.0000000000
v 0.6132812500 0.1014873520 0.0000000000
v 0.5742187500 0.1014873520 0.0000000000
v 0.5781250000 0.0947215285 0.0000000000
v 0.5820312500 0.1014873520 0.0000000000
v 0.6210937500 0.0202974704 0.0000000000
v 0.6250000000 0.0135316469 0.0000000000
v 0.6289062500 0.0202974704 0.0000000000
v 0.6367187500 0.0473607643 0.0000000000
v 0.6406250000 0.0405949408 0.0000000000
v 0.6445312500 0.0473607643 0.0000000000
v 0.6054687500 0.0473607643 0.0000000000
v 0.6093750000 0.0405949408 0.0000000000
v 0.6132812500 0.0473607643 0.0000000000
v 0.6523437500 0.0744240581 0.0000000000
v 0.6562500000 0.0676582347 0.0000000000
v 0.6601562500 0.0744240581 0.0000000000
v 0.6679687500 0.1014873520 0.0000000000
v 0.6718750000 0.0947215285 0.0000000000
v 0.6757812500 0.1014873520 0.0000000000
v 0.6367187500 0.1014873520 0.0000000000
v 0.6406250000 0.0947215285 0.0000000000
v 0.6445312500 0.1014873520 0.0000000000
v 0.8398437500 0.0744240581 0.0000000000
v 0.8437500000 0.0676582347 0.0000000000
v 0.8476562500 0.0744240581 0.0000000000
v 0.8554687500 0.1014873520 0.0000000000
v 0.8593750000 0.0947215285 0.0000000000
v 0.8632812500 0.1014873520 0.0000000000
v 0.8242187500 0.1014873520 0.0000000000
v 0.8281250000 0.0947215285 0.0000000000
v 0.8320312500 0.1014873520 0.0000000000
v 0.8710937500 0.0202974704 0.0000000000
v 0.8750000000 0.0135316469 0.0000000000
v 0.8789062500 0.0202974704 0.0000000000
v 0.8867187500 0.0473607643 0.0000000000
v 0.8906250000 0.0405949408 0.0000000000
v 0.8945312500 0.0473607643 0.0000000000
v 0.8554687500 0.0473607643 0.0000000000
v 0.8593750000 0.0405949408 0.0000000000
v 0.8632812500 0.0473607643 0.0000000000
v 0.9023437500 0.0744240581 0.0000000000
v 0.9062500000 0.0676582347 0.0000000000
v 0.9101562500 0.0744240581 0.0000000000
v 0.9179687500 0.1014873520 0.0000000000
v 0.9218750000 0.0947215285 0.0000000000
v 0.9257812500 0.1014873520 0.0000000000
v 0.8867187500 0.1014873520 0.0000000000
v 0.8906250000 0.0947215285 0.0000000000
v 0.8945312500 0.1014873520 0.0000000000
v 0.7148437500 0.2909304091 0.0000000000
v 0.7187500000 0.2841645856 0.0000000000
v 0.7226562500 0.2909304091 0.0000000000
v 0.7304687500 0.3179937030 0.0000000000
v 0.7343750000 0.3112278795 0.0000000000
v 0.7382812500 0.3179937030 0.0000000000
v 0.6992187500 0.3179937030 0.0000000000
v 0.7031250000 0.3112278795 0.0000000000
v 0.7070312500 0.3179937030 0.0000000000
v 0.7460937500 0.2368038213 0.0000000000
v 0.7500000000 0.2300379979 0.0000000000
v 0.7539062500 0.2368038213 0.0000000000
v 0.7617187500 0.2638671152 0.0000000000
v 0.7656250000 0.2571012917 0.0000000000
v 0.7695312500 0.2638671152 0.0000000000
v 0.7304687500 0.2638671152 0.0000000000
v 0.7343750000 0.2571012917 0.0000000000
v 0.7382812500 0.2638671152 0.0000000000
v 0.7773437500 0.2909304091 0.0000000000
v 0.7812500000 0.2841645856 0.0000000000
v 0.7851562500 0.2909304091 0.0000000000
v 0.7929687500 0.3179937030 0.0000000000
v 0.7968750000 0.3112278795 0.0000000000
v 0.8007812500 0.3179937030 0.0000000000
v 0.7617187500 0.3179937030 0.0000000000
v 0.7656250000 0.3112278795 0.0000000000
v 0.7695312500 0.3179937030 0.0000000000
v 0.4804687500 0.3315253499 0.0000000000
v 0.4882812500 0.3315253499 0.0000000000
v 0.4843750000 0.3382911734 0.0000000000
v 0.4648437500 0.3585886438 0.0000000000
v 0.4726562500 0.3585886438 0.0000000000
v 0.4687500000 0.3653544672 0.0000000000
v 0.4492187500 0.3315253499 0.0000000000
v 0.4570312500 0.3315253499 0.0000000000
v 0.4531250000 0.3382911734 0.0000000000
v 0.5429687500 0.3315253499 0.0000000000
v 0.5507812500 0.3315253499 0.0000000000
v 0.5468750000 0.3382911734 0.0000000000
v 0.5273437500 0.3585886438 0.0000000000
v 0.5351562500 0.3585886438 0.0000000000
v 0.5312500000 0.3653544672 0.0000000000
v 0.5117187500 0.3315253499 0.0000000000
v 0.5195312500 0.3315253499 0.0000000000
v 0.5156250000 0.3382911734 0.0000000000
v 0.5117187500 0.3856519376 0.0000000000
v 0.5195312500 0.3856519376 0.0000000000
v 0.5156250000 0.3924177611 0.0000000000
v 0.4960937500 0.4127152315 0.0000000000
v 0.5039062500 0.4127152315 0.0000000000
v 0.5000000000 0.4194810550 0.0000000000
v 0.4804687500 0.3856519376 0.0000000000
v 0.4882812500 0.3856519376 0.0000000000
v 0.4843750000 0.3924177611 0.0000000000
v 0.4179687500 0.2232721744 0.0000000000
v 0.4257812500 0.2232721744 0.0000000000
v 0.4218750000 0.2300379979 0.0000000000
v 0.4023437500 0.2503354683 0.0000000000
v 0.4101562500 0.2503354683 0.0000000000
v 0.4062500000 0.2571012917 0.0000000000
v 0.3867187500 0.2232721744 0.0000000000
v 0.3945312500 0.2232721744 0.0000000000
v 0.3906250000 0.2300379979 0.0000000000
v 0.4804687500 0.2232721744 0.0000000000
v 0.4882812500 0.2232721744 0.0000000000
v 0.4843750000 0.2300379979 0.0000000000
v 0.4648437500 0.2503354683 0.0000000000
v 0.4726562500 0.2503354683 0.0000000000
v 0.4687500000 0.2571012917 0.0000000000
v 0.4492187500 0.2232721744 0.0000000000
v 0.4570312500 0.2232721744 0.0000000000
v 0.4531250000 0.2300379979 0.0000000000
v 0.4492187500 0.2773987621 0.0000000000
v 0.4570312500 0.2773987621 0.0000000000
v 0.4531250000 0.2841645856 0.0000000000
v 0.4335937500 0.3044620560 0.0000000000
v 0.4414062500 0.3044620560 0.0000000000
v 0.4375000000 0.3112278795 0.0000000000
v 0.4179687500 0.2773987621 0.0000000000
v 0.4257812500 0.2773987621 0.0000000000
v 0.4218750000 0.2841645856 0.0000000000
v 0.5429687500 0.2232721744 0.0000000000
v 0.5507812500 0.2232721744 0.0000000000
v 0.5468750000 0.2300379979 0.0000000000
v 0.5273437500 0.2503354683 0.0000000000
v 0.5351562500 0.2503354683 0.0000000000
v 0.5312500000 0.2571012917 0.0000000000
v 0.5117187500 0.2232721744 0.0000000000
v 0.5195312500 0.2232721744 0.0000000000
v 0.5156250000 0.2300379979 0.0000000000
v 0.6054687500 0.2232721744 0.0000000000
v 0.6132812500 0.2232721744 0.0000000000
v 0.6093750000 0.2300379979 0.0000000000
v 0.5898437500 0.2503354683 0.0000000000
v 0.5976562500 0.2503354683 0.0000000000
v 0.5937500000 0.2571012917 0.0000000000
v 0.5742187500 0.2232721744 0.0000000000
v 0.5820312500 0.2232721744 0.0000000000
v 0.5781250000 0.2300379979 0.0000000000
v 0.5742187500 0.2773987621 0.0000000000
v 0.5820312500 0.2773987621 0.0000000000
v 0.5781250000 0.2841645856 0.0000000000
v 0.5585937500 0.3044620560 0.0000000000
v 0.5664062500 0.3044620560 0.0000000000
v 0.5625000000 0.3112278795 0.0000000000
v 0.5429687500 0.2773987621 0.0000000000
v 0.5507812500 0.2773987621 0.0000000000
v 0.5468750000 0.2841645856 0.0000000000
v 0.5273437500 0.6156899355 0.0000000000
v 0.5312500000 0.6089241120 0.0000000000
v 0.5351562500 0.6156899355 0.0000000000
v 0.5429687500 0.6427532294 0.0000000000
v 0.5468750000 0.6359874059 0.0000000000
v 0.5507812500 0.6427532294 0.0000000000
v 0.5117187500 0.6427532294 0.0000000000
v 0.5156250000 0.6359874059 0.0000000000
v 0.5195312500 0.6427532294 0.0000000000
v 0.5585937500 0.5615633478 0.0000000000
v 0.5625000000 0.5547975243 0.0000000000
v 0.5664062500 0.5615633478 0.0000000000
v 0.5742187500 0.5886266416 0.0000000000
v 0.5781250000 0.5818608182 0.0000000000
v 0.5820312500 0.5886266416 0.0000000000
v 0.5429687500 0.5886266416 0.0000000000
v 0.5468750000 0.5818608182 0.0000000000
v 0.5507812500 0.5886266416 0.0000000000
v 0.5898437500 0.6156899355 0.0000000000
v 0.5937500000 0.6089241120 0.0000000000
v 0.5976562500 0.6156899355 0.0000000000
v 0.6054687500 0.6427532294 0.0000000000
v 0.6093750000 0.6359874059 0.0000000000
v 0.6132812500 0.6427532294 0.0000000000
v 0.5742187500 0.6427532294 0.0000000000
v 0.5781250000 0.6359874059 0.0000000000
v 0.5820312500 0.6427532294 0.0000000000
v 0.4023437500 0.6156899355 0.0000000000
v 0.4062500000 0.6089241120 0.0000000000
v 0.4101562500 0.6156899355 0.0000000000
v 0.4179687500 0.6427532294 0.0000000000
v 0.4218750000 0.6359874059 0.0000000000
v 0.4257812500 0.6427532294 0.0000000000
v 0.3867187500 0.6427532294 0.0000000000
v 0.3906250000 0.6359874059 0.0000000000
v 0.3945312500 0.6427532294 0.0000000000
v 0.4335937500 0.5615633478 0.0000000000
v 0.4375000000 0.5547975243 0.0000000000
v 0.4414062500 0.5615633478 0.0000000000
v 0.4492187500 0.5886266416 0.0000000000
v 0.4531250000 0.5818608182 0.0000000000
v 0.4570312500 0.5886266416 0.0000000000
v 0.4179687500 0.5886266416 0.0000000000
v 0.4218750000 0.5818608182 0.0000000000
v 0.4257812500 0.5886266416 0.0000000000
v 0.4648437500 0.6156899355 0.0000000000
v 0.4687500000 0.6089241120 0.0000000000
v 0.4726562500 0.6156899355 0.0000000000
v 0.4804687500 0.6427532294 0.0000000000
v 0.4843750000 0.6359874059 0.0000000000
v 0.4882812500 0.6427532294 0.0000000000
v 0.4492187500 0.6427532294 0.0000000000
v 0.4531250000 0.6359874059 0.0000000000
v 0.4570312500 0.6427532294 0.0000000000
v 0.4648437500 0.5074367600 0.0000000000
v 0.4687500000 0.5006709366 0.0000000000
v 0.4726562500 0.5074367600 0.0000000000
v 0.4804687500 0.5345000539 0.0000000000
v 0.4843750000 0.5277342304 0.0000000000
v 0.4882812500 0.5345000539 0.0000000000
v 0.4492187500 0.5345000539 0.0000000000
v 0.4531250000 0.5277342304 0.0000000000
v 0.4570312500 0.5345000539 0.0000000000
v 0.4960937500 0.4533101723 0.0000000000
v 0.5000000000 0.4465443488 0.0000000000
v 0.5039062500 0.4533101723 0.0000000000
v 0.5117187500 0.4803734662 0.0000000000
v 0.5156250000 0.4736076427 0.0000000000
v 0.5195312500 0.4803734662 0.0000000000
v 0.4804687500 0.4803734662 0.0000000000
v 0.4843750000 0.4736076427 0.0000000000
v 0.4882812500 0.4803734662 0.0000000000
v 0.5273437500 0.5074367600 0.0000000000
v 0.5312500000 0.5006709366 0.0000000000
v 0.5351562500 0.5074367600 0.0000000000
v 0.5429687500 0.5345000539 0.0000000000
v 0.5468750000 0.5277342304 0.0000000000
v 0.5507812500 0.5345000539 0.0000000000
v 0.5117187500 0.5345000539 0.0000000000
v 0.5156250000 0.5277342304 0.0000000000
v 0.5195312500 0.5345000539 0.0000000000
v 0.2773437500 0.1826772336 0.0000000000
v 0.2812500000 0.1759114101 0.0000000000
v 0.2851562500 0.1826772336 0.0000000000
v 0.2929687500 0.2097405275 0.0000000000
v 0.2968750000 0.2029747040 0.0000000000
v 0.3007812500 0.2097405275 0.0000000000
v 0.2617187500 0.2097405275 0.0000000000
v 0.2656250000 0.2029747040 0.0000000000
v 0.2695312500 0.2097405275 0.0000000000
v 0.3085937500 0.1285506459 0.0000000000
v 0.3125000000 0.1217848224 0.0000000000
v 0.3164062500 0.1285506459 0.0000000000
v 0.3242187500 0.1556139397 0.0000000000
v 0.3281250000 0.1488481163 0.0000000000
v 0.3320312500 0.1556139397 0.0000000000
v 0.2929687500 0.1556139397 0.0000000000
v 0.2968750000 0.1488481163 0.0000000000
v 0.3007812500 0.1556139397 0.0000000000
v 0.3398437500 0.1826772336 0.0000000000
v 0.3437500000 0.1759114101 0.0000000000
v 0.3476562500 0.1826772336 0.0000000000
v 0.3554687500 0.2097405275 0.0000000000
v 0.3593750000 0.2029747040 0.0000000000
v 0.3632812500 0.2097405275 0.0000000000
v 0.3242187500 0.2097405275 0.0000000000
v 0.3281250000 0.2029747040 0.0000000000
v 0.3320312500 0.2097405275 0.0000000000
v 0.1523437500 0.1826772336 0.0000000000
v 0.1562500000 0.1759114101 0.0000000000
v 0.1601562500 0.1826772336 0.0000000000
v 0.1679687500 0.2097405275 0.0000000000
v 0.1718750000 0.2029747040 0.0000000000
v 0.1757812500 0.2097405275 0.0000000000
v 0.1367187500 0.2097405275 0.0000000000
v 0.1406250000 0.2029747040 0.0000000000
v 0.1445312500 0.2097405275 0.0000000000
v 0.1835937500 0.1285506459 0.0000000000
v 0.1875000000 0.1217848224 0.0000000000
v 0.1914062500 0.1285506459 0.0000000000
v 0.1992187500 0.1556139397 0.0000000000
v 0.2031250000 0.1488481163 0.0000000000
v 0.2070312500 0.1556139397 0.0000000000
v 0.1679687500 0.1556139397 0.0000000000
v 0.1718750000 0.1488481163 0.0000000000
v 0.1757812500 0.1556139397 0.0000000000
v 0.2148437500 0.1826772336 0.0000000000
v 0.2187500000 0.1759114101 0.0000000000
v 0.2226562500 0.1826772336 0.0000000000
v 0.2304687500 0.2097405275 0.0000000000
v 0.2343750000 0.2029747040 0.0000000000
v 0.2382812500 0.2097405275 0.0000000000
v 0.1992187500 0.2097405275 0.0000000000
v 0.2031250000 0.2029747040 0.0000000000
v 0.2070312500 0.2097405275 0.0000000000
v 0.2148437500 0.0744240581 0.0000000000
v 0.2187500000 0.0676582347 0.0000000000
v 0.2226562500 0.0744240581 0.0000000000
v 0.2304687500 0.1014873520 0.0000000000
v 0.2343750000 0.0947215285 0.0000000000
v 0.2382812500 0.1014873520 0.0000000000
v 0.1992187500 0.1014873520 0.0000000000
v 0.2031250000 0.0947215285 0.0000000000
v 0.2070312500 0.1014873520 0.0000000000
v 0.2460937500 0.0202974704 0.0000000000
v 0.2500000000 0.0135316469 0.0000000000
v 0.2539062500 0.0202974704 0.0000000000
v 0.2617187500 0.0473607643 0.0000000000
v 0.2656250000 0.0405949408 0.0000000000
v 0.2695312500 0.0473607643 0.0000000000
v 0.2304687500 0.0473607643 0.0000000000
v 0.2343750000 0.0405949408 0.0000000000
v 0.2382812500 0.0473607643 0.0000000000
v 0.2773437500 0.0744240581 0.0000000000
v 0.2812500000 0.0676582347 0.0000000000
v 0.2851562500 0.0744240581 0.0000000000
v 0.2929687500 0.1014873520 0.0000000000
v 0.2968750000 0.0947215285 0.0000000000
v 0.3007812500 0.1014873520 0.0000000000
v 0.2617187500 0.1014873520 0.0000000000
v 0.2656250000 0.0947215285 0.0000000000
v 0.2695312500 0.1014873520 0.0000000000
v 0.7773437500 0.1826772336 0.0000000000
v 0.7812500000 0.1759114101 0.0000000000
v 0.7851562500 0.1826772336 0.0000000000
v 0.7929687500 0.2097405275 0.0000000000
v 0.7968750000 0.2029747040 0.0000000000
v 0.8007812500 0.2097405275 0.0000000000
v 0.7617187500 0.2097405275 0.0000000000
v 0.7656250000 0.2029747040 0.0000000000
v 0.7695312500 0.2097405275 0.0000000000
v 0.8085937500 0.1285506459 0.0000000000
v 0.8125000000 0.1217848224 0.0000000000
v 0.8164062500 0.1285506459 0.0000000000
v 0.8242187500 0.1556139397 0.0000000000
v 0.8281250000 0.1488481163 0.0000000000
v 0.8320312500 0.1556139397 0.0000000000
v 0.7929687500 0.1556139397 0.0000000000
v 0.7968750000 0.1488481163 0.0000000000
v 0.8007812500 0.1556139397 0.0000000000
v 0.8398437500 0.1826772336 0.0000000000
v 0.8437500000 0.1759114101 0.0000000000
v 0.8476562500 0.1826772336 0.0000000000
v 0.8554687500 0.2097405275 0.0000000000
v 0.8593750000 0.2029747040 0.0000000000
v 0.8632812500 0.2097405275 0.0000000000
v 0.8242187500 0.2097405275 0.0000000000
v 0.8281250000 0.2029747040 0.0000000000
v 0.8320312500 0.2097405275 0.0000000000
v 0.6523437500 0.1826772336 0.0000000000
v 0.6562500000 0.1759114101 0.0000000000
v 0.6601562500 0.1826772336 0.0000000000
v 0.6679687500 0.2097405275 0.0000000000
v 0.6718750000 0.2029747040 0.0000000000
v 0.6757812500 0.2097405275 0.0000000000
v 0.6367187500 0.2097405275 0.0000000000
v 0.6406250000 0.2029747040 0.0000000000
v 0.6445312500 0.2097405275 0.0000000000
v 0.6835937500 0.1285506459 0.0000000000
v 0.6875000000 0.1217848224 0.0000000000
v 0.6914062500 0.1285506459 0.0000000000
v 0.6992187500 0.1556139397 0.0000000000
v 0.7031250000 0.1488481163 0.0000000000
v 0.7070312500 0.1556139397 0.0000000000
v 0.6679687500 0.1556139397 0.0000000000
v 0.6718750000 0.1488481163 0.0000000000
v 0.6757812500 0.1556139397 0.0000000000
v 0.7148437500 0.1826772336 0.0000000000
v 0.7187500000 0.1759114101 0.0000000000
v 0.7226562500 0.1826772336 0.0000000000
v 0.7304687500 0.2097405275 0.0000000000
v 0.7343750000 0.2029747040 0.0000000000
v 0.7382812500 0.2097405275 0.0000000000
v 0.6992187500 0.2097405275 0.0000000000
v 0.7031250000 0.2029747040 0.0000000000
v 0.7070312500 0.2097405275 0.0000000000
v 0.7148437500 0.0744240581 0.0000000000
v 0.7187500000 0.0676582347 0.0000000000
v 0.7226562500 0.0744240581 0.0000000000
v 0.7304687500 0.1014873520 0.0000000000
v 0.7343750000 0.0947215285 0.0000000000
v 0.7382812500 0.1014873520 0.0000000000
v 0.6992187500 0.1014873520 0.0000000000
v 0.7031250000 0.0947215285 0.0000000000
v 0.7070312500 0.1014873520 0.0000000000
v 0.7460937500 0.0202974704 0.0000000000
v 0.7500000000 0.0135316469 0.0000000000
v 0.7539062500 0.0202974704 0.0000000000
v 0.7617187500 0.0473607643 0.0000000000
v 0.7656250000 0.0405949408 0.0000000000
v 0.7695312500 0.0473607643 0.0000000000
v 0.7304687500 0.0473607643 0.0000000000
v 0.7343750000 0.0405949408 0.0000000000
v 0.7382812500 0.0473607643 0.0000000000
v 0.7773437500 0.0744240581 0.0000000000
v 0.7812500000 0.0676582347 0.0000000000
v 0.7851562500 0.0744240581 0.0000000000
v 0.7929687500 0.1014873520 0.0000000000
v 0.7968750000 0.0947215285 0.0000000000
v 0.8007812500 0.1014873520 0.0000000000
v 0.7617187500 0.1014873520 0.0000000000
v 0.7656250000 0.0947215285 0.0000000000
v 0.7695312500 0.1014873520 0.0000000000
v 0.5273437500 0.1826772336 0.0000000000
v 0.5312500000 0.1759114101 0.0000000000
v 0.5351562500 0.1826772336 0.0000000000
v 0.5429687500 0.2097405275 0.0000000000
v 0.5468750000 0.2029747040 0.0000000000
v 0.5507812500 0.2097405275 0.0000000000
v 0.5117187500 0.2097405275 0.0000000000
v 0.5156250000 0.2029747040 0.0000000000
v 0.5195312500 0.2097405275 0.0000000000
v 0.5585937500 0.1285506459 0.0000000000
v 0.5625000000 0.1217848224 0.0000000000
v 0.5664062500 0.1285506459 0.0000000000
v 0.5742187500 0.1556139397 0.0000000000
v 0.5781250000 0.1488481163 0.0000000000
v 0.5820312500 0.1556139397 0.0000000000
v 0.5429687500 0.1556139397 0.0000000000
v 0.5468750000 0.1488481163 0.0000000000
v 0.5507812500 0.1556139397 0.0000000000
v 0.5898437500 0.1826772336 0.0000000000
v 0.5937500000 0.1759114101 0.0000000000
v 0.5976562500 0.1826772336 0.0000000000
v 0.6054687500 0.2097405275 0.0000000000
v 0.6093750000 0.2029747040 0.0000000000
v 0.6132812500 0.2097405275 0.0000000000
v 0.5742187500 0.2097405275 0.0000000000
v 0.5781250000 0.2029747040 0.0000000000
v 0.5820312500 0.2097405275 0.0000000000
v 0.4023437500 0.1826772336 0.0000000000
v 0.4062500000 0.1759114101 0.0000000000
v 0.4101562500 0.1826772336 0.0000000000
v 0.4179687500 0.2097405275 0.0000000000
v 0.4218750000 0.2029747040 0.0000000000
v 0.4257812500 0.2097405275 0.0000000000
v 0.3867187500 0.2097405275 0.0000000000
v 0.3906250000 0.2029747040 0.0000000000
v 0.3945312500 0.2097405275 0.0000000000
v 0.4335937500 0.1285506459 0.0000000000
v 0.4375000000 0.1217848224 0.0000000000
v 0.4414062500 0.1285506459 0.0000000000
v 0.4492187500 0.1556139397 0.0000000000
v 0.4531250000 0.1488481163 0.0000000000
v 0.4570312500 0.1556139397 0.0000000000
v 0.4179687500 0.1556139397 0.0000000000
v 0.4218750000 0.1488481163 0.0000000000
v 0.4257812500 0.1556139397 0.0000000000
v 0.4648437500 0.1826772336 0.0000000000
v 0.4687500000 0.1759114101 0.0000000000
v 0.4726562500 0.1826772336 0.0000000000
v 0.4804687500 0.2097405275 0.0000000000
v 0.4843750000 0.2029747040 0.0000000000
v 0.4882812500 0.2097405275 0.0000000000
v 0.4492187500 0.2097405275 0.0000000000
v 0.4531250000 0.2029747040 0.0000000000
v 0.4570312500 0.2097405275 0.0000000000
v 0.4648437500 0.0744240581 0.0000000000
v 0.4687500000 0.0676582347 0.0000000000
v 0.4726562500 0.0744240581 0.0000000000
v 0.4804687500 0.1014873520 0.0000000000
v 0.4843750000 0.0947215285 0.0000000000
v 0.4882812500 0.1014873520 0.0000000000
v 0.4492187500 0.1014873520 0.0000000000
v 0.4531250000 0.0947215285 0.0000000000
v 0.4570312500 0.1014873520 0.0000000000
v 0.4960937500 0.0202974704 0.0000000000
v 0.5000000000 0.0135316469 0.0000000000
v 0.5039062500 0.0202974704 0.0000000000
v 0.5117187500 0.0473607643 0.0000000000
v 0.5156250000 0.0405949408 0.0000000000
v 0.5195312500 0.0473607643 0.0000000000
v 0.4804687500 0.0473607643 0.0000000000
v 0.4843750000 0.0405949408 0.0000000000
v 0.4882812500 0.0473607643 0.0000000000
v 0.5273437500 0.0744240581 0.0000000000
v 0.5312500000 0.0676582347 0.0000000000
v 0.5351562500 0.0744240581 0.0000000000
v 0.5429687500 0.1014873520 0.0000000000
v 0.5468750000 0.0947215285 0.0000000000
v 0.5507812500 0.1014873520 0.0000000000
v 0.5117187500 0.1014873520 0.0000000000
v 0.5156250000 0.0947215285 0.0000000000
v 0.5195312500 0.1014873520 0.0000000000
v 0.6523437500 0.3991835846 0.0000000000
v 0.6562500000 0.3924177611 0.0000000000
v 0.6601562500 0.3991835846 0.0000000000
v 0.6679687500 0.4262468784 0.0000000000
v 0.6718750000 0.4194810550 0.0000000000
v 0.6757812500 0.4262468784 0.0000000000
v 0.6367187500 0.4262468784 0.0000000000
v 0.6406250000 0.4194810550 0.0000000000
v 0.6445312500 0.4262468784 0.0000000000
v 0.6835937500 0.3450569968 0.0000000000
v 0.6875000000 0.3382911734 0.0000000000
v 0.6914062500 0.3450569968 0.0000000000
v 0.6992187500 0.3721202907 0.0000000000
v 0.7031250000 0.3653544672 0.0000000000
v 0.7070312500 0.3721202907 0.0000000000
v 0.6679687500 0.3721202907 0.0000000000
v 0.6718750000 0.3653544672 0.0000000000
v 0.6757812500 0.3721202907 0.0000000000
v 0.7148437500 0.3991835846 0.0000000000
v 0.7187500000 0.3924177611 0.0000000000
v 0.7226562500 0.3991835846 0.0000000000
v 0.7304687500 0.4262468784 0.0000000000
v 0.7343750000 0.4194810550 0.0000000000
v 0.7382812500 0.4262468784 0.0000000000
v 0.6992187500 0.4262468784 0.0000000000
v 0.7031250000 0.4194810550 0.0000000000
v 0.7070312500 0.4262468784 0.0000000000
v 0.5273437500 0.3991835846 0.0000000000
v 0.5312500000 0.3924177611 0.0000000000
v 0.5351562500 0.3991835846 0.0000000000
v 0.5429687500 0.4262468784 0.0000000000
v 0.5468750000 0.4194810550 0.0000000000
v 0.5507812500 0.4262468784 0.0000000000
v 0.5117187500 0.4262468784 0.0000000000
v 0.5156250000 0.4194810550 0.0000000000
v 0.5195312500 0.4262468784 0.0000000000
v 0.5585937500 0.3450569968 0.0000000000
v 0.5625000000 0.3382911734 0.0000000000
v 0.5664062500 0.3450569968 0.0000000000
v 0.5742187500 0.3721202907 0.0000000000
v 0.5781250000 0.3653544672 0.0000000000
v 0.5820312500 0.3721202907 0.0000000000
v 0.5429687500 0.3721202907 0.0000000000
v 0.5468750000 0.3653544672 0.0000000000
v 0.5507812500 0.3721202907 0.0000000000
v 0.5898437500 0.3991835846 0.0000000000
v 0.5937500000 0.3924177611 0.0000000000
v 0.5976562500 0.3991835846 0.0000000000
v 0.6054687500 0.4262468784 0.0000000000
v 0.6093750000 0.4194810550 0.0000000000
v 0.6132812500 0.4262468784 0.0000000000
v 0.5742187500 0.4262468784 0.0000000000
v 0.5781250000 0.4194810550 0.0000000000
v 0.5820312500 0.4262468784 0.0000000000
v 0.5898437500 0.2909304091 0.0000000000
v 0.5937500000 0.2841645856 0.0000000000
v 0.5976562500 0.2909304091 0.0000000000
v 0.6054687500 0.3179937030 0.0000000000
v 0.6093750000 0.3112278795 0.0000000000
v 0.6132812500 0.3179937030 0.0000000000
v 0.5742187500 0.3179937030 0.0000000000
v 0.5781250000 0.3112278795 0.0000000000
v 0.5820312500 0.3179937030 0.0000000000
v 0.6210937500 0.2368038213 0.0000000000
v 0.6250000000 0.2300379979 0.0000000000
v 0.6289062500 0.2368038213 0.0000000000
v 0.6367187500 0.2638671152 0.0000000000
v 0.6406250000 0.2571012917 0.0000000000
v 0.6445312500 0.2638671152 0.0000000000
v 0.6054687500 0.2638671152 0.0000000000
v 0.6093750000 0.2571012917 0.0000000000
v 0.6132812500 0.2638671152 0.0000000000
v 0.6523437500 0.2909304091 0.0000000000
v 0.6562500000 0.2841645856 0.0000000000
v 0.6601562500 0.2909304091 0.0000000000
v 0.6679687500 0.3179937030 0.0000000000
v 0.6718750000 0.3112278795 0.0000000000
v 0.6757812500 0.3179937030 0.0000000000
v 0.6367187500 0.3179937030 0.0000000000
v 0.6406250000 0.3112278795 0.0000000000
v 0.6445312500 0.3179937030 0.0000000000
v 0.4023437500 0.3991835846 0.0000000000
v 0.4062500000 0.3924177611 0.0000000000
v 0.4101562500 0.3991835846 0.0000000000
v 0.4179687500 0.4262468784 0.0000000000
v 0.4218750000 0.4194810550 0.0000000000
v 0.4257812500 0.4262468784 0.0000000000
v 0.3867187500 0.4262468784 0.0000000000
v 0.3906250000 0.4194810550 0.0000000000
v 0.3945312500 0.4262468784 0.0000000000
v 0.4335937500 0.3450569968 0.0000000000
v 0.4375000000 0.3382911734 0.0000000000
v 0.4414062500 0.3450569968 0.0000000000
v 0.4492187500 0.3721202907 0.0000000000
v 0.4531250000 0.3653544672 0.0000000000
v 0.4570312500 0.3721202907 0.0000000000
v 0.4179687500 0.3721202907 0.0000000000
v 0.4218750000 0.3653544672 0.0000000000
v 0.4257812500 0.3721202907 0.0000000000
v 0.4648437500 0.3991835846 0.0000000000
v 0.4687500000 0.3924177611 0.0000000000
v 0.4726562500 0.3991835846 0.0000000000
v 0.4804687500 0.4262468784 0.0000000000
v 0.4843750000 0.4194810550 0.0000000000
v 0.4882812500 0.4262468784 0.0000000000
v 0.4492187500 0.4262468784 0.0000000000
v 0.4531250000 0.4194810550 0.0000000000
v 0.4570312500 0.4262468784 0.0000000000
v 0.2773437500 0.3991835846 0.0000000000
v 0.2812500000 0.3924177611 0.0000000000
v 0.2851562500 0.3991835846 0.0000000000
v 0.2929687500 0.4262468784 0.0000000000
v 0.2968750000 0.4194810550 0.0000000000
v 0.3007812500 0.4262468784 0.0000000000
v 0.2617187500 0.4262468784 0.0000000000
v 0.2656250000 0.4194810550 0.0000000000
v 0.2695312500 0.4262468784 0.0000000000
v 0.3085937500 0.3450569968 0.0000000000
v 0.3125000000 0.3382911734 0.0000000000
v 0.3164062500 0.3450569968 0.0000000000
v 0.3242187500 0.3721202907 0.0000000000
v 0.3281250000 0.3653544672 0.0000000000
v 0.3320312500 0.3721202907 0.0000000000
v 0.2929687500 0.3721202907 0.0000000000
v 0.2968750000 0.3653544672 0.0000000000
v 0.3007812500 0.3721202907 0.0000000000
v 0.3398437500 0.3991835846 0.0000000000
v 0.3437500000 0.3924177611 0.0000000000
v 0.3476562500 0.3991835846 0.0000000000
v 0.3554687500 0.4262468784 0.0000000000
v 0.3593750000 0.4194810550 0.0000000000
v 0.3632812500 0.4262468784 0.0000000000
v 0.3242187500 0.4262468784 0.0000000000
v 0.3281250000 0.4194810550 0.0000000000
v 0.3320312500 0.4262468784 0.0000000000
v 0.3398437500 0.2909304091 0.0000000000
v 0.3437500000 0.2841645856 0.0000000000
v 0.3476562500 0.2909304091 0.0000000000
v 0.3554687500 0.3179937030 0.0000000000
v 0.3593750000 0.3112278795 0.0000000000
v 0.3632812500 0.3179937030 0.0000000000
v 0.3242187500 0.3179937030 0.0000000000
v 0.3281250000 0.3112278795 0.0000000000
v 0.3320312500 0.3179937030 0.0000000000
v 0.3710937500 0.2368038213 0.0000000000
v 0.3750000000 0.2300379979 0.0000000000
v 0.3789062500 0.2368038213 0.0000000000
v 0.3867187500 0.2638671152 0.0000000000
v 0.3906250000 0.2571012917 0.0000000000
v 0.3945312500 0.2638671152 0.0000000000
v 0.3554687500 0.2638671152 0.0000000000
v 0.3593750000 0.2571012917 0.0000000000
v 0.3632812500 0.2638671152 0.0000000000
v 0.4023437500 0.2909304091 0.0000000000
v 0.4062500000 0.2841645856 0.0000000000
v 0.4101562500 0.2909304091 0.0000000000
v 0.4179687500 0.3179937030 0.0000000000
v 0.4218750000 0.3112278795 0.0000000000
v 0.4257812500 0.3179937030 0.0000000000
v 0.3867187500 0.3179937030 0.0000000000
v 0.3906250000 0.3112278795 0.0000000000
v 0.3945312500 0.3179937030 0.0000000000
v 0.4218750000 0.5006709366 0.0000000000
v 0.4179687500 0.4939051131 0.0000000000
v 0.4257812500 0.4939051131 0.0000000000
v 0.4531250000 0.5006709366 0.0000000000
v 0.4492187500 0.4939051131 0.0000000000
v 0.4570312500 0.4939051131 0.0000000000
v 0.4375000000 0.5277342304 0.0000000000
v 0.4335937500 0.5209684070 0.0000000000
v 0.4414062500 0.5209684070 0.0000000000
v 0.3906250000 0.4465443488 0.0000000000
v 0.3867187500 0.4397785254 0.0000000000
v 0.3945312500 0.4397785254 0.0000000000
v 0.4218750000 0.4465443488 0.0000000000
v 0.4179687500 0.4397785254 0.0000000000
v 0.4257812500 0.4397785254 0.0000000000
v 0.4062500000 0.4736076427 0.0000000000
v 0.4023437500 0.4668418192 0.0000000000
v 0.4101562500 0.4668418192 0.0000000000
v 0.4531250000 0.4465443488 0.0000000000
v 0.4492187500 0.4397785254 0.0000000000
v 0.4570312500 0.4397785254 0.0000000000
v 0.4843750000 0.4465443488 0.0000000000
v 0.4804687500 0.4397785254 0.0000000000
v 0.4882812500 0.4397785254 0.0000000000
v 0.4687500000 0.4736076427 0.0000000000
v 0.4648437500 0.4668418192 0.0000000000
v 0.4726562500 0.4668418192 0.0000000000
v 0.3593750000 0.6089241120 0.0000000000
v 0.3554687500 0.6021582886 0.0000000000
v 0.3632812500 0.6021582886 0.0000000000
v 0.3906250000 0.6089241120 0.0000000000
v 0.3867187500 0.6021582886 0.0000000000
v 0.3945312500 0.6021582886 0.0000000000
v 0.3750000000 0.6359874059 0.0000000000
v 0.3710937500 0.6292215824 0.0000000000
v 0.3789062500 0.6292215824 0.0000000000
v 0.3281250000 0.5547975243 0.0000000000
v 0.3242187500 0.5480317008 0.0000000000
v 0.3320312500 0.5480317008 0.0000000000
v 0.3593750000 0.5547975243 0.0000000000
v 0.3554687500 0.5480317008 0.0000000000
v 0.3632812500 0.5480317008 0.0000000000
v 0.3437500000 0.5818608182 0.0000000000
v 0.3398437500 0.5750949947 0.0000000000
v 0.3476562500 0.5750949947 0.0000000000
v 0.3906250000 0.5547975243 0.0000000000
v 0.3867187500 0.5480317008 0.0000000000
v 0.3945312500 0.5480317008 0.0000000000
v 0.4218750000 0.5547975243 0.0000000000
v 0.4179687500 0.5480317008 0.0000000000
v 0.4257812500 0.5480317008 0.0000000000
v 0.4062500000 0.5818608182 0.0000000000
v 0.4023437500 0.5750949947 0.0000000000
v 0.4101562500 0.5750949947 0.0000000000
v 0.2968750000 0.5006709366 0.0000000000
v 0.2929687500 0.4939051131 0.0000000000
v 0.3007812500 0.4939051131 0.0000000000
v 0.3281250000 0.5006709366 0.0000000000
v 0.3242187500 0.4939051131 0.0000000000
v 0.3320312500 0.4939051131 0.0000000000
v 0.3125000000 0.5277342304 0.0000000000
v 0.3085937500 0.5209684070 0.0000000000
v 0.3164062500 0.5209684070 0.0000000000
v 0.2656250000 0.4465443488 0.0000000000
v 0.2617187500 0.4397785254 0.0000000000
v 0.2695312500 0.4397785254 0.0000000000
v 0.2968750000 0.4465443488 0.0000000000
v 0.2929687500 0.4397785254 0.0000000000
v 0.3007812500 0.4397785254 0.0000000000
v 0.2812500000 0.4736076427 0.0000000000
v 0.2773437500 0.4668418192 0.0000000000
v 0.2851562500 0.4668418192 0.0000000000
v 0.3281250000 0.4465443488 0.0000000000
v 0.3242187500 0.4397785254 0.0000000000
v 0.3320312500 0.4397785254 0.0000000000
v 0.3593750000 0.4465443488 0.0000000000
v 0.3554687500 0.4397785254 0.0000000000
v 0.3632812500 0.4397785254 0.0000000000
v 0.3437500000 0.4736076427 0.0000000000
v 0.3398437500 0.4668418192 0.0000000000
v 0.3476562500 0.4668418192 0.0000000000
v 0.6718750000 0.5006709366 0.0000000000
v 0.6679687500 0.4939051131 0.0000000000
v 0.6757812500 0.4939051131 0.0000000000
v 0.7031250000 0.5006709366 0.0000000000
v 0.6992187500 0.4939051131 0.0000000000
v 0.7070312500 0.4939051131 0.0000000000
v 0.6875000000 0.5277342304 0.0000000000
v 0.6835937500 0.5209684070 0.0000000000
v 0.6914062500 0.5209684070 0.0000000000
v 0.6406250000 0.4465443488 0.0000000000
v 0.6367187500 0.4397785254 0.0000000000
v 0.6445312500 0.4397785254 0.0000000000
v 0.6718750000 0.4465443488 0.0000000000
v 0.6679687500 0.4397785254 0.0000000000
v 0.6757812500 0.4397785254 0.0000000000
v 0.6562500000 0.4736076427 0.0000000000
v 0.6523437500 0.4668418192 0.0000000000
v 0.6601562500 0.4668418192 0.0000000000
v 0.7031250000 0.4465443488 0.0000000000
v 0.6992187500 0.4397785254 0.0000000000
v 0.7070312500 0.4397785254 0.0000000000
v 0.7343750000 0.4465443488 0.0000000000
v 0.7304687500 0.4397785254 0.0000000000
v 0.7382812500 0.4397785254 0.0000000000
v 0.7187500000 0.4736076427 0.0000000000
v 0.7148437500 0.4668418192 0.0000000000
v 0.7226562500 0.4668418192 0.0000000000
v 0.6093750000 0.6089241120 0.0000000000
v 0.6054687500 0.6021582886 0.0000000000
v 0.6132812500 0.6021582886 0.0000000000
v 0.6406250000 0.6089241120 0.0000000000
v 0.6367187500 0.6021582886 0.0000000000
v 0.6445312500 0.6021582886 0.0000000000
v 0.6250000000 0.6359874059 0.0000000000
v 0.6210937500 0.6292215824 0.0000000000
v 0.6289062500 0.6292215824 0.0000000000
v 0.5781250000 0.5547975243 0.0000000000
v 0.5742187500 0.5480317008 0.0000000000
v 0.5820312500 0.5480317008 0.0000000000
v 0.6093750000 0.5547975243 0.0000000000
v 0.6054687500 0.5480317008 0.0000000000
v 0.6132812500 0.5480317008 0.0000000000
v 0.5937500000 0.5818608182 0.0000000000
v 0.5898437500 0.5750949947 0.0000000000
v 0.5976562500 0.5750949947 0.0000000000
v 0.6406250000 0.5547975243 0.0000000000
v 0.6367187500 0.5480317008 0.0000000000
v 0.6445312500 0.5480317008 0.0000000000
v 0.6718750000 0.5547975243 0.0000000000
v 0.6679687500 0.5480317008 0.0000000000
v 0.6757812500 0.5480317008 0.0000000000
v 0.6562500000 0.5818608182 0.0000000000
v 0.6523437500 0.5750949947 0.0000000000
v 0.6601562500 0.5750949947 0.0000000000
v 0.5468750000 0.5006709366 0.0000000000
v 0.5429687500 0.4939051131 0.0000000000
v 0.5507812500 0.4939051131 0.0000000000
v 0.5781250000 0.5006709366 0.0000000000
v 0.5742187500 0.4939051131 0.0000000000
v 0.5820312500 0.4939051131 0.0000000000
v 0.5625000000 0.5277342304 0.0000000000
v 0.5585937500 0.5209684070 0.0000000000
v 0.5664062500 0.5209684070 0.0000000000
v 0.5156250000 0.4465443488 0.0000000000
v 0.5117187500 0.4397785254 0.0000000000
v 0.5195312500 0.4397785254 0.0000000000
v 0.5468750000 0.4465443488 0.0000000000
v 0.5429687500 0.4397785254 0.0000000000
v 0.5507812500 0.4397785254 0.0000000000
v 0.5312500000 0.4736076427 0.0000000000
v 0.5273437500 0.4668418192 0.0000000000
v 0.5351562500 0.4668418192 0.0000000000
v 0.5781250000 0.4465443488 0.0000000000
v 0.5742187500 0.4397785254 0.0000000000
v 0.5820312500 0.4397785254 0.0000000000
v 0.6093750000 0.4465443488 0.0000000000
v 0.6054687500 0.4397785254 0.0000000000
v 0.6132812500 0.4397785254 0.0000000000
v 0.5937500000 0.4736076427 0.0000000000
v 0.5898437500 0.4668418192 0.0000000000
v 0.5976562500 0.4668418192 0.0000000000
v 0.5468750000 0.7171772875 0.0000000000
v 0.5429687500 0.7104114640 0.0000000000
v 0.5507812500 0.7104114640 0.0000000000
v 0.5781250000 0.7171772875 0.0000000000
v 0.5742187500 0.7104114640 0.0000000000
v 0.5820312500 0.7104114640 0.0000000000
v 0.5625000000 0.7442405814 0.0000000000
v 0.5585937500 0.7374747579 0.0000000000
v 0.5664062500 0.7374747579 0.0000000000
v 0.5156250000 0.6630506998 0.0000000000
v 0.5117187500 0.6562848763 0.0000000000
v 0.5195312500 0.6562848763 0.0000000000
v 0.5468750000 0.6630506998 0.0000000000
v 0.5429687500 0.6562848763 0.0000000000
v 0.5507812500 0.6562848763 0.0000000000
v 0.5312500000 0.6901139936 0.0000000000
v 0.5273437500 0.6833481702 0.0000000000
v 0.5351562500 0.6833481702 0.0000000000
v 0.5781250000 0.6630506998 0.0000000000
v 0.5742187500 0.6562848763 0.0000000000
v 0.5820312500 0.6562848763 0.0000000000
v 0.6093750000 0.6630506998 0.0000000000
v 0.6054687500 0.6562848763 0.0000000000
v 0.6132812500 0.6562848763 0.0000000000
v 0.5937500000 0.6901139936 0.0000000000
v 0.5898437500 0.6833481702 0.0000000000
v 0.5976562500 0.6833481702 0.0000000000
v 0.4843750000 0.8254304630 0.0000000000
v 0.4804687500 0.8186646395 0.0000000000
v 0.4882812500 0.8186646395 0.0000000000
v 0.5156250000 0.8254304630 0.0000000000
v 0.5117187500 0.8186646395 0.0000000000
v 0.5195312500 0.8186646395 0.0000000000
v 0.5000000000 0.8524937569 0.0000000000
v 0.4960937500 0.8457279334 0.0000000000
v 0.5039062500 0.8457279334 0.0000000000
v 0.4531250000 0.7713038752 0.0000000000
v 0.4492187500 0.7645380518 0.0000000000
v 0.4570312500 0.7645380518 0.0000000000
v 0.4843750000 0.7713038752 0.0000000000
v 0.4804687500 0.7645380518 0.0000000000
v 0.4882812500 0.7645380518 0.0000000000
v 0.4687500000 0.7983671691 0.0000000000
v 0.4648437500 0.7916013456 0.0000000000
v 0.4726562500 0.7916013456 0.0000000000
v 0.5156250000 0.7713038752 0.0000000000
v 0.5117187500 0.7645380518 0.0000000000
v 0.5195312500 0.7645380518 0.0000000000
v 0.5468750000 0.7713038752 0.0000000000
v 0.5429687500 0.7645380518 0.0000000000
v 0.5507812500 0.7645380518 0.0000000000
v 0.5312500000 0.7983671691 0.0000000000
v 0.5273437500 0.7916013456 0.0000000000
v 0.5351562500 0.7916013456 0.0000000000
v 0.4218750000 0.7171772875 0.0000000000
v 0.4179687500 0.7104114640 0.0000000000
v 0.4257812500 0.7104114640 0.0000000000
v 0.4531250000 0.7171772875 0.0000000000
v 0.4492187500 0.7104114640 0.0000000000
v 0.4570312500 0.7104114640 0.0000000000
v 0.4375000000 0.7442405814 0.0000000000
v 0.4335937500 0.7374747579 0.0000000000
v 0.4414062500 0.7374747579 0.0000000000
v 0.3906250000 0.6630506998 0.0000000000
v 0.3867187500 0.6562848763 0.0000000000
v 0.3945312500 0.6562848763 0.0000000000
v 0.4218750000 0.6630506998 0.0000000000
v 0.4179687500 0.6562848763 0.0000000000
v 0.4257812500 0.6562848763 0.0000000000
v 0.4062500000 0.6901139936 0.0000000000
v 0.4023437500 0.6833481702 0.0000000000
v 0.4101562500 0.6833481702 0.0000000000
v 0.4531250000 0.6630506998 0.0000000000
v 0.4492187500 0.6562848763 0.0000000000
v 0.4570312500 0.6562848763 0.0000000000
v 0.4843750000 0.6630506998 0.0000000000
v 0.4804687500 0.6562848763 0.0000000000
v 0.4882812500 0.6562848763 0.0000000000
v 0.4687500000 0.6901139936 0.0000000000
v 0.4648437500 0.6833481702 0.0000000000
v 0.4726562500 0.6833481702 0.0000000000
v 0.1718750000 0.0676582347 0.0000000000
v 0.1679687500 0.0608924112 0.0000000000
v 0.1757812500 0.0608924112 0.0000000000
v 0.2031250000 0.0676582347 0.0000000000
v 0.1992187500 0.0608924112 0.0000000000
v 0.2070312500 0.0608924112 0.0000000000
v 0.1875000000 0.0947215285 0.0000000000
v 0.1835937500 0.0879557051 0.0000000000
v 0.1914062500 0.0879557051 0.0000000000
v 0.1406250000 0.0135316469 0.0000000000
v 0.1367187500 0.0067658235 0.0000000000
v 0.1445312500 0.0067658235 0.0000000000
v 0.1718750000 0.0135316469 0.0000000000
v 0.1679687500 0.0067658235 0.0000000000
v 0.1757812500 0.0067658235 0.0000000000
v 0.1562500000 0.0405949408 0.0000000000
v 0.1523437500 0.0338291173 0.0000000000
v 0.1601562500 0.0338291173 0.0000000000
v 0.2031250000 0.0135316469 0.0000000000
v 0.1992187500 0.0067658235 0.0000000000
v 0.2070312500 0.0067658235 0.0000000000
v 0.2343750000 0.0135316469 0.0000000000
v 0.2304687500 0.0067658235 0.0000000000
v 0.2382812500 0.0067658235 0.0000000000
v 0.2187500000 0.0405949408 0.0000000000
v 0.2148437500 0.0338291173 0.0000000000
v 0.2226562500 0.0338291173 0.0000000000
v 0.1093750000 0.1759114101 0.0000000000
v 0.1054687500 0.1691455867 0.0000000000
v 0.1132812500 0.1691455867 0.0000000000
v 0.1406250000 0.1759114101 0.0000000000
v 0.1367187500 0.1691455867 0.0000000000
v 0.1445312500 0.1691455867 0.0000000000
v 0.1250000000 0.2029747040 0.0000000000
v 0.1210937500 0.1962088805 0.0000000000
v 0.1289062500 0.1962088805 0.0000000000
v 0.0781250000 0.1217848224 0.0000000000
v 0.0742187500 0.1150189989 0.0000000000
v 0.0820312500 0.1150189989 0.0000000000
v 0.1093750000 0.1217848224 0.0000000000
v 0.1054687500 0.1150189989 0.0000000000
v 0.1132812500 0.1150189989 0.0000000000
v 0.0937500000 0.1488481163 0.0000000000
v 0.0898437500 0.1420822928 0.0000000000
v 0.0976562500 0.1420822928 0.0000000000
v 0.1406250000 0.1217848224 0.0000000000
v 0.1367187500 0.1150189989 0.0000000000
v 0.1445312500 0.1150189989 0.0000000000
v 0.1718750000 0.1217848224 0.0000000000
v 0.1679687500 0.1150189989 0.0000000000
v 0.1757812500 0.1150189989 0.0000000000
v 0.1562500000 0.1488481163 0.0000000000
v 0.1523437500 0.1420822928 0.0000000000
v 0.1601562500 0.1420822928 0.0000000000
v 0.0468750000 0.0676582347 0.0000000000
v 0.0429687500 0.0608924112 0.0000000000
v 0.0507812500 0.0608924112 0.0000000000
v 0.0781250000 0.0676582347 0.0000000000
v 0.0742187500 0.0608924112 0.0000000000
v 0.0820312500 0.0608924112 0.0000000000
v 0.0625000000 0.0947215285 0.0000000000
v 0.0585937500 0.0879557051 0.0000000000
v 0.0664062500 0.0879557051 0.0000000000
v 0.0156250000 0.0135316469 0.0000000000
v 0.0117187500 0.0067658235 0.0000000000
v 0.0195312500 0.0067658235 0.0000000000
v 0.0468750000 0.0135316469 0.0000000000
v 0.0429687500 0.0067658235 0.0000000000
v 0.0507812500 0.0067658235 0.0000000000
v 0.0312500000 0.0405949408 0.0000000000
v 0.0273437500 0.0338291173 0.0000000000
v 0.0351562500 0.0338291173 0.0000000000
v 0.0781250000 0.0135316469 0.0000000000
v 0.0742187500 0.0067658235 0.0000000000
v 0.0820312500 0.0067658235 0.0000000000
v 0.1093750000 0.0135316469 0.0000000000
v 0.1054687500 0.0067658235 0.0000000000
v 0.1132812500 0.0067658235 0.0000000000
v 0.0937500000 0.0405949408 0.0000000000
v 0.0898437500 0.0338291173 0.0000000000
v 0.0976562500 0.0338291173 0.0000000000
v 0.4218750000 0.0676582347 0.0000000000
v 0.4179687500 0.0608924112 0.0000000000
v 0.4257812500 0.0608924112 0.0000000000
v 0.4531250000 0.0676582347 0.0000000000
v 0.4492187500 0.0608924112 0.0000000000
v 0.4570312500 0.0608924112 0.0000000000
v 0.4375000000 0.0947215285 0.0000000000
v 0.4335937500 0.0879557051 0.0000000000
v 0.4414062500 0.0879557051 0.0000000000
v 0.3906250000 0.0135316469 0.0000000000
v 0.3867187500 0.0067658235 0.0000000000
v 0.3945312500 0.0067658235 0.0000000000
v 0.4218750000 0.0135316469 0.0000000000
v 0.4179687500 0.0067658235 0.0000000000
v 0.4257812500 0.0067658235 0.0000000000
v 0.4062500000 0.0405949408 0.0000000000
v 0.4023437500 0.0338291173 0.0000000000
v 0.4101562500 0.0338291173 0.0000000000
v 0.4531250000 0.0135316469 0.0000000000
v 0.4492187500 0.0067658235 0.0000000000
v 0.4570312500 0.0067658235 0.0000000000
v 0.4843750000 0.0135316469 0.0000000000
v 0.4804687500 0.0067658235 0.0000000000
v 0.4882812500 0.0067658235 0.0000000000
v 0.4687500000 0.0405949408 0.0000000000
v 0.4648437500 0.0338291173 0.0000000000
v 0.4726562500 0.0338291173 0.0000000000
v 0.3593750000 0.1759114101 0.0000000000
v 0.3554687500 0.1691455867 0.0000000000
v 0.3632812500 0.1691455867 0.0000000000
v 0.3906250000 0.1759114101 0.0000000000
v 0.3867187500 0.1691455867 0.0000000000
v 0.3945312500 0.1691455867 0.0000000000
v 0.3750000000 0.2029747040 0.0000000000
v 0.3710937500 0.1962088805 0.0000000000
v 0.3789062500 0.1962088805 0.0000000000
v 0.3281250000 0.1217848224 0.0000000000
v 0.3242187500 0.1150189989 0.0000000000
v 0.3320312500 0.1150189989 0.0000000000
v 0.3593750000 0.1217848224 0.0000000000
v 0.3554687500 0.1150189989 0.0000000000
v 0.3632812500 0.1150189989 0.0000000000
v 0.3437500000 0.1488481163 0.0000000000
v 0.3398437500 0.1420822928 0.0000000000
v 0.3476562500 0.1420822928 0.0000000000
v 0.3906250000 0.1217848224 0.0000000000
v 0.3867187500 0.1150189989 0.0000000000
v 0.3945312500 0.1150189989 0.0000000000
v 0.4218750000 0.1217848224 0.0000000000
v 0.4179687500 0.1150189989 0.0000000000
v 0.4257812500 0.1150189989 0.0000000000
v 0.4062500000 0.1488481163 0.0000000000
v 0.4023437500 0.1420822928 0.0000000000
v 0.4101562500 0.1420822928 0.0000000000
v 0.2968750000 0.0676582347 0.0000000000
v 0.2929687500 0.0608924112 0.0000000000
v 0.3007812500 0.0608924112 0.0000000000
v 0.3281250000 0.0676582347 0.0000000000
v 0.3242187500 0.0608924112 0.0000000000
v 0.3320312500 0.0608924112 0.0000000000
v 0.3125000000 0.0947215285 0.0000000000
v 0.3085937500 0.0879557051 0.0000000000
v 0.3164062500 0.0879557051 0.0000000000
v 0.2656250000 0.0135316469 0.0000000000
v 0.2617187500 0.0067658235 0.0000000000
v 0.2695312500 0.0067658235 0.0000000000
v 0.2968750000 0.0135316469 0.0000000000
v 0.2929687500 0.0067658235 0.0000000000
v 0.3007812500 0.0067658235 0.0000000000
v 0.2812500000 0.0405949408 0.0000000000
v 0.2773437500 0.0338291173 0.0000000000
v 0.2851562500 0.0338291173 0.0000000000
v 0.3281250000 0.0135316469 0.0000000000
v 0.3242187500 0.0067658235 0.0000000000
v 0.3320312500 0.0067658235 0.0000000000
v 0.3593750000 0.0135316469 0.0000000000
v 0.3554687500 0.0067658235 0.0000000000
v 0.3632812500 0.0067658235 0.0000000000
v 0.3437500000 0.0405949408 0.0000000000
v 0.3398437500 0.0338291173 0.0000000000
v 0.3476562500 0.0338291173 0.0000000000
v 0.2968750000 0.2841645856 0.0000000000
v 0.2929687500 0.2773987621 0.0000000000
v 0.3007812500 0.2773987621 0.0000000000
v 0.3281250000 0.2841645856 0.0000000000
v 0.3242187500 0.2773987621 0.0000000000
v 0.3320312500 0.2773987621 0.0000000000
v 0.3125000000 0.3112278795 0.0000000000
v 0.3085937500 0.3044620560 0.0000000000
v 0.3164062500 0.3044620560 0.0000000000
v 0.2656250000 0.2300379979 0.0000000000
v 0.2617187500 0.2232721744 0.0000000000
v 0.2695312500 0.2232721744 0.0000000000
v 0.2968750000 0.2300379979 0.0000000000
v 0.2929687500 0.2232721744 0.0000000000
v 0.3007812500 0.2232721744 0.0000000000
v 0.2812500000 0.2571012917 0.0000000000
v 0.2773437500 0.2503354683 0.0000000000
v 0.2851562500 0.2503354683 0.0000000000
v 0.3281250000 0.2300379979 0.0000000000
v 0.3242187500 0.2232721744 0.0000000000
v 0.3320312500 0.2232721744 0.0000000000
v 0.3593750000 0.2300379979 0.0000000000
v 0.3554687500 0.2232721744 0.0000000000
v 0.3632812500 0.2232721744 0.0000000000
v 0.3437500000 0.2571012917 0.0000000000
v 0.3398437500 0.2503354683 0.0000000000
v 0.3476562500 0.2503354683 0.0000000000
v 0.2343750000 0.3924177611 0.0000000000
v 0.2304687500 0.3856519376 0.0000000000
v 0.2382812500 0.3856519376 0.0000000000
v 0.2656250000 0.3924177611 0.0000000000
v 0.2617187500 0.3856519376 0.0000000000
v 0.2695312500 0.3856519376 0.0000000000
v 0.2500000000 0.4194810550 0.0000000000
v 0.2460937500 0.4127152315 0.0000000000
v 0.2539062500 0.4127152315 0.0000000000
v 0.2031250000 0.3382911734 0.0000000000
v 0.1992187500 0.3315253499 0.0000000000
v 0.2070312500 0.3315253499 0.0000000000
v 0.2343750000 0.3382911734 0.0000000000
v 0.2304687500 0.3315253499 0.0000000000
v 0.2382812500 0.3315253499 0.0000000000
v 0.2187500000 0.3653544672 0.0000000000
v 0.2148437500 0.3585886438 0.0000000000
v 0.2226562500 0.3585886438 0.0000000000
v 0.2656250000 0.3382911734 0.0000000000
v 0.2617187500 0.3315253499 0.0000000000
v 0.2695312500 0.3315253499 0.0000000000
v 0.2968750000 0.3382911734 0.0000000000
v 0.2929687500 0.3315253499 0.0000000000
v 0.3007812500 0.3315253499 0.0000000000
v 0.2812500000 0.3653544672 0.0000000000
v 0.2773437500 0.3585886438 0.0000000000
v 0.2851562500 0.3585886438 0.0000000000
v 0.1718750000 0.2841645856 0.0000000000
v 0.1679687500 0.2773987621 0.0000000000
v 0.1757812500 0.2773987621 0.0000000000
v 0.2031250000 0.2841645856 0.0000000000
v 0.1992187500 0.2773987621 0.0000000000
v 0.2070312500 0.2773987621 0.0000000000
v 0.1875000000 0.3112278795 0.0000000000
v 0.1835937500 0.3044620560 0.0000000000
v 0.1914062500 0.3044620560 0.0000000000
v 0.1406250000 0.2300379979 0.0000000000
v 0.1367187500 0.2232721744 0.0000000000
v 0.1445312500 0.2232721744 0.0000000000
v 0.1718750000 0.2300379979 0.0000000000
v 0.1679687500 0.2232721744 0.0000000000
v 0.1757812500 0.2232721744 0.0000000000
v 0.1562500000 0.2571012917 0.0000000000
v 0.1523437500 0.2503354683 0.0000000000
v 0.1601562500 0.2503354683 0.0000000000
v 0.2031250000 0.2300379979 0.0000000000
v 0.1992187500 0.2232721744 0.0000000000
v 0.2070312500 0.2232721744 0.0000000000
v 0.2343750000 0.2300379979 0.0000000000
v 0.2304687500 0.2232721744 0.0000000000
v 0.2382812500 0.2232721744 0.0000000000
v 0.2187500000 0.2571012917 0.0000000000
v 0.2148437500 0.2503354683 0.0000000000
v 0.2226562500 0.2503354683 0.0000000000
v 0.6718750000 0.0676582347 0.0000000000
v 0.6679687500 0.0608924112 0.0000000000
v 0.6757812500 0.0608924112 0.0000000000
v 0.7031250000 0.0676582347 0.0000000000
v 0.6992187500 0.0608924112 0.0000000000
v 0.7070312500 0.0608924112 0.0000000000
v 0.6875000000 0.0947215285 0.0000000000
v 0.6835937500 0.0879557051 0.0000000000
v 0.6914062500 0.0879557051 0.0000000000
v 0.6406250000 0.0135316469 0.0000000000
v 0.6367187500 0.0067658235 0.0000000000
v 0.6445312500 0.0067658235 0.0000000000
v 0.6718750000 0.0135316469 0.0000000000
v 0.6679687500 0.0067658235 0.0000000000
v 0.6757812500 0.0067658235 0.0000000000
v 0.6562500000 0.0405949408 0.0000000000
v 0.6523437500 0.0338291173 0.0000000000
v 0.6601562500 0.0338291173 0.0000000000
v 0.7031250000 0.0135316469 0.0000000000
v 0.6992187500 0.0067658235 0.0000000000
v 0.7070312500 0.0067658235 0.0000000000
v 0.7343750000 0.0135316469 0.0000000000
v 0.7304687500 0.0067658235 0.0000000000
v 0.7382812500 0.0067658235 0.0000000000
v 0.7187500000 0.0405949408 0.0000000000
v 0.7148437500 0.0338291173 0.0000000000
v 0.7226562500 0.0338291173 0.0000000000
v 0.6093750000 0.1759114101 0.0000000000
v 0.6054687500 0.1691455867 0.0000000000
v 0.6132812500 0.1691455867 0.0000000000
v 0.6406250000 0.1759114101 0.0000000000
v 0.6367187500 0.1691455867 0.0000000000
v 0.6445312500 0.1691455867 0.0000000000
v 0.6250000000 0.2029747040 0.0000000000
v 0.6210937500 0.1962088805 0.0000000000
v 0.6289062500 0.1962088805 0.0000000000
v 0.5781250000 0.1217848224 0.0000000000
v 0.5742187500 0.1150189989 0.0000000000
v 0.5820312500 0.1150189989 0.0000000000
v 0.6093750000 0.1217848224 0.0000000000
v 0.6054687500 0.1150189989 0.0000000000
v 0.6132812500 0.1150189989 0.0000000000
v 0.5937500000 0.1488481163 0.0000000000
v 0.5898437500 0.1420822928 0.0000000000
v 0.5976562500 0.1420822928 0.0000000000
v 0.6406250000 0.1217848224 0.0000000000
v 0.6367187500 0.1150189989 0.0000000000
v 0.6445312500 0.1150189989 0.0000000000
v 0.6718750000 0.1217848224 0.0000000000
v 0.6679687500 0.1150189989 0.0000000000
v 0.6757812500 0.1150189989 0.0000000000
v 0.6562500000 0.1488481163 0.0000000000
v 0.6523437500 0.1420822928 0.0000000000
v 0.6601562500 0.1420822928 0.0000000000
v 0.5468750000 0.0676582347 0.0000000000
v 0.5429687500 0.0608924112 0.0000000000
v 0.5507812500 0.0608924112 0.0000000000
v 0.5781250000 0.0676582347 0.0000000000
v 0.5742187500 0.0608924112 0.0000000000
v 0.5820312500 0.0608924112 0.0000000000
v 0.5625000000 0.0947215285 0.0000000000
v 0.5585937500 0.0879557051 0.0000000000
v 0.5664062500 0.0879557051 0.0000000000
v 0.5156250000 0.0135316469 0.0000000000
v 0.5117187500 0.0067658235 0.0000000000
v 0.5195312500 0.0067658235 0.0000000000
v 0.5468750000 0.0135316469 0.0000000000
v 0.5429687500 0.0067658235 0.0000000000
v 0.5507812500 0.0067658235 0.0000000000
v 0.5312500000 0.0405949408 0.0000000000
v 0.5273437500 0.0338291173 0.0000000000
v 0.5351562500 0.0338291173 0.0000000000
v 0.5781250000 0.0135316469 0.0000000000
v 0.5742187500 0.0067658235 0.0000000000
v 0.5820312500 0.0067658235 0.0000000000
v 0.6093750000 0.0135316469 0.0000000000
v 0.6054687500 0.0067658235 0.0000000000
v 0.6132812500 0.0067658235 0.0000000000
v 0.5937500000 0.0405949408 0.0000000000
v 0.5898437500 0.0338291173 0.0000000000
v 0.5976562500 0.0338291173 0.0000000000
v 0.9218750000 0.0676582347 0.0000000000
v 0.9179687500 0.0608924112 0.0000000000
v 0.9257812500 0.0608924112 0.0000000000
v 0.9531250000 0.0676582347 0.0000000000
v 0.9492187500 0.0608924112 0.0000000000
v 0.9570312500 0.0608924112 0.0000000000
v 0.9375000000 0.0947215285 0.0000000000
v 0.9335937500 0.0879557051 0.0000000000
v 0.9414062500 0.0879557051 0.0000000000
v 0.8906250000 0.0135316469 0.0000000000
v 0.8867187500 0.0067658235 0.0000000000
v 0.8945312500 0.0067658235 0.0000000000
v 0.9218750000 0.0135316469 0.0000000000
v 0.9179687500 0.0067658235 0.0000000000
v 0.9257812500 0.0067658235 0.0000000000
v 0.9062500000 0.0405949408 0.0000000000
v 0.9023437500 0.0338291173 0.0000000000
v 0.9101562500 0.0338291173 0.0000000000
v 0.9531250000 0.0135316469 0.0000000000
v 0.9492187500 0.0067658235 0.0000000000
v 0.9570312500 0.0067658235 0.0000000000
v 0.9843750000 0.0135316469 0.0000000000
v 0.9804687500 0.0067658235 0.0000000000
v 0.9882812500 0.0067658235 0.0000000000
v 0.9687500000 0.0405949408 0.0000000000
v 0.9648437500 0.0338291173 0.0000000000
v 0.9726562500 0.0338291173 0.0000000000
v 0.8593750000 0.1759114101 0.0000000000
v 0.8554687500 0.1691455867 0.0000000000
v 0.8632812500 0.1691455867 0.0000000000
v 0.8906250000 0.1759114101 0.0000000000
v 0.8867187500 0.1691455867 0.0000000000
v 0.8945312500 0.1691455867 0.0000000000
v 0.8750000000 0.2029747040 0.0000000000
v 0.8710937500 0.1962088805 0.0000000000
v 0.8789062500 0.1962088805 0.0000000000
v 0.8281250000 0.1217848224 0.0000000000
v 0.8242187500 0.1150189989 0.0000000000
v 0.8320312500 0.1150189989 0.0000000000
v 0.8593750000 0.1217848224 0.0000000000
v 0.8554687500 0.1150189989 0.0000000000
v 0.8632812500 0.1150189989 0.0000000000
v 0.8437500000 0.1488481163 0.0000000000
v 0.8398437500 0.1420822928 0.0000000000
v 0.8476562500 0.1420822928 0.0000000000
v 0.8906250000 0.1217848224 0.0000000000
v 0.8867187500 0.1150189989 0.0000000000
v 0.8945312500 0.1150189989 0.0000000000
v 0.9218750000 0.1217848224 0.0000000000
v 0.9179687500 0.1150189989 0.0000000000
v 0.9257812500 0.1150189989 0.0000000000
v 0.9062500000 0.1488481163 0.0000000000
v 0.9023437500 0.1420822928 0.0000000000
v 0.9101562500 0.1420822928 0.0000000000
v 0.7968750000 0.0676582347 0.0000000000
v 0.7929687500 0.0608924112 0.0000000000
v 0.8007812500 0.0608924112 0.0000000000
v 0.8281250000 0.0676582347 0.0000000000
v 0.8242187500 0.0608924112 0.0000000000
v 0.8320312500 0.0608924112 0.0000000000
v 0.8125000000 0.0947215285 0.0000000000
v 0.8085937500 0.0879557051 0.0000000000
v 0.8164062500 0.0879557051 0.0000000000
v 0.7656250000 0.0135316469 0.0000000000
v 0.7617187500 0.0067658235 0.0000000000
v 0.7695312500 0.0067658235 0.0000000000
v 0.7968750000 0.0135316469 0.0000000000
v 0.7929687500 0.0067658235 0.0000000000
v 0.8007812500 0.0067658235 0.0000000000
v 0.7812500000 0.0405949408 0.0000000000
v 0.7773437500 0.0338291173 0.0000000000
v 0.7851562500 0.0338291173 0.0000000000
v 0.8281250000 0.0135316469 0.0000000000
v 0.8242187500 0.0067658235 0.0000000000
v 0.8320312500 0.0067658235 0.0000000000
v 0.8593750000 0.0135316469 0.0000000000
v 0.8554687500 0.0067658235 0.0000000000
v 0.8632812500 0.0067658235 0.0000000000
v 0.8437500000 0.0405949408 0.0000000000
v 0.8398437500 0.0338291173 0.0000000000
v 0.8476562500 0.0338291173 0.0000000000
v 0.7968750000 0.2841645856 0.0000000000
v 0.7929687500 0.2773987621 0.0000000000
v 0.8007812500 0.2773987621 0.0000000000
v 0.8281250000 0.2841645856 0.0000000000
v 0.8242187500 0.2773987621 0.0000000000
v 0.8320312500 0.2773987621 0.0000000000
v 0.8125000000 0.3112278795 0.0000000000
v 0.8085937500 0.3044620560 0.0000000000
v 0.8164062500 0.3044620560 0.0000000000
v 0.7656250000 0.2300379979 0.0000000000
v 0.7617187500 0.2232721744 0.0000000000
v 0.7695312500 0.2232721744 0.0000000000
v 0.7968750000 0.2300379979 0.0000000000
v 0.7929687500 0.2232721744 0.0000000000
v 0.8007812500 0.2232721744 0.0000000000
v 0.7812500000 0.2571012917 0.0000000000
v 0.7773437500 0.2503354683 0.0000000000
v 0.7851562500 0.2503354683 0.0000000000
v 0.8281250000 0.2300379979 0.0000000000
v 0.8242187500 0.2232721744 0.0000000000
v 0.8320312500 0.2232721744 0.0000000000
v 0.8593750000 0.2300379979 0.0000000000
v 0.8554687500 0.2232721744 0.0000000000
v 0.8632812500 0.2232721744 0.0000000000
v 0.8437500000 0.2571012917 0.0000000000
v 0.8398437500 0.2503354683 0.0000000000
v 0.8476562500 0.2503354683 0.0000000000
v 0.7343750000 0.3924177611 0.0000000000
v 0.7304687500 0.3856519376 0.0000000000
v 0.7382812500 0.3856519376 0.0000000000
v 0.7656250000 0.3924177611 0.0000000000
v 0.7617187500 0.3856519376 0.0000000000
v 0.7695312500 0.3856519376 0.0000000000
v 0.7500000000 0.4194810550 0.0000000000
v 0.7460937500 0.4127152315 0.0000000000
v 0.7539062500 0.4127152315 0.0000000000
v 0.7031250000 0.3382911734 0.0000000000
v 0.6992187500 0.3315253499 0.0000000000
v 0.7070312500 0.3315253499 0.0000000000
v 0.7343750000 0.3382911734 0.0000000000
v 0.7304687500 0.3315253499 0.0000000000
v 0.7382812500 0.3315253499 0.0000000000
v 0.7187500000 0.3653544672 0.0000000000
v 0.7148437500 0.3585886438 0.0000000000
v 0.7226562500 0.3585886438 0.0000000000
v 0.7656250000 0.3382911734 0.0000000000
v 0.7617187500 0.3315253499 0.0000000000
v 0.7695312500 0.3315253499 0.0000000000
v 0.7968750000 0.3382911734 0.0000000000
v 0.7929687500 0.3315253499 0.0000000000
v 0.8007812500 0.3315253499 0.0000000000
v 0.7812500000 0.3653544672 0.0000000000
v 0.7773437500 0.3585886438 0.0000000000
v 0.7851562500 0.3585886438 0.0000000000
v 0.6718750000 0.2841645856 0.0000000000
v 0.6679687500 0.2773987621 0.0000000000
v 0.6757812500 0.2773987621 0.0000000000
v 0.7031250000 0.2841645856 0.0000000000
v 0.6992187500 0.2773987621 0.0000000000
v 0.7070312500 0.2773987621 0.0000000000
v 0.6875000000 0.3112278795 0.0000000000
v 0.6835937500 0.3044620560 0.0000000000
v 0.6914062500 0.3044620560 0.0000000000
v 0.6406250000 0.2300379979 0.0000000000
v 0.6367187500 0.2232721744 0.0000000000
v 0.6445312500 0.2232721744 0.0000000000
v 0.6718750000 0.2300379979 0.0000000000
v 0.6679687500 0.2232721744 0.0000000000
v 0.6757812500 0.2232721744 0.0000000000
v 0.6562500000 0.2571012917 0.0000000000
v 0.6523437500 0.2503354683 0.0000000000
v 0.6601562500 0.2503354683 0.0000000000
v 0.7031250000 0.2300379979 0.0000000000
v 0.6992187500 0.2232721744 0.0000000000
v 0.7070312500 0.2232721744 0.0000000000
v 0.7343750000 0.2300379979 0.0000000000
v 0.7304687500 0.2232721744 0.0000000000
v 0.7382812500 0.2232721744 0.0000000000
v 0.7187500000 0.2571012917 0.0000000000
v 0.7148437500 0.2503354683 0.0000000000
v 0.7226562500 0.2503354683 0.0000000000
v 0.5039062500 0.2773987621 0.0000000000
v 0.4960937500 0.2773987621 0.0000000000
v 0.5117187500 0.2909304091 0.0000000000
v 0.5078125000 0.2976962326 0.0000000000
v 0.4921875000 0.2976962326 0.0000000000
v 0.4882812500 0.2909304091 0.0000000000
v 0.4921875000 0.5683291712 0.0000000000
v 0.4882812500 0.5750949947 0.0000000000
v 0.5078125000 0.5683291712 0.0000000000
v 0.5117187500 0.5750949947 0.0000000000
v 0.5039062500 0.5886266416 0.0000000000
v 0.4960937500 0.5886266416 0.0000000000
v 0.2421875000 0.1353164693 0.0000000000
v 0.2382812500 0.1420822928 0.0000000000
v 0.2578125000 0.1353164693 0.0000000000
v 0.2617187500 0.1420822928 0.0000000000
v 0.2539062500 0.1556139397 0.0000000000
v 0.2460937500 0.1556139397 0.0000000000
v 0.7421875000 0.1353164693 0.0000000000
v 0.7382812500 0.1420822928 0.0000000000
v 0.7578125000 0.1353164693 0.0000000000
v 0.7617187500 0.1420822928 0.0000000000
v 0.7539062500 0.1556139397 0.0000000000
v 0.7460937500 0.1556139397 0.0000000000
v 0.4921875000 0.1353164693 0.0000000000
v 0.4882812500 0.1420822928 0.0000000000
v 0.5078125000 0.1353164693 0.0000000000
v 0.5117187500 0.1420822928 0.0000000000
v 0.5039062500 0.1556139397 0.0000000000
v 0.4960937500 0.1556139397 0.0000000000
v 0.6171875000 0.3518228203 0.0000000000
v 0.6132812500 0.3585886438 0.0000000000
v 0.6328125000 0.3518228203 0.0000000000
v 0.6367187500 0.3585886438 0.0000000000
v 0.6289062500 0.3721202907 0.0000000000
v 0.6210937500 0.3721202907 0.0000000000
v 0.3671875000 0.3518228203 0.0000000000
v 0.3632812500 0.3585886438 0.0000000000
v 0.3828125000 0.3518228203 0.0000000000
v 0.3867187500 0.3585886438 0.0000000000
v 0.3789062500 0.3721202907 0.0000000000
v 0.3710937500 0.3721202907 0.0000000000
v 0.3632812500 0.5074367600 0.0000000000
v 0.3671875000 0.5142025835 0.0000000000
v 0.3710937500 0.4939051131 0.0000000000
v 0.3789062500 0.4939051131 0.0000000000
v 0.3867187500 0.5074367600 0.0000000000
v 0.3828125000 0.5142025835 0.0000000000
v 0.6132812500 0.5074367600 0.0000000000
v 0.6171875000 0.5142025835 0.0000000000
v 0.6210937500 0.4939051131 0.0000000000
v 0.6289062500 0.4939051131 0.0000000000
v 0.6367187500 0.5074367600 0.0000000000
v 0.6328125000 0.5142025835 0.0000000000
v 0.4882812500 0.7239431110 0.0000000000
v 0.4921875000 0.7307089344 0.0000000000
v 0.4960937500 0.7104114640 0.0000000000
v 0.5039062500 0.7104114640 0.0000000000
v 0.5117187500 0.7239431110 0.0000000000
v 0.5078125000 0.7307089344 0.0000000000
v 0.1132812500 0.0744240581 0.0000000000
v 0.1171875000 0.0811898816 0.0000000000
v 0.1210937500 0.0608924112 0.0000000000
v 0.1289062500 0.0608924112 0.0000000000
v 0.1367187500 0.0744240581 0.0000000000
v 0.1328125000 0.0811898816 0.0000000000
v 0.3632812500 0.0744240581 0.0000000000
v 0.3671875000 0.0811898816 0.0000000000
v 0.3710937500 0.0608924112 0.0000000000
v 0.3789062500 0.0608924112 0.0000000000
v 0.3867187500 0.0744240581 0.0000000000
v 0.3828125000 0.0811898816 0.0000000000
v 0.2382812500 0.2909304091 0.0000000000
v 0.2421875000 0.2976962326 0.0000000000
v 0.2460937500 0.2773987621 0.0000000000
v 0.2539062500 0.2773987621 0.0000000000
v 0.2617187500 0.2909304091 0.0000000000
v 0.2578125000 0.2976962326 0.0000000000
v 0.6132812500 0.0744240581 0.0000000000
v 0.6171875000 0.0811898816 0.0000000000
v 0.6210937500 0.0608924112 0.0000000000
v 0.6289062500 0.0608924112 0.0000000000
v 0.6367187500 0.0744240581 0.0000000000
v 0.6328125000 0.0811898816 0.0000000000
v 0.8632812500 0.0744240581 0.0000000000
v 0.8671875000 0.0811898816 0.0000000000
v 0.8710937500 0.0608924112 0.0000000000
v 0.8789062500 0.0608924112 0.0000000000
v 0.8867187500 0.0744240581 0.0000000000
v 0.8828125000 0.0811898816 0.0000000000
v 0.7382812500 0.2909304091 0.0000000000
v 0.7421875000 0.2976962326 0.0000000000
v 0.7460937500 0.2773987621 0.0000000000
v 0.7539062500 0.2773987621 0.0000000000
v 0.7617187500 0.2909304091 0.0000000000
v 0.7578125000 0.2976962326 0.0000000000
v 0.4921875000 0.3518228203 0.0000000000
v 0.4882812500 0.3585886438 0.0000000000
v 0.5078125000 0.3518228203 0.0000000000
v 0.5117187500 0.3585886438 0.0000000000
v 0.5039062500 0.3721202907 0.0000000000
v 0.4960937500 0.3721202907 0.0000000000
v 0.4296875000 0.2435696448 0.0000000000
v 0.4257812500 0.2503354683 0.0000000000
v 0.4453125000 0.2435696448 0.0000000000
v 0.4492187500 0.2503354683 0.0000000000
v 0.4414062500 0.2638671152 0.0000000000
v 0.4335937500 0.2638671152 0.0000000000
v 0.5546875000 0.2435696448 0.0000000000
v 0.5507812500 0.2503354683 0.0000000000
v 0.5703125000 0.2435696448 0.0000000000
v 0.5742187500 0.2503354683 0.0000000000
v 0.5664062500 0.2638671152 0.0000000000
v 0.5585937500 0.2638671152 0.0000000000
v 0.5507812500 0.6156899355 0.0000000000
v 0.5546875000 0.6224557590 0.0000000000
v 0.5585937500 0.6021582886 0.0000000000
v 0.5664062500 0.6021582886 0.0000000000
v 0.5742187500 0.6156899355 0.0000000000
v 0.5703125000 0.6224557590 0.0000000000
v 0.4257812500 0.6156899355 0.0000000000
v 0.4296875000 0.6224557590 0.0000000000
v 0.4335937500 0.6021582886 0.0000000000
v 0.4414062500 0.6021582886 0.0000000000
v 0.4492187500 0.6156899355 0.0000000000
v 0.4453125000 0.6224557590 0.0000000000
v 0.4882812500 0.5074367600 0.0000000000
v 0.4921875000 0.5142025835 0.0000000000
v 0.4960937500 0.4939051131 0.0000000000
v 0.5039062500 0.4939051131 0.0000000000
v 0.5117187500 0.5074367600 0.0000000000
v 0.5078125000 0.5142025835 0.0000000000
v 0.3007812500 0.1826772336 0.0000000000
v 0.3046875000 0.1894430571 0.0000000000
v 0.3085937500 0.1691455867 0.0000000000
v 0.3164062500 0.1691455867 0.0000000000
v 0.3242187500 0.1826772336 0.0000000000
v 0.3203125000 0.1894430571 0.0000000000
v 0.1757812500 0.1826772336 0.0000000000
v 0.1796875000 0.1894430571 0.0000000000
v 0.1835937500 0.1691455867 0.0000000000
v 0.1914062500 0.1691455867 0.0000000000
v 0.1992187500 0.1826772336 0.0000000000
v 0.1953125000 0.1894430571 0.0000000000
v 0.2382812500 0.0744240581 0.0000000000
v 0.2421875000 0.0811898816 0.0000000000
v 0.2460937500 0.0608924112 0.0000000000
v 0.2539062500 0.0608924112 0.0000000000
v 0.2617187500 0.0744240581 0.0000000000
v 0.2578125000 0.0811898816 0.0000000000
v 0.8007812500 0.1826772336 0.0000000000
v 0.8046875000 0.1894430571 0.0000000000
v 0.8085937500 0.1691455867 0.0000000000
v 0.8164062500 0.1691455867 0.0000000000
v 0.8242187500 0.1826772336 0.0000000000
v 0.8203125000 0.1894430571 0.0000000000
v 0.6757812500 0.1826772336 0.0000000000
v 0.6796875000 0.1894430571 0.0000000000
v 0.6835937500 0.1691455867 0.0000000000
v 0.6914062500 0.1691455867 0.0000000000
v 0.6992187500 0.1826772336 0.0000000000
v 0.6953125000 0.1894430571 0.0000000000
v 0.7382812500 0.0744240581 0.0000000000
v 0.7421875000 0.0811898816 0.0000000000
v 0.7460937500 0.0608924112 0.0000000000
v 0.7539062500 0.0608924112 0.0000000000
v 0.7617187500 0.0744240581 0.0000000000
v 0.7578125000 0.0811898816 0.0000000000
v 0.5507812500 0.1826772336 0.0000000000
v 0.5546875000 0.1894430571 0.0000000000
v 0.5585937500 0.1691455867 0.0000000000
v 0.5664062500 0.1691455867 0.0000000000
v 0.5742187500 0.1826772336 0.0000000000
v 0.5703125000 0.1894430571 0.0000000000
v 0.4257812500 0.1826772336 0.0000000000
v 0.4296875000 0.1894430571 0.0000000000
v 0.4335937500 0.1691455867 0.0000000000
v 0.4414062500 0.1691455867 0.0000000000
v 0.4492187500 0.1826772336 0.0000000000
v 0.4453125000 0.1894430571 0.0000000000
v 0.4882812500 0.0744240581 0.0000000000
v 0.4921875000 0.0811898816 0.0000000000
v 0.4960937500 0.0608924112 0.0000000000
v 0.5039062500 0.0608924112 0.0000000000
v 0.5117187500 0.0744240581 0.0000000000
v 0.5078125000 0.0811898816 0.0000000000
v 0.6757812500 0.3991835846 0.0000000000
v 0.6796875000 0.4059494080 0.0000000000
v 0.6835937500 0.3856519376 0.0000000000
v 0.6914062500 0.3856519376 0.0000000000
v 0.6992187500 0.3991835846 0.0000000000
v 0.6953125000 0.4059494080 0.0000000000
v 0.5507812500 0.3991835846 0.0000000000
v 0.5546875000 0.4059494080 0.0000000000
v 0.5585937500 0.3856519376 0.0000000000
v 0.5664062500 0.3856519376 0.0000000000
v 0.5742187500 0.3991835846 0.0000000000
v 0.5703125000 0.4059494080 0.0000000000
v 0.6132812500 0.2909304091 0.0000000000
v 0.6171875000 0.2976962326 0.0000000000
v 0.6210937500 0.2773987621 0.0000000000
v 0.6289062500 0.2773987621 0.0000000000
v 0.6367187500 0.2909304091 0.0000000000
v 0.6328125000 0.2976962326 0.0000000000
v 0.4257812500 0.3991835846 0.0000000000
v 0.4296875000 0.4059494080 0.0000000000
v 0.4335937500 0.3856519376 0.0000000000
v 0.4414062500 0.3856519376 0.0000000000
v 0.4492187500 0.3991835846 0.0000000000
v 0.4453125000 0.4059494080 0.0000000000
v 0.3007812500 0.3991835846 0.0000000000
v 0.3046875000 0.4059494080 0.0000000000
v 0.3085937500 0.3856519376 0.0000000000
v 0.3164062500 0.3856519376 0.0000000000
v 0.3242187500 0.3991835846 0.0000000000
v 0.3203125000 0.4059494080 0.0000000000
v 0.3632812500 0.2909304091 0.0000000000
v 0.3671875000 0.2976962326 0.0000000000
v 0.3710937500 0.2773987621 0.0000000000
v 0.3789062500 0.2773987621 0.0000000000
v 0.3867187500 0.2909304091 0.0000000000
v 0.3828125000 0.2976962326 0.0000000000
v 0.4335937500 0.4803734662 0.0000000000
v 0.4414062500 0.4803734662 0.0000000000
v 0.4257812500 0.4668418192 0.0000000000
v 0.4296875000 0.4600759958 0.0000000000
v 0.4453125000 0.4600759958 0.0000000000
v 0.4492187500 0.4668418192 0.0000000000
v 0.3710937500 0.5886266416 0.0000000000
v 0.3789062500 0.5886266416 0.0000000000
v 0.3632812500 0.5750949947 0.0000000000
v 0.3671875000 0.5683291712 0.0000000000
v 0.3828125000 0.5683291712 0.0000000000
v 0.3867187500 0.5750949947 0.0000000000
v 0.3085937500 0.4803734662 0.0000000000
v 0.3164062500 0.4803734662 0.0000000000
v 0.3007812500 0.4668418192 0.0000000000
v 0.3046875000 0.4600759958 0.0000000000
v 0.3203125000 0.4600759958 0.0000000000
v 0.3242187500 0.4668418192 0.0000000000
v 0.6835937500 0.4803734662 0.0000000000
v 0.6914062500 0.4803734662 0.0000000000
v 0.6757812500 0.4668418192 0.0000000000
v 0.6796875000 0.4600759958 0.0000000000
v 0.6953125000 0.4600759958 0.0000000000
v 0.6992187500 0.4668418192 0.0000000000
v 0.6210937500 0.5886266416 0.0000000000
v 0.6289062500 0.5886266416 0.0000000000
v 0.6132812500 0.5750949947 0.0000000000
v 0.6171875000 0.5683291712 0.0000000000
v 0.6328125000 0.5683291712 0.0000000000
v 0.6367187500 0.5750949947 0.0000000000
v 0.5585937500 0.4803734662 0.0000000000
v 0.5664062500 0.4803734662 0.0000000000
v 0.5507812500 0.4668418192 0.0000000000
v 0.5546875000 0.4600759958 0.0000000000
v 0.5703125000 0.4600759958 0.0000000000
v 0.5742187500 0.4668418192 0.0000000000
v 0.5585937500 0.6968798171 0.0000000000
v 0.5664062500 0.6968798171 0.0000000000
v 0.5507812500 0.6833481702 0.0000000000
v 0.5546875000 0.6765823467 0.0000000000
v 0.5703125000 0.6765823467 0.0000000000
v 0.5742187500 0.6833481702 0.0000000000
v 0.4960937500 0.8051329926 0.0000000000
v 0.5039062500 0.8051329926 0.0000000000
v 0.4882812500 0.7916013456 0.0000000000
v 0.4921875000 0.7848355222 0.0000000000
v 0.5078125000 0.7848355222 0.0000000000
v 0.5117187500 0.7916013456 0.0000000000
v 0.4335937500 0.6968798171 0.0000000000
v 0.4414062500 0.6968798171 0.0000000000
v 0.4257812500 0.6833481702 0.0000000000
v 0.4296875000 0.6765823467 0.0000000000
v 0.4453125000 0.6765823467 0.0000000000
v 0.4492187500 0.6833481702 0.0000000000
v 0.1835937500 0.0473607643 0.0000000000
v 0.1914062500 0.0473607643 0.0000000000
v 0.1757812500 0.0338291173 0.0000000000
v 0.1796875000 0.0270632939 0.0000000000
v 0.1953125000 0.0270632939 0.0000000000
v 0.1992187500 0.0338291173 0.0000000000
v 0.1210937500 0.1556139397 0.0000000000
v 0.1289062500 0.1556139397 0.0000000000
v 0.1132812500 0.1420822928 0.0000000000
v 0.1171875000 0.1353164693 0.0000000000
v 0.1328125000 0.1353164693 0.0000000000
v 0.1367187500 0.1420822928 0.0000000000
v 0.0585937500 0.0473607643 0.0000000000
v 0.0664062500 0.0473607643 0.0000000000
v 0.0507812500 0.0338291173 0.0000000000
v 0.0546875000 0.0270632939 0.0000000000
v 0.0703125000 0.0270632939 0.0000000000
v 0.0742187500 0.0338291173 0.0000000000
v 0.4335937500 0.0473607643 0.0000000000
v 0.4414062500 0.0473607643 0.0000000000
v 0.4257812500 0.0338291173 0.0000000000
v 0.4296875000 0.0270632939 0.0000000000
v 0.4453125000 0.0270632939 0.0000000000
v 0.4492187500 0.0338291173 0.0000000000
v 0.3710937500 0.1556139397 0.0000000000
v 0.3789062500 0.1556139397 0.0000000000
v 0.3632812500 0.1420822928 0.0000000000
v 0.3671875000 0.1353164693 0.0000000000
v 0.3828125000 0.1353164693 0.0000000000
v 0.3867187500 0.1420822928 0.0000000000
v 0.3085937500 0.0473607643 0.0000000000
v 0.3164062500 0.0473607643 0.0000000000
v 0.3007812500 0.0338291173 0.0000000000
v 0.3046875000 0.0270632939 0.0000000000
v 0.3203125000 0.0270632939 0.0000000000
v 0.3242187500 0.0338291173 0.0000000000
v 0.3085937500 0.2638671152 0.0000000000
v 0.3164062500 0.2638671152 0.0000000000
v 0.3007812500 0.2503354683 0.0000000000
v 0.3046875000 0.2435696448 0.0000000000
v 0.3203125000 0.2435696448 0.0000000000
v 0.3242187500 0.2503354683 0.0000000000
v 0.2460937500 0.3721202907 0.0000000000
v 0.2539062500 0.3721202907 0.0000000000
v 0.2382812500 0.3585886438 0.0000000000
v 0.2421875000 0.3518228203 0.0000000000
v 0.2578125000 0.3518228203 0.0000000000
v 0.2617187500 0.3585886438 0.0000000000
v 0.1835937500 0.2638671152 0.0000000000
v 0.1914062500 0.2638671152 0.0000000000
v 0.1757812500 0.2503354683 0.0000000000
v 0.1796875000 0.2435696448 0.0000000000
v 0.1953125000 0.2435696448 0.0000000000
v 0.1992187500 0.2503354683 0.0000000000
v 0.6835937500 0.0473607643 0.0000000000
v 0.6914062500 0.0473607643 0.0000000000
v 0.6757812500 0.0338291173 0.0000000000
v 0.6796875000 0.0270632939 0.0000000000
v 0.6953125000 0.0270632939 0.0000000000
v 0.6992187500 0.0338291173 0.0000000000
v 0.6210937500 0.1556139397 0.0000000000
v 0.6289062500 0.1556139397 0.0000000000
v 0.6132812500 0.1420822928 0.0000000000
v 0.6171875000 0.1353164693 0.0000000000
v 0.6328125000 0.1353164693 0.0000000000
v 0.6367187500 0.1420822928 0.0000000000
v 0.5585937500 0.0473607643 0.0000000000
v 0.5664062500 0.0473607643 0.0000000000
v 0.5507812500 0.0338291173 0.0000000000
v 0.5546875000 0.0270632939 0.0000000000
v 0.5703125000 0.0270632939 0.0000000000
v 0.5742187500 0.0338291173 0.0000000000
v 0.9335937500 0.0473607643 0.0000000000
v 0.9414062500 0.0473607643 0.0000000000
v 0.9257812500 0.0338291173 0.0000000000
v 0.9296875000 0.0270632939 0.0000000000
v 0.9453125000 0.0270632939 0.0000000000
v 0.9492187500 0.0338291173 0.0000000000
v 0.8710937500 0.1556139397 0.0000000000
v 0.8789062500 0.1556139397 0.0000000000
v 0.8632812500 0.1420822928 0.0000000000
v 0.8671875000 0.1353164693 0.0000000000
v 0.8828125000 0.1353164693 0.0000000000
v 0.8867187500 0.1420822928 0.0000000000
v 0.8085937500 0.0473607643 0.0000000000
v 0.8164062500 0.0473607643 0.0000000000
v 0.8007812500 0.0338291173 0.0000000000
v 0.8046875000 0.0270632939 0.0000000000
v 0.8203125000 0.0270632939 0.0000000000
v 0.8242187500 0.0338291173 0.0000000000
v 0.8085937500 0.2638671152 0.0000000000
v 0.8164062500 0.2638671152 0.0000000000
v 0.8007812500 0.2503354683 0.0000000000
v 0.8046875000 0.2435696448 0.0000000000
v 0.8203125000 0.2435696448 0.0000000000
v 0.8242187500 0.2503354683 0.0000000000
v 0.7460937500 0.3721202907 0.0000000000
v 0.7539062500 0.3721202907 0.0000000000
v 0.7382812500 0.3585886438 0.0000000000
v 0.7421875000 0.3518228203 0.0000000000
v 0.7578125000 0.3518228203 0.0000000000
v 0.7617187500 0.3585886438 0.0000000000
v 0.6835937500 0.2638671152 0.0000000000
v 0.6914062500 0.2638671152 0.0000000000
v 0.6757812500 0.2503354683 0.0000000000
v 0.6796875000 0.2435696448 0.0000000000
v 0.6953125000 0.2435696448 0.0000000000
v 0.6992187500 0.2503354683 0.0000000000
v 0.4921875000 0.2435696448 0.0000000000
v 0.4882812500 0.2503354683 0.0000000000
v 0.5078125000 0.2435696448 0.0000000000
v 0.5117187500 0.2503354683 0.0000000000
v 0.5039062500 0.2638671152 0.0000000000
v 0.4960937500 0.2638671152 0.0000000000
v 0.5234375000 0.2976962326 0.0000000000
v 0.5195312500 0.3044620560 0.0000000000
v 0.5390625000 0.2976962326 0.0000000000
v 0.5429687500 0.3044620560 0.0000000000
v 0.5351562500 0.3179937030 0.0000000000
v 0.5273437500 0.3179937030 0.0000000000
v 0.4609375000 0.2976962326 0.0000000000
v 0.4570312500 0.3044620560 0.0000000000
v 0.4765625000 0.2976962326 0.0000000000
v 0.4804687500 0.3044620560 0.0000000000
v 0.4726562500 0.3179937030 0.0000000000
v 0.4648437500 0.3179937030 0.0000000000
v 0.4570312500 0.5615633478 0.0000000000
v 0.4609375000 0.5683291712 0.0000000000
v 0.4648437500 0.5480317008 0.0000000000
v 0.4726562500 0.5480317008 0.0000000000
v 0.4804687500 0.5615633478 0.0000000000
v 0.4765625000 0.5683291712 0.0000000000
v 0.5195312500 0.5615633478 0.0000000000
v 0.5234375000 0.5683291712 0.0000000000
v 0.5273437500 0.5480317008 0.0000000000
v 0.5351562500 0.5480317008 0.0000000000
v 0.5429687500 0.5615633478 0.0000000000
v 0.5390625000 0.5683291712 0.0000000000
v 0.4882812500 0.6156899355 0.0000000000
v 0.4921875000 0.6224557590 0.0000000000
v 0.4960937500 0.6021582886 0.0000000000
v 0.5039062500 0.6021582886 0.0000000000
v 0.5117187500 0.6156899355 0.0000000000
v 0.5078125000 0.6224557590 0.0000000000
v 0.2070312500 0.1285506459 0.0000000000
v 0.2109375000 0.1353164693 0.0000000000
v 0.2148437500 0.1150189989 0.0000000000
v 0.2226562500 0.1150189989 0.0000000000
v 0.2304687500 0.1285506459 0.0000000000
v 0.2265625000 0.1353164693 0.0000000000
v 0.2695312500 0.1285506459 0.0000000000
v 0.2734375000 0.1353164693 0.0000000000
v 0.2773437500 0.1150189989 0.0000000000
v 0.2851562500 0.1150189989 0.0000000000
v 0.2929687500 0.1285506459 0.0000000000
v 0.2890625000 0.1353164693 0.0000000000
v 0.2382812500 0.1826772336 0.0000000000
v 0.2421875000 0.1894430571 0.0000000000
v 0.2460937500 0.1691455867 0.0000000000
v 0.2539062500 0.1691455867 0.0000000000
v 0.2617187500 0.1826772336 0.0000000000
v 0.2578125000 0.1894430571 0.0000000000
v 0.7070312500 0.1285506459 0.0000000000
v 0.7109375000 0.1353164693 0.0000000000
v 0.7148437500 0.1150189989 0.0000000000
v 0.7226562500 0.1150189989 0.0000000000
v 0.7304687500 0.1285506459 0.0000000000
v 0.7265625000 0.1353164693 0.0000000000
v 0.7695312500 0.1285506459 0.0000000000
v 0.7734375000 0.1353164693 0.0000000000
v 0.7773437500 0.1150189989 0.0000000000
v 0.7851562500 0.1150189989 0.0000000000
v 0.7929687500 0.1285506459 0.0000000000
v 0.7890625000 0.1353164693 0.0000000000
v 0.7382812500 0.1826772336 0.0000000000
v 0.7421875000 0.1894430571 0.0000000000
v 0.7460937500 0.1691455867 0.0000000000
v 0.7539062500 0.1691455867 0.0000000000
v 0.7617187500 0.1826772336 0.0000000000
v 0.7578125000 0.1894430571 0.0000000000
v 0.4570312500 0.1285506459 0.0000000000
v 0.4609375000 0.1353164693 0.0000000000
v 0.4648437500 0.1150189989 0.0000000000
v 0.4726562500 0.1150189989 0.0000000000
v 0.4804687500 0.1285506459 0.0000000000
v 0.4765625000 0.1353164693 0.0000000000
v 0.5195312500 0.1285506459 0.0000000000
v 0.5234375000 0.1353164693 0.0000000000
v 0.5273437500 0.1150189989 0.0000000000
v 0.5351562500 0.1150189989 0.0000000000
v 0.5429687500 0.1285506459 0.0000000000
v 0.5390625000 0.1353164693 0.0000000000
v 0.4882812500 0.1826772336 0.0000000000
v 0.4921875000 0.1894430571 0.0000000000
v 0.4960937500 0.1691455867 0.0000000000
v 0.5039062500 0.1691455867 0.0000000000
v 0.5117187500 0.1826772336 0.0000000000
v 0.5078125000 0.1894430571 0.0000000000
v 0.5820312500 0.3450569968 0.0000000000
v 0.5859375000 0.3518228203 0.0000000000
v 0.5898437500 0.3315253499 0.0000000000
v 0.5976562500 0.3315253499 0.0000000000
v 0.6054687500 0.3450569968 0.0000000000
v 0.6015625000 0.3518228203 0.0000000000
v 0.6445312500 0.3450569968 0.0000000000
v 0.6484375000 0.3518228203 0.0000000000
v 0.6523437500 0.3315253499 0.0000000000
v 0.6601562500 0.3315253499 0.0000000000
v 0.6679687500 0.3450569968 0.0000000000
v 0.6640625000 0.3518228203 0.0000000000
v 0.6132812500 0.3991835846 0.0000000000
v 0.6171875000 0.4059494080 0.0000000000
v 0.6210937500 0.3856519376 0.0000000000
v 0.6289062500 0.3856519376 0.0000000000
v 0.6367187500 0.3991835846 0.0000000000
v 0.6328125000 0.4059494080 0.0000000000
v 0.3320312500 0.3450569968 0.0000000000
v 0.3359375000 0.3518228203 0.0000000000
v 0.3398437500 0.3315253499 0.0000000000
v 0.3476562500 0.3315253499 0.0000000000
v 0.3554687500 0.3450569968 0.0000000000
v 0.3515625000 0.3518228203 0.0000000000
v 0.3945312500 0.3450569968 0.0000000000
v 0.3984375000 0.3518228203 0.0000000000
v 0.4023437500 0.3315253499 0.0000000000
v 0.4101562500 0.3315253499 0.0000000000
v 0.4179687500 0.3450569968 0.0000000000
v 0.4140625000 0.3518228203 0.0000000000
v 0.3632812500 0.3991835846 0.0000000000
v 0.3671875000 0.4059494080 0.0000000000
v 0.3710937500 0.3856519376 0.0000000000
v 0.3789062500 0.3856519376 0.0000000000
v 0.3867187500 0.3991835846 0.0000000000
v 0.3828125000 0.4059494080 0.0000000000
v 0.3398437500 0.5345000539 0.0000000000
v 0.3476562500 0.5345000539 0.0000000000
v 0.3320312500 0.5209684070 0.0000000000
v 0.3359375000 0.5142025835 0.0000000000
v 0.3515625000 0.5142025835 0.0000000000
v 0.3554687500 0.5209684070 0.0000000000
v 0.3710937500 0.4803734662 0.0000000000
v 0.3789062500 0.4803734662 0.0000000000
v 0.3632812500 0.4668418192 0.0000000000
v 0.3671875000 0.4600759958 0.0000000000
v 0.3828125000 0.4600759958 0.0000000000
v 0.3867187500 0.4668418192 0.0000000000
v 0.4023437500 0.5345000539 0.0000000000
v 0.4101562500 0.5345000539 0.0000000000
v 0.3945312500 0.5209684070 0.0000000000
v 0.3984375000 0.5142025835 0.0000000000
v 0.4140625000 0.5142025835 0.0000000000
v 0.4179687500 0.5209684070 0.0000000000
v 0.5898437500 0.5345000539 0.0000000000
v 0.5976562500 0.5345000539 0.0000000000
v 0.5820312500 0.5209684070 0.0000000000
v 0.5859375000 0.5142025835 0.0000000000
v 0.6015625000 0.5142025835 0.0000000000
v 0.6054687500 0.5209684070 0.0000000000
v 0.6210937500 0.4803734662 0.0000000000
v 0.6289062500 0.4803734662 0.0000000000
v 0.6132812500 0.4668418192 0.0000000000
v 0.6171875000 0.4600759958 0.0000000000
v 0.6328125000 0.4600759958 0.0000000000
v 0.6367187500 0.4668418192 0.0000000000
v 0.6523437500 0.5345000539 0.0000000000
v 0.6601562500 0.5345000539 0.0000000000
v 0.6445312500 0.5209684070 0.0000000000
v 0.6484375000 0.5142025835 0.0000000000
v 0.6640625000 0.5142025835 0.0000000000
v 0.6679687500 0.5209684070 0.0000000000
v 0.4648437500 0.7510064048 0.0000000000
v 0.4726562500 0.7510064048 0.0000000000
v 0.4570312500 0.7374747579 0.0000000000
v 0.4609375000 0.7307089344 0.0000000000
v 0.4765625000 0.7307089344 0.0000000000
v 0.4804687500 0.7374747579 0.0000000000
v 0.4960937500 0.6968798171 0.0000000000
v 0.5039062500 0.6968798171 0.0000000000
v 0.4882812500 0.6833481702 0.0000000000
v 0.4921875000 0.6765823467 0.0000000000
v 0.5078125000 0.6765823467 0.0000000000
v 0.5117187500 0.6833481702 0.0000000000
v 0.5273437500 0.7510064048 0.0000000000
v 0.5351562500 0.7510064048 0.0000000000
v 0.5195312500 0.7374747579 0.0000000000
v 0.5234375000 0.7307089344 0.0000000000
v 0.5390625000 0.7307089344 0.0000000000
v 0.5429687500 0.7374747579 0.0000000000
v 0.0898437500 0.1014873520 0.0000000000
v 0.0976562500 0.1014873520 0.0000000000
v 0.0820312500 0.0879557051 0.0000000000
v 0.0859375000 0.0811898816 0.0000000000
v 0.1015625000 0.0811898816 0.0000000000
v 0.1054687500 0.0879557051 0.0000000000
v 0.1210937500 0.0473607643 0.0000000000
v 0.1289062500 0.0473607643 0.0000000000
v 0.1132812500 0.0338291173 0.0000000000
v 0.1171875000 0.0270632939 0.0000000000
v 0.1328125000 0.0270632939 0.0000000000
v 0.1367187500 0.0338291173 0.0000000000
v 0.1523437500 0.1014873520 0.0000000000
v 0.1601562500 0.1014873520 0.0000000000
v 0.1445312500 0.0879557051 0.0000000000
v 0.1484375000 0.0811898816 0.0000000000
v 0.1640625000 0.0811898816 0.0000000000
v 0.1679687500 0.0879557051 0.0000000000
v 0.3398437500 0.1014873520 0.0000000000
v 0.3476562500 0.1014873520 0.0000000000
v 0.3320312500 0.0879557051 0.0000000000
v 0.3359375000 0.0811898816 0.0000000000
v 0.3515625000 0.0811898816 0.0000000000
v 0.3554687500 0.0879557051 0.0000000000
v 0.3710937500 0.0473607643 0.0000000000
v 0.3789062500 0.0473607643 0.0000000000
v 0.3632812500 0.0338291173 0.0000000000
v 0.3671875000 0.0270632939 0.0000000000
v 0.3828125000 0.0270632939 0.0000000000
v 0.3867187500 0.0338291173 0.0000000000
v 0.4023437500 0.1014873520 0.0000000000
v 0.4101562500 0.1014873520 0.0000000000
v 0.3945312500 0.0879557051 0.0000000000
v 0.3984375000 0.0811898816 0.0000000000
v 0.4140625000 0.0811898816 0.0000000000
v 0.4179687500 0.0879557051 0.0000000000
v 0.2148437500 0.3179937030 0.0000000000
v 0.2226562500 0.3179937030 0.0000000000
v 0.2070312500 0.3044620560 0.0000000000
v 0.2109375000 0.2976962326 0.0000000000
v 0.2265625000 0.2976962326 0.0000000000
v 0.2304687500 0.3044620560 0.0000000000
v 0.2460937500 0.2638671152 0.0000000000
v 0.2539062500 0.2638671152 0.0000000000
v 0.2382812500 0.2503354683 0.0000000000
v 0.2421875000 0.2435696448 0.0000000000
v 0.2578125000 0.2435696448 0.0000000000
v 0.2617187500 0.2503354683 0.0000000000
v 0.2773437500 0.3179937030 0.0000000000
v 0.2851562500 0.3179937030 0.0000000000
v 0.2695312500 0.3044620560 0.0000000000
v 0.2734375000 0.2976962326 0.0000000000
v 0.2890625000 0.2976962326 0.0000000000
v 0.2929687500 0.3044620560 0.0000000000
v 0.5898437500 0.1014873520 0.0000000000
v 0.5976562500 0.1014873520 0.0000000000
v 0.5820312500 0.0879557051 0.0000000000
v 0.5859375000 0.0811898816 0.0000000000
v 0.6015625000 0.0811898816 0.0000000000
v 0.6054687500 0.0879557051 0.0000000000
v 0.6210937500 0.0473607643 0.0000000000
v 0.6289062500 0.0473607643 0.0000000000
v 0.6132812500 0.0338291173 0.0000000000
v 0.6171875000 0.0270632939 0.0000000000
v 0.6328125000 0.0270632939 0.0000000000
v 0.6367187500 0.0338291173 0.0000000000
v 0.6523437500 0.1014873520 0.0000000000
v 0.6601562500 0.1014873520 0.0000000000
v 0.6445312500 0.0879557051 0.0000000000
v 0.6484375000 0.0811898816 0.0000000000
v 0.6640625000 0.0811898816 0.0000000000
v 0.6679687500 0.0879557051 0.0000000000
v 0.8398437500 0.1014873520 0.0000000000
v 0.8476562500 0.1014873520 0.0000000000
v 0.8320312500 0.0879557051 0.0000000000
v 0.8359375000 0.0811898816 0.0000000000
v 0.8515625000 0.0811898816 0.0000000000
v 0.8554687500 0.0879557051 0.0000000000
v 0.8710937500 0.0473607643 0.0000000000
v 0.8789062500 0.0473607643 0.0000000000
v 0.8632812500 0.0338291173 0.0000000000
v 0.8671875000 0.0270632939 0.0000000000
v 0.8828125000 0.0270632939 0.0000000000
v 0.8867187500 0.0338291173 0.0000000000
v 0.9023437500 0.1014873520 0.0000000000
v 0.9101562500 0.1014873520 0.0000000000
v 0.8945312500 0.0879557051 0.0000000000
v 0.8984375000 0.0811898816 0.0000000000
v 0.9140625000 0.0811898816 0.0000000000
v 0.9179687500 0.0879557051 0.0000000000
v 0.7148437500 0.3179937030 0.0000000000
v 0.7226562500 0.3179937030 0.0000000000
v 0.7070312500 0.3044620560 0.0000000000
v 0.7109375000 0.2976962326 0.0000000000
v 0.7265625000 0.2976962326 0.0000000000
v 0.7304687500 0.3044620560 0.0000000000
v 0.7460937500 0.2638671152 0.0000000000
v 0.7539062500 0.2638671152 0.0000000000
v 0.7382812500 0.2503354683 0.0000000000
v 0.7421875000 0.2435696448 0.0000000000
v 0.7578125000 0.2435696448 0.0000000000
v 0.7617187500 0.2503354683 0.0000000000
v 0.7773437500 0.3179937030 0.0000000000
v 0.7851562500 0.3179937030 0.0000000000
v 0.7695312500 0.3044620560 0.0000000000
v 0.7734375000 0.2976962326 0.0000000000
v 0.7890625000 0.2976962326 0.0000000000
v 0.7929687500 0.3044620560 0.0000000000
v 0.4570312500 0.3450569968 0.0000000000
v 0.4609375000 0.3518228203 0.0000000000
v 0.4648437500 0.3315253499 0.0000000000
v 0.4726562500 0.3315253499 0.0000000000
v 0.4804687500 0.3450569968 0.0000000000
v 0.4765625000 0.3518228203 0.0000000000
v 0.5195312500 0.3450569968 0.0000000000
v 0.5234375000 0.3518228203 0.0000000000
v 0.5273437500 0.3315253499 0.0000000000
v 0.5351562500 0.3315253499 0.0000000000
v 0.5429687500 0.3450569968 0.0000000000
v 0.5390625000 0.3518228203 0.0000000000
v 0.4882812500 0.3991835846 0.0000000000
v 0.4921875000 0.4059494080 0.0000000000
v 0.4960937500 0.3856519376 0.0000000000
v 0.5039062500 0.3856519376 0.0000000000
v 0.5117187500 0.3991835846 0.0000000000
v 0.5078125000 0.4059494080 0.0000000000
v 0.3945312500 0.2368038213 0.0000000000
v 0.3984375000 0.2435696448 0.0000000000
v 0.4023437500 0.2232721744 0.0000000000
v 0.4101562500 0.2232721744 0.0000000000
v 0.4179687500 0.2368038213 0.0000000000
v 0.4140625000 0.2435696448 0.0000000000
v 0.4570312500 0.2368038213 0.0000000000
v 0.4609375000 0.2435696448 0.0000000000
v 0.4648437500 0.2232721744 0.0000000000
v 0.4726562500 0.2232721744 0.0000000000
v 0.4804687500 0.2368038213 0.0000000000
v 0.4765625000 0.2435696448 0.0000000000
v 0.4257812500 0.2909304091 0.0000000000
v 0.4296875000 0.2976962326 0.0000000000
v 0.4335937500 0.2773987621 0.0000000000
v 0.4414062500 0.2773987621 0.0000000000
v 0.4492187500 0.2909304091 0.0000000000
v 0.4453125000 0.2976962326 0.0000000000
v 0.5195312500 0.2368038213 0.0000000000
v 0.5234375000 0.2435696448 0.0000000000
v 0.5273437500 0.2232721744 0.0000000000
v 0.5351562500 0.2232721744 0.0000000000
v 0.5429687500 0.2368038213 0.0000000000
v 0.5390625000 0.2435696448 0.0000000000
v 0.5820312500 0.2368038213 0.0000000000
v 0.5859375000 0.2435696448 0.0000000000
v 0.5898437500 0.2232721744 0.0000000000
v 0.5976562500 0.2232721744 0.0000000000
v 0.6054687500 0.2368038213 0.0000000000
v 0.6015625000 0.2435696448 0.0000000000
v 0.5507812500 0.2909304091 0.0000000000
v 0.5546875000 0.2976962326 0.0000000000
v 0.5585937500 0.2773987621 0.0000000000
v 0.5664062500 0.2773987621 0.0000000000
v 0.5742187500 0.2909304091 0.0000000000
v 0.5703125000 0.2976962326 0.0000000000
v 0.5273437500 0.6427532294 0.0000000000
v 0.5351562500 0.6427532294 0.0000000000
v 0.5195312500 0.6292215824 0.0000000000
v 0.5234375000 0.6224557590 0.0000000000
v 0.5390625000 0.6224557590 0.0000000000
v 0.5429687500 0.6292215824 0.0000000000
v 0.5585937500 0.5886266416 0.0000000000
v 0.5664062500 0.5886266416 0.0000000000
v 0.5507812500 0.5750949947 0.0000000000
v 0.5546875000 0.5683291712 0.0000000000
v 0.5703125000 0.5683291712 0.0000000000
v 0.5742187500 0.5750949947 0.0000000000
v 0.5898437500 0.6427532294 0.0000000000
v 0.5976562500 0.6427532294 0.0000000000
v 0.5820312500 0.6292215824 0.0000000000
v 0.5859375000 0.6224557590 0.0000000000
v 0.6015625000 0.6224557590 0.0000000000
v 0.6054687500 0.6292215824 0.0000000000
v 0.4023437500 0.6427532294 0.0000000000
v 0.4101562500 0.6427532294 0.0000000000
v 0.3945312500 0.6292215824 0.0000000000
v 0.3984375000 0.6224557590 0.0000000000
v 0.4140625000 0.6224557590 0.0000000000
v 0.4179687500 0.6292215824 0.0000000000
v 0.4335937500 0.5886266416 0.0000000000
v 0.4414062500 0.5886266416 0.0000000000
v 0.4257812500 0.5750949947 0.0000000000
v 0.4296875000 0.5683291712 0.0000000000
v 0.4453125000 0.5683291712 0.0000000000
v 0.4492187500 0.5750949947 0.0000000000
v 0.4648437500 0.6427532294 0.0000000000
v 0.4726562500 0.6427532294 0.0000000000
v 0.4570312500 0.6292215824 0.0000000000
v 0.4609375000 0.6224557590 0.0000000000
v 0.4765625000 0.6224557590 0.0000000000
v 0.4804687500 0.6292215824 0.0000000000
v 0.4648437500 0.5345000539 0.0000000000
v 0.4726562500 0.5345000539 0.0000000000
v 0.4570312500 0.5209684070 0.0000000000
v 0.4609375000 0.5142025835 0.0000000000
v 0.4765625000 0.5142025835 0.0000000000
v 0.4804687500 0.5209684070 0.0000000000
v 0.4960937500 0.4803734662 0.0000000000
v 0.5039062500 0.4803734662 0.0000000000
v 0.4882812500 0.4668418192 0.0000000000
v 0.4921875000 0.4600759958 0.0000000000
v 0.5078125000 0.4600759958 0.0000000000
v 0.5117187500 0.4668418192 0.0000000000
v 0.5273437500 0.5345000539 0.0000000000
v 0.5351562500 0.5345000539 0.0000000000
v 0.5195312500 0.5209684070 0.0000000000
v 0.5234375000 0.5142025835 0.0000000000
v 0.5390625000 0.5142025835 0.0000000000
v 0.5429687500 0.5209684070 0.0000000000
v 0.2773437500 0.2097405275 0.0000000000
v 0.2851562500 0.2097405275 0.0000000000
v 0.2695312500 0.1962088805 0.0000000000
v 0.2734375000 0.1894430571 0.0000000000
v 0.2890625000 0.1894430571 0.0000000000
v 0.2929687500 0.1962088805 0.0000000000
v 0.3085937500 0.1556139397 0.0000000000
v 0.3164062500 0.1556139397 0.0000000000
v 0.3007812500 0.1420822928 0.0000000000
v 0.3046875000 0.1353164693 0.0000000000
v 0.3203125000 0.1353164693 0.0000000000
v 0.3242187500 0.1420822928 0.0000000000
v 0.3398437500 0.2097405275 0.0000000000
v 0.3476562500 0.2097405275 0.0000000000
v 0.3320312500 0.1962088805 0.0000000000
v 0.3359375000 0.1894430571 0.0000000000
v 0.3515625000 0.1894430571 0.0000000000
v 0.3554687500 0.1962088805 0.0000000000
v 0.1523437500 0.2097405275 0.0000000000
v 0.1601562500 0.2097405275 0.0000000000
v 0.1445312500 0.1962088805 0.0000000000
v 0.1484375000 0.1894430571 0.0000000000
v 0.1640625000 0.1894430571 0.0000000000
v 0.1679687500 0.1962088805 0.0000000000
v 0.1835937500 0.1556139397 0.0000000000
v 0.1914062500 0.1556139397 0.0000000000
v 0.1757812500 0.1420822928 0.0000000000
v 0.1796875000 0.1353164693 0.0000000000
v 0.1953125000 0.1353164693 0.0000000000
v 0.1992187500 0.1420822928 0.0000000000
v 0.2148437500 0.2097405275 0.0000000000
v 0.2226562500 0.2097405275 0.0000000000
v 0.2070312500 0.1962088805 0.0000000000
v 0.2109375000 0.1894430571 0.0000000000
v 0.2265625000 0.1894430571 0.0000000000
v 0.2304687500 0.1962088805 0.0000000000
v 0.2148437500 0.1014873520 0.0000000000
v 0.2226562500 0.1014873520 0.0000000000
v 0.2070312500 0.0879557051 0.0000000000
v 0.2109375000 0.0811898816 0.0000000000
v 0.2265625000 0.0811898816 0.0000000000
v 0.2304687500 0.0879557051 0.0000000000
v 0.2460937500 0.0473607643 0.0000000000
v 0.2539062500 0.0473607643 0.0000000000
v 0.2382812500 0.0338291173 0.0000000000
v 0.2421875000 0.0270632939 0.0000000000
v 0.2578125000 0.0270632939 0.0000000000
v 0.2617187500 0.0338291173 0.0000000000
v 0.2773437500 0.1014873520 0.0000000000
v 0.2851562500 0.1014873520 0.0000000000
v 0.2695312500 0.0879557051 0.0000000000
v 0.2734375000 0.0811898816 0.0000000000
v 0.2890625000 0.0811898816 0.0000000000
v 0.2929687500 0.0879557051 0.0000000000
v 0.7773437500 0.2097405275 0.0000000000
v 0.7851562500 0.2097405275 0.0000000000
v 0.7695312500 0.1962088805 0.0000000000
v 0.7734375000 0.1894430571 0.0000000000
v 0.7890625000 0.1894430571 0.0000000000
v 0.7929687500 0.1962088805 0.0000000000
v 0.8085937500 0.1556139397 0.0000000000
v 0.8164062500 0.1556139397 0.0000000000
v 0.8007812500 0.1420822928 0.0000000000
v 0.8046875000 0.1353164693 0.0000000000
v 0.8203125000 0.1353164693 0.0000000000
v 0.8242187500 0.1420822928 0.0000000000
v 0.8398437500 0.2097405275 0.0000000000
v 0.8476562500 0.2097405275 0.0000000000
v 0.8320312500 0.1962088805 0.0000000000
v 0.8359375000 0.1894430571 0.0000000000
v 0.8515625000 0.1894430571 0.0000000000
v 0.8554687500 0.1962088805 0.0000000000
v 0.6523437500 0.2097405275 0.0000000000
v 0.6601562500 0.2097405275 0.0000000000
v 0.6445312500 0.1962088805 0.0000000000
v 0.6484375000 0.1894430571 0.0000000000
v 0.6640625000 0.1894430571 0.0000000000
v 0.6679687500 0.1962088805 0.0000000000
v 0.6835937500 0.1556139397 0.0000000000
v 0.6914062500 0.1556139397 0.0000000000
v 0.6757812500 0.1420822928 0.0000000000
v 0.6796875000 0.1353164693 0.0000000000
v 0.6953125000 0.1353164693 0.0000000000
v 0.6992187500 0.1420822928 0.0000000000
v 0.7148437500 0.2097405275 0.0000000000
v 0.7226562500 0.2097405275 0.0000000000
v 0.7070312500 0.1962088805 0.0000000000
v 0.7109375000 0.1894430571 0.0000000000
v 0.7265625000 0.1894430571 0.0000000000
v 0.7304687500 0.1962088805 0.0000000000
v 0.7148437500 0.1014873520 0.0000000000
v 0.7226562500 0.1014873520 0.0000000000
v 0.7070312500 0.0879557051 0.0000000000
v 0.7109375000 0.0811898816 0.0000000000
v 0.7265625000 0.0811898816 0.0000000000
v 0.7304687500 0.0879557051 0.0000000000
v 0.7460937500 0.0473607643 0.0000000000
v 0.7539062500 0.0473607643 0.0000000000
v 0.7382812500 0.0338291173 0.0000000000
v 0.7421875000 0.0270632939 0.0000000000
v 0.7578125000 0.0270632939 0.0000000000
v 0.7617187500 0.0338291173 0.0000000000
v 0.7773437500 0.1014873520 0.0000000000
v 0.7851562500 0.1014873520 0.0000000000
v 0.7695312500 0.0879557051 0.0000000000
v 0.7734375000 0.0811898816 0.0000000000
v 0.7890625000 0.0811898816 0.0000000000
v 0.7929687500 0.0879557051 0.0000000000
v 0.5273437500 0.2097405275 0.0000000000
v 0.5351562500 0.2097405275 0.0000000000
v 0.5195312500 0.1962088805 0.0000000000
v 0.5234375000 0.1894430571 0.0000000000
v 0.5390625000 0.1894430571 0.0000000000
v 0.5429687500 0.1962088805 0.0000000000
v 0.5585937500 0.1556139397 0.0000000000
v 0.5664062500 0.1556139397 0.0000000000
v 0.5507812500 0.1420822928 0.0000000000
v 0.5546875000 0.1353164693 0.0000000000
v 0.5703125000 0.1353164693 0.0000000000
v 0.5742187500 0.1420822928 0.0000000000
v 0.5898437500 0.2097405275 0.0000000000
v 0.5976562500 0.2097405275 0.0000000000
v 0.5820312500 0.1962088805 0.0000000000
v 0.5859375000 0.1894430571 0.0000000000
v 0.6015625000 0.1894430571 0.0000000000
v 0.6054687500 0.1962088805 0.0000000000
v 0.4023437500 0.2097405275 0.0000000000
v 0.4101562500 0.2097405275 0.0000000000
v 0.3945312500 0.1962088805 0.0000000000
v 0.3984375000 0.1894430571 0.0000000000
v 0.4140625000 0.1894430571 0.0000000000
v 0.4179687500 0.1962088805 0.0000000000
v 0.4335937500 0.1556139397 0.0000000000
v 0.4414062500 0.1556139397 0.0000000000
v 0.4257812500 0.1420822928 0.0000000000
v 0.4296875000 0.1353164693 0.0000000000
v 0.4453125000 0.1353164693 0.0000000000
v 0.4492187500 0.1420822928 0.0000000000
v 0.4648437500 0.2097405275 0.0000000000
v 0.4726562500 0.2097405275 0.0000000000
v 0.4570312500 0.1962088805 0.0000000000
v 0.4609375000 0.1894430571 0.0000000000
v 0.4765625000 0.1894430571 0.0000000000
v 0.4804687500 0.1962088805 0.0000000000
v 0.4648437500 0.1014873520 0.0000000000
v 0.4726562500 0.1014873520 0.0000000000
v 0.4570312500 0.0879557051 0.0000000000
v 0.4609375000 0.0811898816 0.0000000000
v 0.4765625000 0.0811898816 0.0000000000
v 0.4804687500 0.0879557051 0.0000000000
v 0.4960937500 0.0473607643 0.0000000000
v 0.5039062500 0.0473607643 0.0000000000
v 0.4882812500 0.0338291173 0.0000000000
v 0.4921875000 0.0270632939 0.0000000000
v 0.5078125000 0.0270632939 0.0000000000
v 0.5117187500 0.0338291173 0.0000000000
v 0.5273437500 0.1014873520 0.0000000000
v 0.5351562500 0.1014873520 0.0000000000
v 0.5195312500 0.0879557051 0.0000000000
v 0.5234375000 0.0811898816 0.0000000000
v 0.5390625000 0.0811898816 0.0000000000
v 0.5429687500 0.0879557051 0.0000000000
v 0.6523437500 0.4262468784 0.0000000000
v 0.6601562500 0.4262468784 0.0000000000
v 0.6445312500 0.4127152315 0.0000000000
v 0.6484375000 0.4059494080 0.0000000000
v 0.6640625000 0.4059494080 0.0000000000
v 0.6679687500 0.4127152315 0.0000000000
v 0.6835937500 0.3721202907 0.0000000000
v 0.6914062500 0.3721202907 0.0000000000
v 0.6757812500 0.3585886438 0.0000000000
v 0.6796875000 0.3518228203 0.0000000000
v 0.6953125000 0.3518228203 0.0000000000
v 0.6992187500 0.3585886438 0.0000000000
v 0.7148437500 0.4262468784 0.0000000000
v 0.7226562500 0.4262468784 0.0000000000
v 0.7070312500 0.4127152315 0.0000000000
v 0.7109375000 0.4059494080 0.0000000000
v 0.7265625000 0.4059494080 0.0000000000
v 0.7304687500 0.4127152315 0.0000000000
v 0.5273437500 0.4262468784 0.0000000000
v 0.5351562500 0.4262468784 0.0000000000
v 0.5195312500 0.4127152315 0.0000000000
v 0.5234375000 0.4059494080 0.0000000000
v 0.5390625000 0.4059494080 0.0000000000
v 0.5429687500 0.4127152315 0.0000000000
v 0.5585937500 0.3721202907 0.0000000000
v 0.5664062500 0.3721202907 0.0000000000
v 0.5507812500 0.3585886438 0.0000000000
v 0.5546875000 0.3518228203 0.0000000000
v 0.5703125000 0.3518228203 0.0000000000
v 0.5742187500 0.3585886438 0.0000000000
v 0.5898437500 0.4262468784 0.0000000000
v 0.5976562500 0.4262468784 0.0000000000
v 0.5820312500 0.4127152315 0.0000000000
v 0.5859375000 0.4059494080 0.0000000000
v 0.6015625000 0.4059494080 0.0000000000
v 0.6054687500 0.4127152315 0.0000000000
v 0.5898437500 0.3179937030 0.0000000000
v 0.5976562500 0.3179937030 0.0000000000
v 0.5820312500 0.3044620560 0.0000000000
v 0.5859375000 0.2976962326 0.0000000000
v 0.6015625000 0.2976962326 0.0000000000
v 0.6054687500 0.3044620560 0.0000000000
v 0.6210937500 0.2638671152 0.0000000000
v 0.6289062500 0.2638671152 0.0000000000
v 0.6132812500 0.2503354683 0.0000000000
v 0.6171875000 0.2435696448 0.0000000000
v 0.6328125000 0.2435696448 0.0000000000
v 0.6367187500 0.2503354683 0.0000000000
v 0.6523437500 0.3179937030 0.0000000000
v 0.6601562500 0.3179937030 0.0000000000
v 0.6445312500 0.3044620560 0.0000000000
v 0.6484375000 0.2976962326 0.0000000000
v 0.6640625000 0.2976962326 0.0000000000
v 0.6679687500 0.3044620560 0.0000000000
v 0.4023437500 0.4262468784 0.0000000000
v 0.4101562500 0.4262468784 0.0000000000
v 0.3945312500 0.4127152315 0.0000000000
v 0.3984375000 0.4059494080 0.0000000000
v 0.4140625000 0.4059494080 0.0000000000
v 0.4179687500 0.4127152315 0.0000000000
v 0.4335937500 0.3721202907 0.0000000000
v 0.4414062500 0.3721202907 0.0000000000
v 0.4257812500 0.3585886438 0.0000000000
v 0.4296875000 0.3518228203 0.0000000000
v 0.4453125000 0.3518228203 0.0000000000
v 0.4492187500 0.3585886438 0.0000000000
v 0.4648437500 0.4262468784 0.0000000000
v 0.4726562500 0.4262468784 0.0000000000
v 0.4570312500 0.4127152315 0.0000000000
v 0.4609375000 0.4059494080 0.0000000000
v 0.4765625000 0.4059494080 0.0000000000
v 0.4804687500 0.4127152315 0.0000000000
v 0.2773437500 0.4262468784 0.0000000000
v 0.2851562500 0.4262468784 0.0000000000
v 0.2695312500 0.4127152315 0.0000000000
v 0.2734375000 0.4059494080 0.0000000000
v 0.2890625000 0.4059494080 0.0000000000
v 0.2929687500 0.4127152315 0.0000000000
v 0.3085937500 0.3721202907 0.0000000000
v 0.3164062500 0.3721202907 0.0000000000
v 0.3007812500 0.3585886438 0.0000000000
v 0.3046875000 0.3518228203 0.0000000000
v 0.3203125000 0.3518228203 0.0000000000
v 0.3242187500 0.3585886438 0.0000000000
v 0.3398437500 0.4262468784 0.0000000000
v 0.3476562500 0.4262468784 0.0000000000
v 0.3320312500 0.4127152315 0.0000000000
v 0.3359375000 0.4059494080 0.0000000000
v 0.3515625000 0.4059494080 0.0000000000
v 0.3554687500 0.4127152315 0.0000000000
v 0.3398437500 0.3179937030 0.0000000000
v 0.3476562500 0.3179937030 0.0000000000
v 0.3320312500 0.3044620560 0.0000000000
v 0.3359375000 0.2976962326 0.0000000000
v 0.3515625000 0.2976962326 0.0000000000
v 0.3554687500 0.3044620560 0.0000000000
v 0.3710937500 0.2638671152 0.0000000000
v 0.3789062500 0.2638671152 0.0000000000
v 0.3632812500 0.2503354683 0.0000000000
v 0.3671875000 0.2435696448 0.0000000000
v 0.3828125000 0.2435696448 0.0000000000
v 0.3867187500 0.2503354683 0.0000000000
v 0.4023437500 0.3179937030 0.0000000000
v 0.4101562500 0.3179937030 0.0000000000
v 0.3945312500 0.3044620560 0.0000000000
v 0.3984375000 0.2976962326 0.0000000000
v 0.4140625000 0.2976962326 0.0000000000
v 0.4179687500 0.3044620560 0.0000000000
v 0.4453125000 0.5142025835 0.0000000000
v 0.4492187500 0.5074367600 0.0000000000
v 0.4296875000 0.5142025835 0.0000000000
v 0.4257812500 0.5074367600 0.0000000000
v 0.4335937500 0.4939051131 0.0000000000
v 0.4414062500 0.4939051131 0.0000000000
v 0.4140625000 0.4600759958 0.0000000000
v 0.4179687500 0.4533101723 0.0000000000
v 0.3984375000 0.4600759958 0.0000000000
v 0.3945312500 0.4533101723 0.0000000000
v 0.4023437500 0.4397785254 0.0000000000
v 0.4101562500 0.4397785254 0.0000000000
v 0.4765625000 0.4600759958 0.0000000000
v 0.4804687500 0.4533101723 0.0000000000
v 0.4609375000 0.4600759958 0.0000000000
v 0.4570312500 0.4533101723 0.0000000000
v 0.4648437500 0.4397785254 0.0000000000
v 0.4726562500 0.4397785254 0.0000000000
v 0.3828125000 0.6224557590 0.0000000000
v 0.3867187500 0.6156899355 0.0000000000
v 0.3671875000 0.6224557590 0.0000000000
v 0.3632812500 0.6156899355 0.0000000000
v 0.3710937500 0.6021582886 0.0000000000
v 0.3789062500 0.6021582886 0.0000000000
v 0.3515625000 0.5683291712 0.0000000000
v 0.3554687500 0.5615633478 0.0000000000
v 0.3359375000 0.5683291712 0.0000000000
v 0.3320312500 0.5615633478 0.0000000000
v 0.3398437500 0.5480317008 0.0000000000
v 0.3476562500 0.5480317008 0.0000000000
v 0.4140625000 0.5683291712 0.0000000000
v 0.4179687500 0.5615633478 0.0000000000
v 0.3984375000 0.5683291712 0.0000000000
v 0.3945312500 0.5615633478 0.0000000000
v 0.4023437500 0.5480317008 0.0000000000
v 0.4101562500 0.5480317008 0.0000000000
v 0.3203125000 0.5142025835 0.0000000000
v 0.3242187500 0.5074367600 0.0000000000
v 0.3046875000 0.5142025835 0.0000000000
v 0.3007812500 0.5074367600 0.0000000000
v 0.3085937500 0.4939051131 0.0000000000
v 0.3164062500 0.4939051131 0.0000000000
v 0.2890625000 0.4600759958 0.0000000000
v 0.2929687500 0.4533101723 0.0000000000
v 0.2734375000 0.4600759958 0.0000000000
v 0.2695312500 0.4533101723 0.0000000000
v 0.2773437500 0.4397785254 0.0000000000
v 0.2851562500 0.4397785254 0.0000000000
v 0.3515625000 0.4600759958 0.0000000000
v 0.3554687500 0.4533101723 0.0000000000
v 0.3359375000 0.4600759958 0.0000000000
v 0.3320312500 0.4533101723 0.0000000000
v 0.3398437500 0.4397785254 0.0000000000
v 0.3476562500 0.4397785254 0.0000000000
v 0.6953125000 0.5142025835 0.0000000000
v 0.6992187500 0.5074367600 0.0000000000
v 0.6796875000 0.5142025835 0.0000000000
v 0.6757812500 0.5074367600 0.0000000000
v 0.6835937500 0.4939051131 0.0000000000
v 0.6914062500 0.4939051131 0.0000000000
v 0.6640625000 0.4600759958 0.0000000000
v 0.6679687500 0.4533101723 0.0000000000
v 0.6484375000 0.4600759958 0.0000000000
v 0.6445312500 0.4533101723 0.0000000000
v 0.6523437500 0.4397785254 0.0000000000
v 0.6601562500 0.4397785254 0.0000000000
v 0.7265625000 0.4600759958 0.0000000000
v 0.7304687500 0.4533101723 0.0000000000
v 0.7109375000 0.4600759958 0.0000000000
v 0.7070312500 0.4533101723 0.0000000000
v 0.7148437500 0.4397785254 0.0000000000
v 0.7226562500 0.4397785254 0.0000000000
v 0.6328125000 0.6224557590 0.0000000000
v 0.6367187500 0.6156899355 0.0000000000
v 0.6171875000 0.6224557590 0.0000000000
v 0.6132812500 0.6156899355 0.0000000000
v 0.6210937500 0.6021582886 0.0000000000
v 0.6289062500 0.6021582886 0.0000000000
v 0.6015625000 0.5683291712 0.0000000000
v 0.6054687500 0.5615633478 0.0000000000
v 0.5859375000 0.5683291712 0.0000000000
v 0.5820312500 0.5615633478 0.0000000000
v 0.5898437500 0.5480317008 0.0000000000
v 0.5976562500 0.5480317008 0.0000000000
v 0.6640625000 0.5683291712 0.0000000000
v 0.6679687500 0.5615633478 0.0000000000
v 0.6484375000 0.5683291712 0.0000000000
v 0.6445312500 0.5615633478 0.0000000000
v 0.6523437500 0.5480317008 0.0000000000
v 0.6601562500 0.5480317008 0.0000000000
v 0.5703125000 0.5142025835 0.0000000000
v 0.5742187500 0.5074367600 0.0000000000
v 0.5546875000 0.5142025835 0.0000000000
v 0.5507812500 0.5074367600 0.0000000000
v 0.5585937500 0.4939051131 0.0000000000
v 0.5664062500 0.4939051131 0.0000000000
v 0.5390625000 0.4600759958 0.0000000000
v 0.5429687500 0.4533101723 0.0000000000
v 0.5234375000 0.4600759958 0.0000000000
v 0.5195312500 0.4533101723 0.0000000000
v 0.5273437500 0.4397785254 0.0000000000
v 0.5351562500 0.4397785254 0.0000000000
v 0.6015625000 0.4600759958 0.0000000000
v 0.6054687500 0.4533101723 0.0000000000
v 0.5859375000 0.4600759958 0.0000000000
v 0.5820312500 0.4533101723 0.0000000000
v 0.5898437500 0.4397785254 0.0000000000
v 0.5976562500 0.4397785254 0.0000000000
v 0.5703125000 0.7307089344 0.0000000000
v 0.5742187500 0.7239431110 0.0000000000
v 0.5546875000 0.7307089344 0.0000000000
v 0.5507812500 0.7239431110 0.0000000000
v 0.5585937500 0.7104114640 0.0000000000
v 0.5664062500 0.7104114640 0.0000000000
v 0.5390625000 0.6765823467 0.0000000000
v 0.5429687500 0.6698165232 0.0000000000
v 0.5234375000 0.6765823467 0.0000000000
v 0.5195312500 0.6698165232 0.0000000000
v 0.5273437500 0.6562848763 0.0000000000
v 0.5351562500 0.6562848763 0.0000000000
v 0.6015625000 0.6765823467 0.0000000000
v 0.6054687500 0.6698165232 0.0000000000
v 0.5859375000 0.6765823467 0.0000000000
v 0.5820312500 0.6698165232 0.0000000000
v 0.5898437500 0.6562848763 0.0000000000
v 0.5976562500 0.6562848763 0.0000000000
v 0.5078125000 0.8389621099 0.0000000000
v 0.5117187500 0.8321962864 0.0000000000
v 0.4921875000 0.8389621099 0.0000000000
v 0.4882812500 0.8321962864 0.0000000000
v 0.4960937500 0.8186646395 0.0000000000
v 0.5039062500 0.8186646395 0.0000000000
v 0.4765625000 0.7848355222 0.0000000000
v 0.4804687500 0.7780696987 0.0000000000
v 0.4609375000 0.7848355222 0.0000000000
v 0.4570312500 0.7780696987 0.0000000000
v 0.4648437500 0.7645380518 0.0000000000
v 0.4726562500 0.7645380518 0.0000000000
v 0.5390625000 0.7848355222 0.0000000000
v 0.5429687500 0.7780696987 0.0000000000
v 0.5234375000 0.7848355222 0.0000000000
v 0.5195312500 0.7780696987 0.0000000000
v 0.5273437500 0.7645380518 0.0000000000
v 0.5351562500 0.7645380518 0.0000000000
v 0.4453125000 0.7307089344 0.0000000000
v 0.4492187500 0.7239431110 0.0000000000
v 0.4296875000 0.7307089344 0.0000000000
v 0.4257812500 0.7239431110 0.0000000000
v 0.4335937500 0.7104114640 0.0000000000
v 0.4414062500 0.7104114640 0.0000000000
v 0.4140625000 0.6765823467 0.0000000000
v 0.4179687500 0.6698165232 0.0000000000
v 0.3984375000 0.6765823467 0.0000000000
v 0.3945312500 0.6698165232 0.0000000000
v 0.4023437500 0.6562848763 0.0000000000
v 0.4101562500 0.6562848763 0.0000000000
v 0.4765625000 0.6765823467 0.0000000000
v 0.4804687500 0.6698165232 0.0000000000
v 0.4609375000 0.6765823467 0.0000000000
v 0.4570312500 0.6698165232 0.0000000000
v 0.4648437500 0.6562848763 0.0000000000
v 0.4726562500 0.6562848763 0.0000000000
v 0.1953125000 0.0811898816 0.0000000000
v 0.1992187500 0.0744240581 0.0000000000
v 0.1796875000 0.0811898816 0.0000000000
v 0.1757812500 0.0744240581 0.0000000000
v 0.1835937500 0.0608924112 0.0000000000
v 0.1914062500 0.0608924112 0.0000000000
v 0.1640625000 0.0270632939 0.0000000000
v 0.1679687500 0.0202974704 0.0000000000
v 0.1484375000 0.0270632939 0.0000000000
v 0.1445312500 0.0202974704 0.0000000000
v 0.1523437500 0.0067658235 0.0000000000
v 0.1601562500 0.0067658235 0.0000000000
v 0.2265625000 0.0270632939 0.0000000000
v 0.2304687500 0.0202974704 0.0000000000
v 0.2109375000 0.0270632939 0.0000000000
v 0.2070312500 0.0202974704 0.0000000000
v 0.2148437500 0.0067658235 0.0000000000
v 0.2226562500 0.0067658235 0.0000000000
v 0.1328125000 0.1894430571 0.0000000000
v 0.1367187500 0.1826772336 0.0000000000
v 0.1171875000 0.1894430571 0.0000000000
v 0.1132812500 0.1826772336 0.0000000000
v 0.1210937500 0.1691455867 0.0000000000
v 0.1289062500 0.1691455867 0.0000000000
v 0.1015625000 0.1353164693 0.0000000000
v 0.1054687500 0.1285506459 0.0000000000
v 0.0859375000 0.1353164693 0.0000000000
v 0.0820312500 0.1285506459 0.0000000000
v 0.0898437500 0.1150189989 0.0000000000
v 0.0976562500 0.1150189989 0.0000000000
v 0.1640625000 0.1353164693 0.0000000000
v 0.1679687500 0.1285506459 0.0000000000
v 0.1484375000 0.1353164693 0.0000000000
v 0.1445312500 0.1285506459 0.0000000000
v 0.1523437500 0.1150189989 0.0000000000
v 0.1601562500 0.1150189989 0.0000000000
v 0.0703125000 0.0811898816 0.0000000000
v 0.0742187500 0.0744240581 0.0000000000
v 0.0546875000 0.0811898816 0.0000000000
v 0.0507812500 0.0744240581 0.0000000000
v 0.0585937500 0.0608924112 0.0000000000
v 0.0664062500 0.0608924112 0.0000000000
v 0.0390625000 0.0270632939 0.0000000000
v 0.0429687500 0.0202974704 0.0000000000
v 0.0234375000 0.0270632939 0.0000000000
v 0.0195312500 0.0202974704 0.0000000000
v 0.0273437500 0.0067658235 0.0000000000
v 0.0351562500 0.0067658235 0.0000000000
v 0.1015625000 0.0270632939 0.0000000000
v 0.1054687500 0.0202974704 0.0000000000
v 0.0859375000 0.0270632939 0.0000000000
v 0.0820312500 0.0202974704 0.0000000000
v 0.0898437500 0.0067658235 0.0000000000
v 0.0976562500 0.0067658235 0.0000000000
v 0.4453125000 0.0811898816 0.0000000000
v 0.4492187500 0.0744240581 0.0000000000
v 0.4296875000 0.0811898816 0.0000000000
v 0.4257812500 0.0744240581 0.0000000000
v 0.4335937500 0.0608924112 0.0000000000
v 0.4414062500 0.0608924112 0.0000000000
v 0.4140625000 0.0270632939 0.0000000000
v 0.4179687500 0.0202974704 0.0000000000
v 0.3984375000 0.0270632939 0.0000000000
v 0.3945312500 0.0202974704 0.0000000000
v 0.4023437500 0.0067658235 0.0000000000
v 0.4101562500 0.0067658235 0.0000000000
v 0.4765625000 0.0270632939 0.0000000000
v 0.4804687500 0.0202974704 0.0000000000
v 0.4609375000 0.0270632939 0.0000000000
v 0.4570312500 0.0202974704 0.0000000000
v 0.4648437500 0.0067658235 0.0000000000
v 0.4726562500 0.0067658235 0.0000000000
v 0.3828125000 0.1894430571 0.0000000000
v 0.3867187500 0.1826772336 0.0000000000
v 0.3671875000 0.1894430571 0.0000000000
v 0.3632812500 0.1826772336 0.0000000000
v 0.3710937500 0.1691455867 0.0000000000
v 0.3789062500 0.1691455867 0.0000000000
v 0.3515625000 0.1353164693 0.0000000000
v 0.3554687500 0.1285506459 0.0000000000
v 0.3359375000 0.1353164693 0.0000000000
v 0.3320312500 0.1285506459 0.0000000000
v 0.3398437500 0.1150189989 0.0000000000
v 0.3476562500 0.1150189989 0.0000000000
v 0.4140625000 0.1353164693 0.0000000000
v 0.4179687500 0.1285506459 0.0000000000
v 0.3984375000 0.1353164693 0.0000000000
v 0.3945312500 0.1285506459 0.0000000000
v 0.4023437500 0.1150189989 0.0000000000
v 0.4101562500 0.1150189989 0.0000000000
v 0.3203125000 0.0811898816 0.0000000000
v 0.3242187500 0.0744240581 0.0000000000
v 0.3046875000 0.0811898816 0.0000000000
v 0.3007812500 0.0744240581 0.0000000000
v 0.3085937500 0.0608924112 0.0000000000
v 0.3164062500 0.0608924112 0.0000000000
v 0.2890625000 0.0270632939 0.0000000000
v 0.2929687500 0.0202974704 0.0000000000
v 0.2734375000 0.0270632939 0.0000000000
v 0.2695312500 0.0202974704 0.0000000000
v 0.2773437500 0.0067658235 0.0000000000
v 0.2851562500 0.0067658235 0.0000000000
v 0.3515625000 0.0270632939 0.0000000000
v 0.3554687500 0.0202974704 0.0000000000
v 0.3359375000 0.0270632939 0.0000000000
v 0.3320312500 0.0202974704 0.0000000000
v 0.3398437500 0.0067658235 0.0000000000
v 0.3476562500 0.0067658235 0.0000000000
v 0.3203125000 0.2976962326 0.0000000000
v 0.3242187500 0.2909304091 0.0000000000
v 0.3046875000 0.2976962326 0.0000000000
v 0.3007812500 0.2909304091 0.0000000000
v 0.3085937500 0.2773987621 0.0000000000
v 0.3164062500 0.2773987621 0.0000000000
v 0.2890625000 0.2435696448 0.0000000000
v 0.2929687500 0.2368038213 0.0000000000
v 0.2734375000 0.2435696448 0.0000000000
v 0.2695312500 0.2368038213 0.0000000000
v 0.2773437500 0.2232721744 0.0000000000
v 0.2851562500 0.2232721744 0.0000000000
v 0.3515625000 0.2435696448 0.0000000000
v 0.3554687500 0.2368038213 0.0000000000
v 0.3359375000 0.2435696448 0.0000000000
v 0.3320312500 0.2368038213 0.0000000000
v 0.3398437500 0.2232721744 0.0000000000
v 0.3476562500 0.2232721744 0.0000000000
v 0.2578125000 0.4059494080 0.0000000000
v 0.2617187500 0.3991835846 0.0000000000
v 0.2421875000 0.4059494080 0.0000000000
v 0.2382812500 0.3991835846 0.0000000000
v 0.2460937500 0.3856519376 0.0000000000
v 0.2539062500 0.3856519376 0.0000000000
v 0.2265625000 0.3518228203 0.0000000000
v 0.2304687500 0.3450569968 0.0000000000
v 0.2109375000 0.3518228203 0.0000000000
v 0.2070312500 0.3450569968 0.0000000000
v 0.2148437500 0.3315253499 0.0000000000
v 0.2226562500 0.3315253499 0.0000000000
v 0.2890625000 0.3518228203 0.0000000000
v 0.2929687500 0.3450569968 0.0000000000
v 0.2734375000 0.3518228203 0.0000000000
v 0.2695312500 0.3450569968 0.0000000000
v 0.2773437500 0.3315253499 0.0000000000
v 0.2851562500 0.3315253499 0.0000000000
v 0.1953125000 0.2976962326 0.0000000000
v 0.1992187500 0.2909304091 0.0000000000
v 0.1796875000 0.2976962326 0.0000000000
v 0.1757812500 0.2909304091 0.0000000000
v 0.1835937500 0.2773987621 0.0000000000
v 0.1914062500 0.2773987621 0.0000000000
v 0.1640625000 0.2435696448 0.0000000000
v 0.1679687500 0.2368038213 0.0000000000
v 0.1484375000 0.2435696448 0.0000000000
v 0.1445312500 0.2368038213 0.0000000000
v 0.1523437500 0.2232721744 0.0000000000
v 0.1601562500 0.2232721744 0.0000000000
v 0.2265625000 0.2435696448 0.0000000000
v 0.2304687500 0.2368038213 0.0000000000
v 0.2109375000 0.2435696448 0.0000000000
v 0.2070312500 0.2368038213 0.0000000000
v 0.2148437500 0.2232721744 0.0000000000
v 0.2226562500 0.2232721744 0.0000000000
v 0.6953125000 0.0811898816 0.0000000000
v 0.6992187500 0.0744240581 0.0000000000
v 0.6796875000 0.0811898816 0.0000000000
v 0.6757812500 0.0744240581 0.0000000000
v 0.6835937500 0.0608924112 0.0000000000
v 0.6914062500 0.0608924112 0.0000000000
v 0.6640625000 0.0270632939 0.0000000000
v 0.6679687500 0.0202974704 0.0000000000
v 0.6484375000 0.0270632939 0.0000000000
v 0.6445312500 0.0202974704 0.0000000000
v 0.6523437500 0.0067658235 0.0000000000
v 0.6601562500 0.0067658235 0.0000000000
v 0.7265625000 0.0270632939 0.0000000000
v 0.7304687500 0.0202974704 0.0000000000
v 0.7109375000 0.0270632939 0.0000000000
v 0.7070312500 0.0202974704 0.0000000000
v 0.7148437500 0.0067658235 0.0000000000
v 0.7226562500 0.0067658235 0.0000000000
v 0.6328125000 0.1894430571 0.0000000000
v 0.6367187500 0.1826772336 0.0000000000
v 0.6171875000 0.1894430571 0.0000000000
v 0.6132812500 0.1826772336 0.0000000000
v 0.6210937500 0.1691455867 0.0000000000
v 0.6289062500 0.1691455867 0.0000000000
v 0.6015625000 0.1353164693 0.0000000000
v 0.6054687500 0.1285506459 0.0000000000
v 0.5859375000 0.1353164693 0.0000000000
v 0.5820312500 0.1285506459 0.0000000000
v 0.5898437500 0.1150189989 0.0000000000
v 0.5976562500 0.1150189989 0.0000000000
v 0.6640625000 0.1353164693 0.0000000000
v 0.6679687500 0.1285506459 0.0000000000
v 0.6484375000 0.1353164693 0.0000000000
v 0.6445312500 0.1285506459 0.0000000000
v 0.6523437500 0.1150189989 0.0000000000
v 0.6601562500 0.1150189989 0.0000000000
v 0.5703125000 0.0811898816 0.0000000000
v 0.5742187500 0.0744240581 0.0000000000
v 0.5546875000 0.0811898816 0.0000000000
v 0.5507812500 0.0744240581 0.0000000000
v 0.5585937500 0.0608924112 0.0000000000
v 0.5664062500 0.0608924112 0.0000000000
v 0.5390625000 0.0270632939 0.0000000000
v 0.5429687500 0.0202974704 0.0000000000
v 0.5234375000 0.0270632939 0.0000000000
v 0.5195312500 0.0202974704 0.0000000000
v 0.5273437500 0.0067658235 0.0000000000
v 0.5351562500 0.0067658235 0.0000000000
v 0.6015625000 0.0270632939 0.0000000000
v 0.6054687500 0.0202974704 0.0000000000
v 0.5859375000 0.0270632939 0.0000000000
v 0.5820312500 0.0202974704 0.0000000000
v 0.5898437500 0.0067658235 0.0000000000
v 0.5976562500 0.0067658235 0.0000000000
v 0.9453125000 0.0811898816 0.0000000000
v 0.9492187500 0.0744240581 0.0000000000
v 0.9296875000 0.0811898816 0.0000000000
v 0.9257812500 0.0744240581 0.0000000000
v 0.9335937500 0.0608924112 0.0000000000
v 0.9414062500 0.0608924112 0.0000000000
v 0.9140625000 0.0270632939 0.0000000000
v 0.9179687500 0.0202974704 0.0000000000
v 0.8984375000 0.0270632939 0.0000000000
v 0.8945312500 0.0202974704 0.0000000000
v 0.9023437500 0.0067658235 0.0000000000
v 0.9101562500 0.0067658235 0.0000000000
v 0.9765625000 0.0270632939 0.0000000000
v 0.9804687500 0.0202974704 0.0000000000
v 0.9609375000 0.0270632939 0.0000000000
v 0.9570312500 0.0202974704 0.0000000000
v 0.9648437500 0.0067658235 0.0000000000
v 0.9726562500 0.0067658235 0.0000000000
v 0.8828125000 0.1894430571 0.0000000000
v 0.8867187500 0.1826772336 0.0000000000
v 0.8671875000 0.1894430571 0.0000000000
v 0.8632812500 0.1826772336 0.0000000000
v 0.8710937500 0.1691455867 0.0000000000
v 0.8789062500 0.1691455867 0.0000000000
v 0.8515625000 0.1353164693 0.0000000000
v 0.8554687500 0.1285506459 0.0000000000
v 0.8359375000 0.1353164693 0.0000000000
v 0.8320312500 0.1285506459 0.0000000000
v 0.8398437500 0.1150189989 0.0000000000
v 0.8476562500 0.1150189989 0.0000000000
v 0.9140625000 0.1353164693 0.0000000000
v 0.9179687500 0.1285506459 0.0000000000
v 0.8984375000 0.1353164693 0.0000000000
v 0.8945312500 0.1285506459 0.0000000000
v 0.9023437500 0.1150189989 0.0000000000
v 0.9101562500 0.1150189989 0.0000000000
v 0.8203125000 0.0811898816 0.0000000000
v 0.8242187500 0.0744240581 0.0000000000
v 0.8046875000 0.0811898816 0.0000000000
v 0.8007812500 0.0744240581 0.0000000000
v 0.8085937500 0.0608924112 0.0000000000
v 0.8164062500 0.0608924112 0.0000000000
v 0.7890625000 0.0270632939 0.0000000000
v 0.7929687500 0.0202974704 0.0000000000
v 0.7734375000 0.0270632939 0.0000000000
v 0.7695312500 0.0202974704 0.0000000000
v 0.7773437500 0.0067658235 0.0000000000
v 0.7851562500 0.0067658235 0.0000000000
v 0.8515625000 0.0270632939 0.0000000000
v 0.8554687500 0.0202974704 0.0000000000
v 0.8359375000 0.0270632939 0.0000000000
v 0.8320312500 0.0202974704 0.0000000000
v 0.8398437500 0.0067658235 0.0000000000
v 0.8476562500 0.0067658235 0.0000000000
v 0.8203125000 0.2976962326 0.0000000000
v 0.8242187500 0.2909304091 0.0000000000
v 0.8046875000 0.2976962326 0.0000000000
v 0.8007812500 0.2909304091 0.0000000000
v 0.8085937500 0.2773987621 0.0000000000
v 0.8164062500 0.2773987621 0.0000000000
v 0.7890625000 0.2435696448 0.0000000000
v 0.7929687500 0.2368038213 0.0000000000
v 0.7734375000 0.2435696448 0.0000000000
v 0.7695312500 0.2368038213 0.0000000000
v 0.7773437500 0.2232721744 0.0000000000
v 0.7851562500 0.2232721744 0.0000000000
v 0.8515625000 0.2435696448 0.0000000000
v 0.8554687500 0.2368038213 0.0000000000
v 0.8359375000 0.2435696448 0.0000000000
v 0.8320312500 0.2368038213 0.0000000000
v 0.8398437500 0.2232721744 0.0000000000
v 0.8476562500 0.2232721744 0.0000000000
v 0.7578125000 0.4059494080 0.0000000000
v 0.7617187500 0.3991835846 0.0000000000
v 0.7421875000 0.4059494080 0.0000000000
v 0.7382812500 0.3991835846 0.0000000000
v 0.7460937500 0.3856519376 0.0000000000
v 0.7539062500 0.3856519376 0.0000000000
v 0.7265625000 0.3518228203 0.0000000000
v 0.7304687500 0.3450569968 0.0000000000
v 0.7109375000 0.3518228203 0.0000000000
v 0.7070312500 0.3450569968 0.0000000000
v 0.7148437500 0.3315253499 0.0000000000
v 0.7226562500 0.3315253499 0.0000000000
v 0.7890625000 0.3518228203 0.0000000000
v 0.7929687500 0.3450569968 0.0000000000
v 0.7734375000 0.3518228203 0.0000000000
v 0.7695312500 0.3450569968 0.0000000000
v 0.7773437500 0.3315253499 0.0000000000
v 0.7851562500 0.3315253499 0.0000000000
v 0.6953125000 0.2976962326 0.0000000000
v 0.6992187500 0.2909304091 0.0000000000
v 0.6796875000 0.2976962326 0.0000000000
v 0.6757812500 0.2909304091 0.0000000000
v 0.6835937500 0.2773987621 0.0000000000
v 0.6914062500 0.2773987621 0.0000000000
v 0.6640625000 0.2435696448 0.0000000000
v 0.6679687500 0.2368038213 0.0000000000
v 0.6484375000 0.2435696448 0.0000000000
v 0.6445312500 0.2368038213 0.0000000000
v 0.6523437500 0.2232721744 0.0000000000
v 0.6601562500 0.2232721744 0.0000000000
v 0.7265625000 0.2435696448 0.0000000000
v 0.7304687500 0.2368038213 0.0000000000
v 0.7109375000 0.2435696448 0.0000000000
v 0.7070312500 0.2368038213 0.0000000000
v 0.7148437500 0.2232721744 0.0000000000
v 0.7226562500 0.2232721744 0.0000000000
v 0.4882812500 0.3044620560 0.0000000000
v 0.5117187500 0.3044620560 0.0000000000
v 0.5039062500 0.3179937030 0.0000000000
v 0.4960937500 0.3179937030 0.0000000000
v 0.4765625000 0.2706329387 0.0000000000
v 0.4726562500 0.2773987621 0.0000000000
v 0.4921875000 0.2706329387 0.0000000000
v 0.4804687500 0.2909304091 0.0000000000
v 0.5078125000 0.2706329387 0.0000000000
v 0.5234375000 0.2706329387 0.0000000000
v 0.5273437500 0.2773987621 0.0000000000
v 0.5195312500 0.2909304091 0.0000000000
v 0.5078125000 0.5953924651 0.0000000000
v 0.5195312500 0.5750949947 0.0000000000
v 0.5273437500 0.5886266416 0.0000000000
v 0.5234375000 0.5953924651 0.0000000000
v 0.4726562500 0.5886266416 0.0000000000
v 0.4765625000 0.5953924651 0.0000000000
v 0.4804687500 0.5750949947 0.0000000000
v 0.4921875000 0.5953924651 0.0000000000
v 0.4882812500 0.5615633478 0.0000000000
v 0.4960937500 0.5480317008 0.0000000000
v 0.5039062500 0.5480317008 0.0000000000
v 0.5117187500 0.5615633478 0.0000000000
v 0.2578125000 0.1623797632 0.0000000000
v 0.2695312500 0.1420822928 0.0000000000
v 0.2773437500 0.1556139397 0.0000000000
v 0.2734375000 0.1623797632 0.0000000000
v 0.2226562500 0.1556139397 0.0000000000
v 0.2265625000 0.1623797632 0.0000000000
v 0.2304687500 0.1420822928 0.0000000000
v 0.2421875000 0.1623797632 0.0000000000
v 0.2382812500 0.1285506459 0.0000000000
v 0.2460937500 0.1150189989 0.0000000000
v 0.2539062500 0.1150189989 0.0000000000
v 0.2617187500 0.1285506459 0.0000000000
v 0.7578125000 0.1623797632 0.0000000000
v 0.7695312500 0.1420822928 0.0000000000
v 0.7773437500 0.1556139397 0.0000000000
v 0.7734375000 0.1623797632 0.0000000000
v 0.7226562500 0.1556139397 0.0000000000
v 0.7265625000 0.1623797632 0.0000000000
v 0.7304687500 0.1420822928 0.0000000000
v 0.7421875000 0.1623797632 0.0000000000
v 0.7382812500 0.1285506459 0.0000000000
v 0.7460937500 0.1150189989 0.0000000000
v 0.7539062500 0.1150189989 0.0000000000
v 0.7617187500 0.1285506459 0.0000000000
v 0.5078125000 0.1623797632 0.0000000000
v 0.5195312500 0.1420822928 0.0000000000
v 0.5273437500 0.1556139397 0.0000000000
v 0.5234375000 0.1623797632 0.0000000000
v 0.4726562500 0.1556139397 0.0000000000
v 0.4765625000 0.1623797632 0.0000000000
v 0.4804687500 0.1420822928 0.0000000000
v 0.4921875000 0.1623797632 0.0000000000
v 0.4882812500 0.1285506459 0.0000000000
v 0.4960937500 0.1150189989 0.0000000000
v 0.5039062500 0.1150189989 0.0000000000
v 0.5117187500 0.1285506459 0.0000000000
v 0.6328125000 0.3788861142 0.0000000000
v 0.6445312500 0.3585886438 0.0000000000
v 0.6523437500 0.3721202907 0.0000000000
v 0.6484375000 0.3788861142 0.0000000000
v 0.5976562500 0.3721202907 0.0000000000
v 0.6015625000 0.3788861142 0.0000000000
v 0.6054687500 0.3585886438 0.0000000000
v 0.6171875000 0.3788861142 0.0000000000
v 0.6132812500 0.3450569968 0.0000000000
v 0.6210937500 0.3315253499 0.0000000000
v 0.6289062500 0.3315253499 0.0000000000
v 0.6367187500 0.3450569968 0.0000000000
v 0.3828125000 0.3788861142 0.0000000000
v 0.3945312500 0.3585886438 0.0000000000
v 0.4023437500 0.3721202907 0.0000000000
v 0.3984375000 0.3788861142 0.0000000000
v 0.3476562500 0.3721202907 0.0000000000
v 0.3515625000 0.3788861142 0.0000000000
v 0.3554687500 0.3585886438 0.0000000000
v 0.3671875000 0.3788861142 0.0000000000
v 0.3632812500 0.3450569968 0.0000000000
v 0.3710937500 0.3315253499 0.0000000000
v 0.3789062500 0.3315253499 0.0000000000
v 0.3867187500 0.3450569968 0.0000000000
v 0.3945312500 0.5074367600 0.0000000000
v 0.3828125000 0.4871392896 0.0000000000
v 0.3984375000 0.4871392896 0.0000000000
v 0.4023437500 0.4939051131 0.0000000000
v 0.3710937500 0.5345000539 0.0000000000
v 0.3789062500 0.5345000539 0.0000000000
v 0.3632812500 0.5209684070 0.0000000000
v 0.3867187500 0.5209684070 0.0000000000
v 0.3554687500 0.5074367600 0.0000000000
v 0.3476562500 0.4939051131 0.0000000000
v 0.3515625000 0.4871392896 0.0000000000
v 0.3671875000 0.4871392896 0.0000000000
v 0.6445312500 0.5074367600 0.0000000000
v 0.6328125000 0.4871392896 0.0000000000
v 0.6484375000 0.4871392896 0.0000000000
v 0.6523437500 0.4939051131 0.0000000000
v 0.6210937500 0.5345000539 0.0000000000
v 0.6289062500 0.5345000539 0.0000000000
v 0.6132812500 0.5209684070 0.0000000000
v 0.6367187500 0.5209684070 0.0000000000
v 0.6054687500 0.5074367600 0.0000000000
v 0.5976562500 0.4939051131 0.0000000000
v 0.6015625000 0.4871392896 0.0000000000
v 0.6171875000 0.4871392896 0.0000000000
v 0.5195312500 0.7239431110 0.0000000000
v 0.5078125000 0.7036456406 0.0000000000
v 0.5234375000 0.7036456406 0.0000000000
v 0.5273437500 0.7104114640 0.0000000000
v 0.4960937500 0.7510064048 0.0000000000
v 0.5039062500 0.7510064048 0.0000000000
v 0.4882812500 0.7374747579 0.0000000000
v 0.5117187500 0.7374747579 0.0000000000
v 0.4804687500 0.7239431110 0.0000000000
v 0.4726562500 0.7104114640 0.0000000000
v 0.4765625000 0.7036456406 0.0000000000
v 0.4921875000 0.7036456406 0.0000000000
v 0.1445312500 0.0744240581 0.0000000000
v 0.1328125000 0.0541265877 0.0000000000
v 0.1484375000 0.0541265877 0.0000000000
v 0.1523437500 0.0608924112 0.0000000000
v 0.1210937500 0.1014873520 0.0000000000
v 0.1289062500 0.1014873520 0.0000000000
v 0.1132812500 0.0879557051 0.0000000000
v 0.1367187500 0.0879557051 0.0000000000
v 0.1054687500 0.0744240581 0.0000000000
v 0.0976562500 0.0608924112 0.0000000000
v 0.1015625000 0.0541265877 0.0000000000
v 0.1171875000 0.0541265877 0.0000000000
v 0.3945312500 0.0744240581 0.0000000000
v 0.3828125000 0.0541265877 0.0000000000
v 0.3984375000 0.0541265877 0.0000000000
v 0.4023437500 0.0608924112 0.0000000000
v 0.3710937500 0.1014873520 0.0000000000
v 0.3789062500 0.1014873520 0.0000000000
v 0.3632812500 0.0879557051 0.0000000000
v 0.3867187500 0.0879557051 0.0000000000
v 0.3554687500 0.0744240581 0.0000000000
v 0.3476562500 0.0608924112 0.0000000000
v 0.3515625000 0.0541265877 0.0000000000
v 0.3671875000 0.0541265877 0.0000000000
v 0.2695312500 0.2909304091 0.0000000000
v 0.2578125000 0.2706329387 0.0000000000
v 0.2734375000 0.2706329387 0.0000000000
v 0.2773437500 0.2773987621 0.0000000000
v 0.2460937500 0.3179937030 0.0000000000
v 0.2539062500 0.3179937030 0.0000000000
v 0.2382812500 0.3044620560 0.0000000000
v 0.2617187500 0.3044620560 0.0000000000
v 0.2304687500 0.2909304091 0.0000000000
v 0.2226562500 0.2773987621 0.0000000000
v 0.2265625000 0.2706329387 0.0000000000
v 0.2421875000 0.2706329387 0.0000000000
v 0.6445312500 0.0744240581 0.0000000000
v 0.6328125000 0.0541265877 0.0000000000
v 0.6484375000 0.0541265877 0.0000000000
v 0.6523437500 0.0608924112 0.0000000000
v 0.6210937500 0.1014873520 0.0000000000
v 0.6289062500 0.1014873520 0.0000000000
v 0.6132812500 0.0879557051 0.0000000000
v 0.6367187500 0.0879557051 0.0000000000
v 0.6054687500 0.0744240581 0.0000000000
v 0.5976562500 0.0608924112 0.0000000000
v 0.6015625000 0.0541265877 0.0000000000
v 0.6171875000 0.0541265877 0.0000000000
v 0.8945312500 0.0744240581 0.0000000000
v 0.8828125000 0.0541265877 0.0000000000
v 0.8984375000 0.0541265877 0.0000000000
v 0.9023437500 0.0608924112 0.0000000000
v 0.8710937500 0.1014873520 0.0000000000
v 0.8789062500 0.1014873520 0.0000000000
v 0.8632812500 0.0879557051 0.0000000000
v 0.8867187500 0.0879557051 0.0000000000
v 0.8554687500 0.0744240581 0.0000000000
v 0.8476562500 0.0608924112 0.0000000000
v 0.8515625000 0.0541265877 0.0000000000
v 0.8671875000 0.0541265877 0.0000000000
v 0.7695312500 0.2909304091 0.0000000000
v 0.7578125000 0.2706329387 0.0000000000
v 0.7734375000 0.2706329387 0.0000000000
v 0.7773437500 0.2773987621 0.0000000000
v 0.7460937500 0.3179937030 0.0000000000
v 0.7539062500 0.3179937030 0.0000000000
v 0.7382812500 0.3044620560 0.0000000000
v 0.7617187500 0.3044620560 0.0000000000
v 0.7304687500 0.2909304091 0.0000000000
v 0.7226562500 0.2773987621 0.0000000000
v 0.7265625000 0.2706329387 0.0000000000
v 0.7421875000 0.2706329387 0.0000000000
v 0.5078125000 0.3788861142 0.0000000000
v 0.5195312500 0.3585886438 0.0000000000
v 0.5273437500 0.3721202907 0.0000000000
v 0.5234375000 0.3788861142 0.0000000000
v 0.4726562500 0.3721202907 0.0000000000
v 0.4765625000 0.3788861142 0.0000000000
v 0.4804687500 0.3585886438 0.0000000000
v 0.4921875000 0.3788861142 0.0000000000
v 0.4882812500 0.3450569968 0.0000000000
v 0.4960937500 0.3315253499 0.0000000000
v 0.5039062500 0.3315253499 0.0000000000
v 0.5117187500 0.3450569968 0.0000000000
v 0.4453125000 0.2706329387 0.0000000000
v 0.4570312500 0.2503354683 0.0000000000
v 0.4648437500 0.2638671152 0.0000000000
v 0.4609375000 0.2706329387 0.0000000000
v 0.4101562500 0.2638671152 0.0000000000
v 0.4140625000 0.2706329387 0.0000000000
v 0.4179687500 0.2503354683 0.0000000000
v 0.4296875000 0.2706329387 0.0000000000
v 0.4257812500 0.2368038213 0.0000000000
v 0.4335937500 0.2232721744 0.0000000000
v 0.4414062500 0.2232721744 0.0000000000
v 0.4492187500 0.2368038213 0.0000000000
v 0.5703125000 0.2706329387 0.0000000000
v 0.5820312500 0.2503354683 0.0000000000
v 0.5898437500 0.2638671152 0.0000000000
v 0.5859375000 0.2706329387 0.0000000000
v 0.5351562500 0.2638671152 0.0000000000
v 0.5390625000 0.2706329387 0.0000000000
v 0.5429687500 0.2503354683 0.0000000000
v 0.5546875000 0.2706329387 0.0000000000
v 0.5507812500 0.2368038213 0.0000000000
v 0.5585937500 0.2232721744 0.0000000000
v 0.5664062500 0.2232721744 0.0000000000
v 0.5742187500 0.2368038213 0.0000000000
v 0.5820312500 0.6156899355 0.0000000000
v 0.5703125000 0.5953924651 0.0000000000
v 0.5859375000 0.5953924651 0.0000000000
v 0.5898437500 0.6021582886 0.0000000000
v 0.5585937500 0.6427532294 0.0000000000
v 0.5664062500 0.6427532294 0.0000000000
v 0.5507812500 0.6292215824 0.0000000000
v 0.5742187500 0.6292215824 0.0000000000
v 0.5429687500 0.6156899355 0.0000000000
v 0.5351562500 0.6021582886 0.0000000000
v 0.5390625000 0.5953924651 0.0000000000
v 0.5546875000 0.5953924651 0.0000000000
v 0.4570312500 0.6156899355 0.0000000000
v 0.4453125000 0.5953924651 0.0000000000
v 0.4609375000 0.5953924651 0.0000000000
v 0.4648437500 0.6021582886 0.0000000000
v 0.4335937500 0.6427532294 0.0000000000
v 0.4414062500 0.6427532294 0.0000000000
v 0.4257812500 0.6292215824 0.0000000000
v 0.4492187500 0.6292215824 0.0000000000
v 0.4179687500 0.6156899355 0.0000000000
v 0.4101562500 0.6021582886 0.0000000000
v 0.4140625000 0.5953924651 0.0000000000
v 0.4296875000 0.5953924651 0.0000000000
v 0.5195312500 0.5074367600 0.0000000000
v 0.5078125000 0.4871392896 0.0000000000
v 0.5234375000 0.4871392896 0.0000000000
v 0.5273437500 0.4939051131 0.0000000000
v 0.4960937500 0.5345000539 0.0000000000
v 0.5039062500 0.5345000539 0.0000000000
v 0.4882812500 0.5209684070 0.0000000000
v 0.5117187500 0.5209684070 0.0000000000
v 0.4804687500 0.5074367600 0.0000000000
v 0.4726562500 0.4939051131 0.0000000000
v 0.4765625000 0.4871392896 0.0000000000
v 0.4921875000 0.4871392896 0.0000000000
v 0.3320312500 0.1826772336 0.0000000000
v 0.3203125000 0.1623797632 0.0000000000
v 0.3359375000 0.1623797632 0.0000000000
v 0.3398437500 0.1691455867 0.0000000000
v 0.3085937500 0.2097405275 0.0000000000
v 0.3164062500 0.2097405275 0.0000000000
v 0.3007812500 0.1962088805 0.0000000000
v 0.3242187500 0.1962088805 0.0000000000
v 0.2929687500 0.1826772336 0.0000000000
v 0.2851562500 0.1691455867 0.0000000000
v 0.2890625000 0.1623797632 0.0000000000
v 0.3046875000 0.1623797632 0.0000000000
v 0.2070312500 0.1826772336 0.0000000000
v 0.1953125000 0.1623797632 0.0000000000
v 0.2109375000 0.1623797632 0.0000000000
v 0.2148437500 0.1691455867 0.0000000000
v 0.1835937500 0.2097405275 0.0000000000
v 0.1914062500 0.2097405275 0.0000000000
v 0.1757812500 0.1962088805 0.0000000000
v 0.1992187500 0.1962088805 0.0000000000
v 0.1679687500 0.1826772336 0.0000000000
v 0.1601562500 0.1691455867 0.0000000000
v 0.1640625000 0.1623797632 0.0000000000
v 0.1796875000 0.1623797632 0.0000000000
v 0.2695312500 0.0744240581 0.0000000000
v 0.2578125000 0.0541265877 0.0000000000
v 0.2734375000 0.0541265877 0.0000000000
v 0.2773437500 0.0608924112 0.0000000000
v 0.2460937500 0.1014873520 0.0000000000
v 0.2539062500 0.1014873520 0.0000000000
v 0.2382812500 0.0879557051 0.0000000000
v 0.2617187500 0.0879557051 0.0000000000
v 0.2304687500 0.0744240581 0.0000000000
v 0.2226562500 0.0608924112 0.0000000000
v 0.2265625000 0.0541265877 0.0000000000
v 0.2421875000 0.0541265877 0.0000000000
v 0.8320312500 0.1826772336 0.0000000000
v 0.8203125000 0.1623797632 0.0000000000
v 0.8359375000 0.1623797632 0.0000000000
v 0.8398437500 0.1691455867 0.0000000000
v 0.8085937500 0.2097405275 0.0000000000
v 0.8164062500 0.2097405275 0.0000000000
v 0.8007812500 0.1962088805 0.0000000000
v 0.8242187500 0.1962088805 0.0000000000
v 0.7929687500 0.1826772336 0.0000000000
v 0.7851562500 0.1691455867 0.0000000000
v 0.7890625000 0.1623797632 0.0000000000
v 0.8046875000 0.1623797632 0.0000000000
v 0.7070312500 0.1826772336 0.0000000000
v 0.6953125000 0.1623797632 0.0000000000
v 0.7109375000 0.1623797632 0.0000000000
v 0.7148437500 0.1691455867 0.0000000000
v 0.6835937500 0.2097405275 0.0000000000
v 0.6914062500 0.2097405275 0.0000000000
v 0.6757812500 0.1962088805 0.0000000000
v 0.6992187500 0.1962088805 0.0000000000
v 0.6679687500 0.1826772336 0.0000000000
v 0.6601562500 0.1691455867 0.0000000000
v 0.6640625000 0.1623797632 0.0000000000
v 0.6796875000 0.1623797632 0.0000000000
v 0.7695312500 0.0744240581 0.0000000000
v 0.7578125000 0.0541265877 0.0000000000
v 0.7734375000 0.0541265877 0.0000000000
v 0.7773437500 0.0608924112 0.0000000000
v 0.7460937500 0.1014873520 0.0000000000
v 0.7539062500 0.1014873520 0.0000000000
v 0.7382812500 0.0879557051 0.0000000000
v 0.7617187500 0.0879557051 0.0000000000
v 0.7304687500 0.0744240581 0.0000000000
v 0.7226562500 0.0608924112 0.0000000000
v 0.7265625000 0.0541265877 0.0000000000
v 0.7421875000 0.0541265877 0.0000000000
v 0.5820312500 0.1826772336 0.0000000000
v 0.5703125000 0.1623797632 0.0000000000
v 0.5859375000 0.1623797632 0.0000000000
v 0.5898437500 0.1691455867 0.0000000000
v 0.5585937500 0.2097405275 0.0000000000
v 0.5664062500 0.2097405275 0.0000000000
v 0.5507812500 0.1962088805 0.0000000000
v 0.5742187500 0.1962088805 0.0000000000
v 0.5429687500 0.1826772336 0.0000000000
v 0.5351562500 0.1691455867 0.0000000000
v 0.5390625000 0.1623797632 0.0000000000
v 0.5546875000 0.1623797632 0.0000000000
v 0.4570312500 0.1826772336 0.0000000000
v 0.4453125000 0.1623797632 0.0000000000
v 0.4609375000 0.1623797632 0.0000000000
v 0.4648437500 0.1691455867 0.0000000000
v 0.4335937500 0.2097405275 0.0000000000
v 0.4414062500 0.2097405275 0.0000000000
v 0.4257812500 0.1962088805 0.0000000000
v 0.4492187500 0.1962088805 0.0000000000
v 0.4179687500 0.1826772336 0.0000000000
v 0.4101562500 0.1691455867 0.0000000000
v 0.4140625000 0.1623797632 0.0000000000
v 0.4296875000 0.1623797632 0.0000000000
v 0.5195312500 0.0744240581 0.0000000000
v 0.5078125000 0.0541265877 0.0000000000
v 0.5234375000 0.0541265877 0.0000000000
v 0.5273437500 0.0608924112 0.0000000000
v 0.4960937500 0.1014873520 0.0000000000
v 0.5039062500 0.1014873520 0.0000000000
v 0.4882812500 0.0879557051 0.0000000000
v 0.5117187500 0.0879557051 0.0000000000
v 0.4804687500 0.0744240581 0.0000000000
v 0.4726562500 0.0608924112 0.0000000000
v 0.4765625000 0.0541265877 0.0000000000
v 0.4921875000 0.0541265877 0.0000000000
v 0.7070312500 0.3991835846 0.0000000000
v 0.6953125000 0.3788861142 0.0000000000
v 0.7109375000 0.3788861142 0.0000000000
v 0.7148437500 0.3856519376 0.0000000000
v 0.6835937500 0.4262468784 0.0000000000
v 0.6914062500 0.4262468784 0.0000000000
v 0.6757812500 0.4127152315 0.0000000000
v 0.6992187500 0.4127152315 0.0000000000
v 0.6679687500 0.3991835846 0.0000000000
v 0.6601562500 0.3856519376 0.0000000000
v 0.6640625000 0.3788861142 0.0000000000
v 0.6796875000 0.3788861142 0.0000000000
v 0.5820312500 0.3991835846 0.0000000000
v 0.5703125000 0.3788861142 0.0000000000
v 0.5859375000 0.3788861142 0.0000000000
v 0.5898437500 0.3856519376 0.0000000000
v 0.5585937500 0.4262468784 0.0000000000
v 0.5664062500 0.4262468784 0.0000000000
v 0.5507812500 0.4127152315 0.0000000000
v 0.5742187500 0.4127152315 0.0000000000
v 0.5429687500 0.3991835846 0.0000000000
v 0.5351562500 0.3856519376 0.0000000000
v 0.5390625000 0.3788861142 0.0000000000
v 0.5546875000 0.3788861142 0.0000000000
v 0.6445312500 0.2909304091 0.0000000000
v 0.6328125000 0.2706329387 0.0000000000
v 0.6484375000 0.2706329387 0.0000000000
v 0.6523437500 0.2773987621 0.0000000000
v 0.6210937500 0.3179937030 0.0000000000
v 0.6289062500 0.3179937030 0.0000000000
v 0.6132812500 0.3044620560 0.0000000000
v 0.6367187500 0.3044620560 0.0000000000
v 0.6054687500 0.2909304091 0.0000000000
v 0.5976562500 0.2773987621 0.0000000000
v 0.6015625000 0.2706329387 0.0000000000
v 0.6171875000 0.2706329387 0.0000000000
v 0.4570312500 0.3991835846 0.0000000000
v 0.4453125000 0.3788861142 0.0000000000
v 0.4609375000 0.3788861142 0.0000000000
v 0.4648437500 0.3856519376 0.0000000000
v 0.4335937500 0.4262468784 0.0000000000
v 0.4414062500 0.4262468784 0.0000000000
v 0.4257812500 0.4127152315 0.0000000000
v 0.4492187500 0.4127152315 0.0000000000
v 0.4179687500 0.3991835846 0.0000000000
v 0.4101562500 0.3856519376 0.0000000000
v 0.4140625000 0.3788861142 0.0000000000
v 0.4296875000 0.3788861142 0.0000000000
v 0.3320312500 0.3991835846 0.0000000000
v 0.3203125000 0.3788861142 0.0000000000
v 0.3359375000 0.3788861142 0.0000000000
v 0.3398437500 0.3856519376 0.0000000000
v 0.3085937500 0.4262468784 0.0000000000
v 0.3164062500 0.4262468784 0.0000000000
v 0.3007812500 0.4127152315 0.0000000000
v 0.3242187500 0.4127152315 0.0000000000
v 0.2929687500 0.3991835846 0.0000000000
v 0.2851562500 0.3856519376 0.0000000000
v 0.2890625000 0.3788861142 0.0000000000
v 0.3046875000 0.3788861142 0.0000000000
v 0.3945312500 0.2909304091 0.0000000000
v 0.3828125000 0.2706329387 0.0000000000
v 0.3984375000 0.2706329387 0.0000000000
v 0.4023437500 0.2773987621 0.0000000000
v 0.3710937500 0.3179937030 0.0000000000
v 0.3789062500 0.3179937030 0.0000000000
v 0.3632812500 0.3044620560 0.0000000000
v 0.3867187500 0.3044620560 0.0000000000
v 0.3554687500 0.2909304091 0.0000000000
v 0.3476562500 0.2773987621 0.0000000000
v 0.3515625000 0.2706329387 0.0000000000
v 0.3671875000 0.2706329387 0.0000000000
v 0.4492187500 0.4533101723 0.0000000000
v 0.4257812500 0.4533101723 0.0000000000
v 0.4335937500 0.4397785254 0.0000000000
v 0.4414062500 0.4397785254 0.0000000000
v 0.4609375000 0.4871392896 0.0000000000
v 0.4648437500 0.4803734662 0.0000000000
v 0.4453125000 0.4871392896 0.0000000000
v 0.4570312500 0.4668418192 0.0000000000
v 0.4296875000 0.4871392896 0.0000000000
v 0.4140625000 0.4871392896 0.0000000000
v 0.4101562500 0.4803734662 0.0000000000
v 0.4179687500 0.4668418192 0.0000000000
v 0.3867187500 0.5615633478 0.0000000000
v 0.3632812500 0.5615633478 0.0000000000
v 0.3710937500 0.5480317008 0.0000000000
v 0.3789062500 0.5480317008 0.0000000000
v 0.3984375000 0.5953924651 0.0000000000
v 0.4023437500 0.5886266416 0.0000000000
v 0.3828125000 0.5953924651 0.0000000000
v 0.3945312500 0.5750949947 0.0000000000
v 0.3671875000 0.5953924651 0.0000000000
v 0.3515625000 0.5953924651 0.0000000000
v 0.3476562500 0.5886266416 0.0000000000
v 0.3554687500 0.5750949947 0.0000000000
v 0.3242187500 0.4533101723 0.0000000000
v 0.3007812500 0.4533101723 0.0000000000
v 0.3085937500 0.4397785254 0.0000000000
v 0.3164062500 0.4397785254 0.0000000000
v 0.3359375000 0.4871392896 0.0000000000
v 0.3398437500 0.4803734662 0.0000000000
v 0.3203125000 0.4871392896 0.0000000000
v 0.3320312500 0.4668418192 0.0000000000
v 0.3046875000 0.4871392896 0.0000000000
v 0.2890625000 0.4871392896 0.0000000000
v 0.2851562500 0.4803734662 0.0000000000
v 0.2929687500 0.4668418192 0.0000000000
v 0.6992187500 0.4533101723 0.0000000000
v 0.6757812500 0.4533101723 0.0000000000
v 0.6835937500 0.4397785254 0.0000000000
v 0.6914062500 0.4397785254 0.0000000000
v 0.7109375000 0.4871392896 0.0000000000
v 0.7148437500 0.4803734662 0.0000000000
v 0.6953125000 0.4871392896 0.0000000000
v 0.7070312500 0.4668418192 0.0000000000
v 0.6796875000 0.4871392896 0.0000000000
v 0.6640625000 0.4871392896 0.0000000000
v 0.6601562500 0.4803734662 0.0000000000
v 0.6679687500 0.4668418192 0.0000000000
v 0.6367187500 0.5615633478 0.0000000000
v 0.6132812500 0.5615633478 0.0000000000
v 0.6210937500 0.5480317008 0.0000000000
v 0.6289062500 0.5480317008 0.0000000000
v 0.6484375000 0.5953924651 0.0000000000
v 0.6523437500 0.5886266416 0.0000000000
v 0.6328125000 0.5953924651 0.0000000000
v 0.6445312500 0.5750949947 0.0000000000
v 0.6171875000 0.5953924651 0.0000000000
v 0.6015625000 0.5953924651 0.0000000000
v 0.5976562500 0.5886266416 0.0000000000
v 0.6054687500 0.5750949947 0.0000000000
v 0.5742187500 0.4533101723 0.0000000000
v 0.5507812500 0.4533101723 0.0000000000
v 0.5585937500 0.4397785254 0.0000000000
v 0.5664062500 0.4397785254 0.0000000000
v 0.5859375000 0.4871392896 0.0000000000
v 0.5898437500 0.4803734662 0.0000000000
v 0.5703125000 0.4871392896 0.0000000000
v 0.5820312500 0.4668418192 0.0000000000
v 0.5546875000 0.4871392896 0.0000000000
v 0.5390625000 0.4871392896 0.0000000000
v 0.5351562500 0.4803734662 0.0000000000
v 0.5429687500 0.4668418192 0.0000000000
v 0.5742187500 0.6698165232 0.0000000000
v 0.5507812500 0.6698165232 0.0000000000
v 0.5585937500 0.6562848763 0.0000000000
v 0.5664062500 0.6562848763 0.0000000000
v 0.5859375000 0.7036456406 0.0000000000
v 0.5898437500 0.6968798171 0.0000000000
v 0.5703125000 0.7036456406 0.0000000000
v 0.5820312500 0.6833481702 0.0000000000
v 0.5546875000 0.7036456406 0.0000000000
v 0.5390625000 0.7036456406 0.0000000000
v 0.5351562500 0.6968798171 0.0000000000
v 0.5429687500 0.6833481702 0.0000000000
v 0.5117187500 0.7780696987 0.0000000000
v 0.4882812500 0.7780696987 0.0000000000
v 0.4960937500 0.7645380518 0.0000000000
v 0.5039062500 0.7645380518 0.0000000000
v 0.5234375000 0.8118988160 0.0000000000
v 0.5273437500 0.8051329926 0.0000000000
v 0.5078125000 0.8118988160 0.0000000000
v 0.5195312500 0.7916013456 0.0000000000
v 0.4921875000 0.8118988160 0.0000000000
v 0.4765625000 0.8118988160 0.0000000000
v 0.4726562500 0.8051329926 0.0000000000
v 0.4804687500 0.7916013456 0.0000000000
v 0.4492187500 0.6698165232 0.0000000000
v 0.4257812500 0.6698165232 0.0000000000
v 0.4335937500 0.6562848763 0.0000000000
v 0.4414062500 0.6562848763 0.0000000000
v 0.4609375000 0.7036456406 0.0000000000
v 0.4648437500 0.6968798171 0.0000000000
v 0.4453125000 0.7036456406 0.0000000000
v 0.4570312500 0.6833481702 0.0000000000
v 0.4296875000 0.7036456406 0.0000000000
v 0.4140625000 0.7036456406 0.0000000000
v 0.4101562500 0.6968798171 0.0000000000
v 0.4179687500 0.6833481702 0.0000000000
v 0.1992187500 0.0202974704 0.0000000000
v 0.1757812500 0.0202974704 0.0000000000
v 0.1835937500 0.0067658235 0.0000000000
v 0.1914062500 0.0067658235 0.0000000000
v 0.2109375000 0.0541265877 0.0000000000
v 0.2148437500 0.0473607643 0.0000000000
v 0.1953125000 0.0541265877 0.0000000000
v 0.2070312500 0.0338291173 0.0000000000
v 0.1796875000 0.0541265877 0.0000000000
v 0.1640625000 0.0541265877 0.0000000000
v 0.1601562500 0.0473607643 0.0000000000
v 0.1679687500 0.0338291173 0.0000000000
v 0.1367187500 0.1285506459 0.0000000000
v 0.1132812500 0.1285506459 0.0000000000
v 0.1210937500 0.1150189989 0.0000000000
v 0.1289062500 0.1150189989 0.0000000000
v 0.1484375000 0.1623797632 0.0000000000
v 0.1523437500 0.1556139397 0.0000000000
v 0.1328125000 0.1623797632 0.0000000000
v 0.1445312500 0.1420822928 0.0000000000
v 0.1171875000 0.1623797632 0.0000000000
v 0.1015625000 0.1623797632 0.0000000000
v 0.0976562500 0.1556139397 0.0000000000
v 0.1054687500 0.1420822928 0.0000000000
v 0.0742187500 0.0202974704 0.0000000000
v 0.0507812500 0.0202974704 0.0000000000
v 0.0585937500 0.0067658235 0.0000000000
v 0.0664062500 0.0067658235 0.0000000000
v 0.0859375000 0.0541265877 0.0000000000
v 0.0898437500 0.0473607643 0.0000000000
v 0.0703125000 0.0541265877 0.0000000000
v 0.0820312500 0.0338291173 0.0000000000
v 0.0546875000 0.0541265877 0.0000000000
v 0.0390625000 0.0541265877 0.0000000000
v 0.0351562500 0.0473607643 0.0000000000
v 0.0429687500 0.0338291173 0.0000000000
v 0.4492187500 0.0202974704 0.0000000000
v 0.4257812500 0.0202974704 0.0000000000
v 0.4335937500 0.0067658235 0.0000000000
v 0.4414062500 0.0067658235 0.0000000000
v 0.4609375000 0.0541265877 0.0000000000
v 0.4648437500 0.0473607643 0.0000000000
v 0.4453125000 0.0541265877 0.0000000000
v 0.4570312500 0.0338291173 0.0000000000
v 0.4296875000 0.0541265877 0.0000000000
v 0.4140625000 0.0541265877 0.0000000000
v 0.4101562500 0.0473607643 0.0000000000
v 0.4179687500 0.0338291173 0.0000000000
v 0.3867187500 0.1285506459 0.0000000000
v 0.3632812500 0.1285506459 0.0000000000
v 0.3710937500 0.1150189989 0.0000000000
v 0.3789062500 0.1150189989 0.0000000000
v 0.3984375000 0.1623797632 0.0000000000
v 0.4023437500 0.1556139397 0.0000000000
v 0.3828125000 0.1623797632 0.0000000000
v 0.3945312500 0.1420822928 0.0000000000
v 0.3671875000 0.1623797632 0.0000000000
v 0.3515625000 0.1623797632 0.0000000000
v 0.3476562500 0.1556139397 0.0000000000
v 0.3554687500 0.1420822928 0.0000000000
v 0.3242187500 0.0202974704 0.0000000000
v 0.3007812500 0.0202974704 0.0000000000
v 0.3085937500 0.0067658235 0.0000000000
v 0.3164062500 0.0067658235 0.0000000000
v 0.3359375000 0.0541265877 0.0000000000
v 0.3398437500 0.0473607643 0.0000000000
v 0.3203125000 0.0541265877 0.0000000000
v 0.3320312500 0.0338291173 0.0000000000
v 0.3046875000 0.0541265877 0.0000000000
v 0.2890625000 0.0541265877 0.0000000000
v 0.2851562500 0.0473607643 0.0000000000
v 0.2929687500 0.0338291173 0.0000000000
v 0.3242187500 0.2368038213 0.0000000000
v 0.3007812500 0.2368038213 0.0000000000
v 0.3085937500 0.2232721744 0.0000000000
v 0.3164062500 0.2232721744 0.0000000000
v 0.3359375000 0.2706329387 0.0000000000
v 0.3398437500 0.2638671152 0.0000000000
v 0.3203125000 0.2706329387 0.0000000000
v 0.3320312500 0.2503354683 0.0000000000
v 0.3046875000 0.2706329387 0.0000000000
v 0.2890625000 0.2706329387 0.0000000000
v 0.2851562500 0.2638671152 0.0000000000
v 0.2929687500 0.2503354683 0.0000000000
v 0.2617187500 0.3450569968 0.0000000000
v 0.2382812500 0.3450569968 0.0000000000
v 0.2460937500 0.3315253499 0.0000000000
v 0.2539062500 0.3315253499 0.0000000000
v 0.2734375000 0.3788861142 0.0000000000
v 0.2773437500 0.3721202907 0.0000000000
v 0.2578125000 0.3788861142 0.0000000000
v 0.2695312500 0.3585886438 0.0000000000
v 0.2421875000 0.3788861142 0.0000000000
v 0.2265625000 0.3788861142 0.0000000000
v 0.2226562500 0.3721202907 0.0000000000
v 0.2304687500 0.3585886438 0.0000000000
v 0.1992187500 0.2368038213 0.0000000000
v 0.1757812500 0.2368038213 0.0000000000
v 0.1835937500 0.2232721744 0.0000000000
v 0.1914062500 0.2232721744 0.0000000000
v 0.2109375000 0.2706329387 0.0000000000
v 0.2148437500 0.2638671152 0.0000000000
v 0.1953125000 0.2706329387 0.0000000000
v 0.2070312500 0.2503354683 0.0000000000
v 0.1796875000 0.2706329387 0.0000000000
v 0.1640625000 0.2706329387 0.0000000000
v 0.1601562500 0.2638671152 0.0000000000
v 0.1679687500 0.2503354683 0.0000000000
v 0.6992187500 0.0202974704 0.0000000000
v 0.6757812500 0.0202974704 0.0000000000
v 0.6835937500 0.0067658235 0.0000000000
v 0.6914062500 0.0067658235 0.0000000000
v 0.7109375000 0.0541265877 0.0000000000
v 0.7148437500 0.0473607643 0.0000000000
v 0.6953125000 0.0541265877 0.0000000000
v 0.7070312500 0.0338291173 0.0000000000
v 0.6796875000 0.0541265877 0.0000000000
v 0.6640625000 0.0541265877 0.0000000000
v 0.6601562500 0.0473607643 0.0000000000
v 0.6679687500 0.0338291173 0.0000000000
v 0.6367187500 0.1285506459 0.0000000000
v 0.6132812500 0.1285506459 0.0000000000
v 0.6210937500 0.1150189989 0.0000000000
v 0.6289062500 0.1150189989 0.0000000000
v 0.6484375000 0.1623797632 0.0000000000
v 0.6523437500 0.1556139397 0.0000000000
v 0.6328125000 0.1623797632 0.0000000000
v 0.6445312500 0.1420822928 0.0000000000
v 0.6171875000 0.1623797632 0.0000000000
v 0.6015625000 0.1623797632 0.0000000000
v 0.5976562500 0.1556139397 0.0000000000
v 0.6054687500 0.1420822928 0.0000000000
v 0.5742187500 0.0202974704 0.0000000000
v 0.5507812500 0.0202974704 0.0000000000
v 0.5585937500 0.0067658235 0.0000000000
v 0.5664062500 0.0067658235 0.0000000000
v 0.5859375000 0.0541265877 0.0000000000
v 0.5898437500 0.0473607643 0.0000000000
v 0.5703125000 0.0541265877 0.0000000000
v 0.5820312500 0.0338291173 0.0000000000
v 0.5546875000 0.0541265877 0.0000000000
v 0.5390625000 0.0541265877 0.0000000000
v 0.5351562500 0.0473607643 0.0000000000
v 0.5429687500 0.0338291173 0.0000000000
v 0.9492187500 0.0202974704 0.0000000000
v 0.9257812500 0.0202974704 0.0000000000
v 0.9335937500 0.0067658235 0.0000000000
v 0.9414062500 0.0067658235 0.0000000000
v 0.9609375000 0.0541265877 0.0000000000
v 0.9648437500 0.0473607643 0.0000000000
v 0.9453125000 0.0541265877 0.0000000000
v 0.9570312500 0.0338291173 0.0000000000
v 0.9296875000 0.0541265877 0.0000000000
v 0.9140625000 0.0541265877 0.0000000000
v 0.9101562500 0.0473607643 0.0000000000
v 0.9179687500 0.0338291173 0.0000000000
v 0.8867187500 0.1285506459 0.0000000000
v 0.8632812500 0.1285506459 0.0000000000
v 0.8710937500 0.1150189989 0.0000000000
v 0.8789062500 0.1150189989 0.0000000000
v 0.8984375000 0.1623797632 0.0000000000
v 0.9023437500 0.1556139397 0.0000000000
v 0.8828125000 0.1623797632 0.0000000000
v 0.8945312500 0.1420822928 0.0000000000
v 0.8671875000 0.1623797632 0.0000000000
v 0.8515625000 0.1623797632 0.0000000000
v 0.8476562500 0.1556139397 0.0000000000
v 0.8554687500 0.1420822928 0.0000000000
v 0.8242187500 0.0202974704 0.0000000000
v 0.8007812500 0.0202974704 0.0000000000
v 0.8085937500 0.0067658235 0.0000000000
v 0.8164062500 0.0067658235 0.0000000000
v 0.8359375000 0.0541265877 0.0000000000
v 0.8398437500 0.0473607643 0.0000000000
v 0.8203125000 0.0541265877 0.0000000000
v 0.8320312500 0.0338291173 0.0000000000
v 0.8046875000 0.0541265877 0.0000000000
v 0.7890625000 0.0541265877 0.0000000000
v 0.7851562500 0.0473607643 0.0000000000
v 0.7929687500 0.0338291173 0.0000000000
v 0.8242187500 0.2368038213 0.0000000000
v 0.8007812500 0.2368038213 0.0000000000
v 0.8085937500 0.2232721744 0.0000000000
v 0.8164062500 0.2232721744 0.0000000000
v 0.8359375000 0.2706329387 0.0000000000
v 0.8398437500 0.2638671152 0.0000000000
v 0.8203125000 0.2706329387 0.0000000000
v 0.8320312500 0.2503354683 0.0000000000
v 0.8046875000 0.2706329387 0.0000000000
v 0.7890625000 0.2706329387 0.0000000000
v 0.7851562500 0.2638671152 0.0000000000
v 0.7929687500 0.2503354683 0.0000000000
v 0.7617187500 0.3450569968 0.0000000000
v 0.7382812500 0.3450569968 0.0000000000
v 0.7460937500 0.3315253499 0.0000000000
v 0.7539062500 0.3315253499 0.0000000000
v 0.7734375000 0.3788861142 0.0000000000
v 0.7773437500 0.3721202907 0.0000000000
v 0.7578125000 0.3788861142 0.0000000000
v 0.7695312500 0.3585886438 0.0000000000
v 0.7421875000 0.3788861142 0.0000000000
v 0.7265625000 0.3788861142 0.0000000000
v 0.7226562500 0.3721202907 0.0000000000
v 0.7304687500 0.3585886438 0.0000000000
v 0.6992187500 0.2368038213 0.0000000000
v 0.6757812500 0.2368038213 0.0000000000
v 0.6835937500 0.2232721744 0.0000000000
v 0.6914062500 0.2232721744 0.0000000000
v 0.7109375000 0.2706329387 0.0000000000
v 0.7148437500 0.2638671152 0.0000000000
v 0.6953125000 0.2706329387 0.0000000000
v 0.7070312500 0.2503354683 0.0000000000
v 0.6796875000 0.2706329387 0.0000000000
v 0.6640625000 0.2706329387 0.0000000000
v 0.6601562500 0.2638671152 0.0000000000
v 0.6679687500 0.2503354683 0.0000000000
v 0.5195312500 0.2503354683 0.0000000000
v 0.5273437500 0.2638671152 0.0000000000
v 0.4726562500 0.2638671152 0.0000000000
v 0.4804687500 0.2503354683 0.0000000000
v 0.4882812500 0.2368038213 0.0000000000
v 0.4960937500 0.2232721744 0.0000000000
v 0.5039062500 0.2232721744 0.0000000000
v 0.5117187500 0.2368038213 0.0000000000
v 0.5390625000 0.3247595264 0.0000000000
v 0.5507812500 0.3044620560 0.0000000000
v 0.5585937500 0.3179937030 0.0000000000
v 0.5546875000 0.3247595264 0.0000000000
v 0.5078125000 0.3247595264 0.0000000000
v 0.5234375000 0.3247595264 0.0000000000
v 0.5351562500 0.2773987621 0.0000000000
v 0.5429687500 0.2909304091 0.0000000000
v 0.4765625000 0.3247595264 0.0000000000
v 0.4921875000 0.3247595264 0.0000000000
v 0.4414062500 0.3179937030 0.0000000000
v 0.4453125000 0.3247595264 0.0000000000
v 0.4492187500 0.3044620560 0.0000000000
v 0.4609375000 0.3247595264 0.0000000000
v 0.4570312500 0.2909304091 0.0000000000
v 0.4648437500 0.2773987621 0.0000000000
v 0.4765625000 0.5412658774 0.0000000000
v 0.4921875000 0.5412658774 0.0000000000
v 0.4648437500 0.5886266416 0.0000000000
v 0.4570312500 0.5750949947 0.0000000000
v 0.4492187500 0.5615633478 0.0000000000
v 0.4414062500 0.5480317008 0.0000000000
v 0.4453125000 0.5412658774 0.0000000000
v 0.4609375000 0.5412658774 0.0000000000
v 0.5507812500 0.5615633478 0.0000000000
v 0.5390625000 0.5412658774 0.0000000000
v 0.5546875000 0.5412658774 0.0000000000
v 0.5585937500 0.5480317008 0.0000000000
v 0.5351562500 0.5886266416 0.0000000000
v 0.5429687500 0.5750949947 0.0000000000
v 0.5078125000 0.5412658774 0.0000000000
v 0.5234375000 0.5412658774 0.0000000000
v 0.5195312500 0.6156899355 0.0000000000
v 0.5273437500 0.6021582886 0.0000000000
v 0.4960937500 0.6427532294 0.0000000000
v 0.5039062500 0.6427532294 0.0000000000
v 0.4882812500 0.6292215824 0.0000000000
v 0.5117187500 0.6292215824 0.0000000000
v 0.4804687500 0.6156899355 0.0000000000
v 0.4726562500 0.6021582886 0.0000000000
v 0.2265625000 0.1082531755 0.0000000000
v 0.2421875000 0.1082531755 0.0000000000
v 0.2148437500 0.1556139397 0.0000000000
v 0.2070312500 0.1420822928 0.0000000000
v 0.1992187500 0.1285506459 0.0000000000
v 0.1914062500 0.1150189989 0.0000000000
v 0.1953125000 0.1082531755 0.0000000000
v 0.2109375000 0.1082531755 0.0000000000
v 0.3007812500 0.1285506459 0.0000000000
v 0.2890625000 0.1082531755 0.0000000000
v 0.3046875000 0.1082531755 0.0000000000
v 0.3085937500 0.1150189989 0.0000000000
v 0.2851562500 0.1556139397 0.0000000000
v 0.2929687500 0.1420822928 0.0000000000
v 0.2578125000 0.1082531755 0.0000000000
v 0.2734375000 0.1082531755 0.0000000000
v 0.2695312500 0.1826772336 0.0000000000
v 0.2773437500 0.1691455867 0.0000000000
v 0.2460937500 0.2097405275 0.0000000000
v 0.2539062500 0.2097405275 0.0000000000
v 0.2382812500 0.1962088805 0.0000000000
v 0.2617187500 0.1962088805 0.0000000000
v 0.2304687500 0.1826772336 0.0000000000
v 0.2226562500 0.1691455867 0.0000000000
v 0.7265625000 0.1082531755 0.0000000000
v 0.7421875000 0.1082531755 0.0000000000
v 0.7148437500 0.1556139397 0.0000000000
v 0.7070312500 0.1420822928 0.0000000000
v 0.6992187500 0.1285506459 0.0000000000
v 0.6914062500 0.1150189989 0.0000000000
v 0.6953125000 0.1082531755 0.0000000000
v 0.7109375000 0.1082531755 0.0000000000
v 0.8007812500 0.1285506459 0.0000000000
v 0.7890625000 0.1082531755 0.0000000000
v 0.8046875000 0.1082531755 0.0000000000
v 0.8085937500 0.1150189989 0.0000000000
v 0.7851562500 0.1556139397 0.0000000000
v 0.7929687500 0.1420822928 0.0000000000
v 0.7578125000 0.1082531755 0.0000000000
v 0.7734375000 0.1082531755 0.0000000000
v 0.7695312500 0.1826772336 0.0000000000
v 0.7773437500 0.1691455867 0.0000000000
v 0.7460937500 0.2097405275 0.0000000000
v 0.7539062500 0.2097405275 0.0000000000
v 0.7382812500 0.1962088805 0.0000000000
v 0.7617187500 0.1962088805 0.0000000000
v 0.7304687500 0.1826772336 0.0000000000
v 0.7226562500 0.1691455867 0.0000000000
v 0.4765625000 0.1082531755 0.0000000000
v 0.4921875000 0.1082531755 0.0000000000
v 0.4648437500 0.1556139397 0.0000000000
v 0.4570312500 0.1420822928 0.0000000000
v 0.4492187500 0.1285506459 0.0000000000
v 0.4414062500 0.1150189989 0.0000000000
v 0.4453125000 0.1082531755 0.0000000000
v 0.4609375000 0.1082531755 0.0000000000
v 0.5507812500 0.1285506459 0.0000000000
v 0.5390625000 0.1082531755 0.0000000000
v 0.5546875000 0.1082531755 0.0000000000
v 0.5585937500 0.1150189989 0.0000000000
v 0.5351562500 0.1556139397 0.0000000000
v 0.5429687500 0.1420822928 0.0000000000
v 0.5078125000 0.1082531755 0.0000000000
v 0.5234375000 0.1082531755 0.0000000000
v 0.5195312500 0.1826772336 0.0000000000
v 0.5273437500 0.1691455867 0.0000000000
v 0.4960937500 0.2097405275 0.0000000000
v 0.5039062500 0.2097405275 0.0000000000
v 0.4882812500 0.1962088805 0.0000000000
v 0.5117187500 0.1962088805 0.0000000000
v 0.4804687500 0.1826772336 0.0000000000
v 0.4726562500 0.1691455867 0.0000000000
v 0.6015625000 0.3247595264 0.0000000000
v 0.6171875000 0.3247595264 0.0000000000
v 0.5898437500 0.3721202907 0.0000000000
v 0.5820312500 0.3585886438 0.0000000000
v 0.5742187500 0.3450569968 0.0000000000
v 0.5664062500 0.3315253499 0.0000000000
v 0.5703125000 0.3247595264 0.0000000000
v 0.5859375000 0.3247595264 0.0000000000
v 0.6757812500 0.3450569968 0.0000000000
v 0.6640625000 0.3247595264 0.0000000000
v 0.6796875000 0.3247595264 0.0000000000
v 0.6835937500 0.3315253499 0.0000000000
v 0.6601562500 0.3721202907 0.0000000000
v 0.6679687500 0.3585886438 0.0000000000
v 0.6328125000 0.3247595264 0.0000000000
v 0.6484375000 0.3247595264 0.0000000000
v 0.6445312500 0.3991835846 0.0000000000
v 0.6523437500 0.3856519376 0.0000000000
v 0.6210937500 0.4262468784 0.0000000000
v 0.6289062500 0.4262468784 0.0000000000
v 0.6132812500 0.4127152315 0.0000000000
v 0.6367187500 0.4127152315 0.0000000000
v 0.6054687500 0.3991835846 0.0000000000
v 0.5976562500 0.3856519376 0.0000000000
v 0.3515625000 0.3247595264 0.0000000000
v 0.3671875000 0.3247595264 0.0000000000
v 0.3398437500 0.3721202907 0.0000000000
v 0.3320312500 0.3585886438 0.0000000000
v 0.3242187500 0.3450569968 0.0000000000
v 0.3164062500 0.3315253499 0.0000000000
v 0.3203125000 0.3247595264 0.0000000000
v 0.3359375000 0.3247595264 0.0000000000
v 0.4257812500 0.3450569968 0.0000000000
v 0.4140625000 0.3247595264 0.0000000000
v 0.4296875000 0.3247595264 0.0000000000
v 0.4335937500 0.3315253499 0.0000000000
v 0.4101562500 0.3721202907 0.0000000000
v 0.4179687500 0.3585886438 0.0000000000
v 0.3828125000 0.3247595264 0.0000000000
v 0.3984375000 0.3247595264 0.0000000000
v 0.3945312500 0.3991835846 0.0000000000
v 0.4023437500 0.3856519376 0.0000000000
v 0.3710937500 0.4262468784 0.0000000000
v 0.3789062500 0.4262468784 0.0000000000
v 0.3632812500 0.4127152315 0.0000000000
v 0.3867187500 0.4127152315 0.0000000000
v 0.3554687500 0.3991835846 0.0000000000
v 0.3476562500 0.3856519376 0.0000000000
v 0.3320312500 0.5074367600 0.0000000000
v 0.3398437500 0.4939051131 0.0000000000
v 0.3671875000 0.5412658774 0.0000000000
v 0.3515625000 0.5412658774 0.0000000000
v 0.3359375000 0.5412658774 0.0000000000
v 0.3203125000 0.5412658774 0.0000000000
v 0.3164062500 0.5345000539 0.0000000000
v 0.3242187500 0.5209684070 0.0000000000
v 0.3867187500 0.4533101723 0.0000000000
v 0.3632812500 0.4533101723 0.0000000000
v 0.3710937500 0.4397785254 0.0000000000
v 0.3789062500 0.4397785254 0.0000000000
v 0.4023437500 0.4803734662 0.0000000000
v 0.3945312500 0.4668418192 0.0000000000
v 0.3476562500 0.4803734662 0.0000000000
v 0.3554687500 0.4668418192 0.0000000000
v 0.4179687500 0.5074367600 0.0000000000
v 0.4101562500 0.4939051131 0.0000000000
v 0.4296875000 0.5412658774 0.0000000000
v 0.4335937500 0.5345000539 0.0000000000
v 0.4140625000 0.5412658774 0.0000000000
v 0.4257812500 0.5209684070 0.0000000000
v 0.3984375000 0.5412658774 0.0000000000
v 0.3828125000 0.5412658774 0.0000000000
v 0.5820312500 0.5074367600 0.0000000000
v 0.5898437500 0.4939051131 0.0000000000
v 0.6171875000 0.5412658774 0.0000000000
v 0.6015625000 0.5412658774 0.0000000000
v 0.5859375000 0.5412658774 0.0000000000
v 0.5703125000 0.5412658774 0.0000000000
v 0.5664062500 0.5345000539 0.0000000000
v 0.5742187500 0.5209684070 0.0000000000
v 0.6367187500 0.4533101723 0.0000000000
v 0.6132812500 0.4533101723 0.0000000000
v 0.6210937500 0.4397785254 0.0000000000
v 0.6289062500 0.4397785254 0.0000000000
v 0.6523437500 0.4803734662 0.0000000000
v 0.6445312500 0.4668418192 0.0000000000
v 0.5976562500 0.4803734662 0.0000000000
v 0.6054687500 0.4668418192 0.0000000000
v 0.6679687500 0.5074367600 0.0000000000
v 0.6601562500 0.4939051131 0.0000000000
v 0.6796875000 0.5412658774 0.0000000000
v 0.6835937500 0.5345000539 0.0000000000
v 0.6640625000 0.5412658774 0.0000000000
v 0.6757812500 0.5209684070 0.0000000000
v 0.6484375000 0.5412658774 0.0000000000
v 0.6328125000 0.5412658774 0.0000000000
v 0.4570312500 0.7239431110 0.0000000000
v 0.4648437500 0.7104114640 0.0000000000
v 0.4921875000 0.7577722283 0.0000000000
v 0.4765625000 0.7577722283 0.0000000000
v 0.4609375000 0.7577722283 0.0000000000
v 0.4453125000 0.7577722283 0.0000000000
v 0.4414062500 0.7510064048 0.0000000000
v 0.4492187500 0.7374747579 0.0000000000
v 0.5117187500 0.6698165232 0.0000000000
v 0.4882812500 0.6698165232 0.0000000000
v 0.4960937500 0.6562848763 0.0000000000
v 0.5039062500 0.6562848763 0.0000000000
v 0.5273437500 0.6968798171 0.0000000000
v 0.5195312500 0.6833481702 0.0000000000
v 0.4726562500 0.6968798171 0.0000000000
v 0.4804687500 0.6833481702 0.0000000000
v 0.5429687500 0.7239431110 0.0000000000
v 0.5351562500 0.7104114640 0.0000000000
v 0.5546875000 0.7577722283 0.0000000000
v 0.5585937500 0.7510064048 0.0000000000
v 0.5390625000 0.7577722283 0.0000000000
v 0.5507812500 0.7374747579 0.0000000000
v 0.5234375000 0.7577722283 0.0000000000
v 0.5078125000 0.7577722283 0.0000000000
v 0.0820312500 0.0744240581 0.0000000000
v 0.0898437500 0.0608924112 0.0000000000
v 0.1171875000 0.1082531755 0.0000000000
v 0.1015625000 0.1082531755 0.0000000000
v 0.0859375000 0.1082531755 0.0000000000
v 0.0703125000 0.1082531755 0.0000000000
v 0.0664062500 0.1014873520 0.0000000000
v 0.0742187500 0.0879557051 0.0000000000
v 0.1367187500 0.0202974704 0.0000000000
v 0.1132812500 0.0202974704 0.0000000000
v 0.1210937500 0.0067658235 0.0000000000
v 0.1289062500 0.0067658235 0.0000000000
v 0.1523437500 0.0473607643 0.0000000000
v 0.1445312500 0.0338291173 0.0000000000
v 0.0976562500 0.0473607643 0.0000000000
v 0.1054687500 0.0338291173 0.0000000000
v 0.1679687500 0.0744240581 0.0000000000
v 0.1601562500 0.0608924112 0.0000000000
v 0.1796875000 0.1082531755 0.0000000000
v 0.1835937500 0.1014873520 0.0000000000
v 0.1640625000 0.1082531755 0.0000000000
v 0.1757812500 0.0879557051 0.0000000000
v 0.1484375000 0.1082531755 0.0000000000
v 0.1328125000 0.1082531755 0.0000000000
v 0.3320312500 0.0744240581 0.0000000000
v 0.3398437500 0.0608924112 0.0000000000
v 0.3671875000 0.1082531755 0.0000000000
v 0.3515625000 0.1082531755 0.0000000000
v 0.3359375000 0.1082531755 0.0000000000
v 0.3203125000 0.1082531755 0.0000000000
v 0.3164062500 0.1014873520 0.0000000000
v 0.3242187500 0.0879557051 0.0000000000
v 0.3867187500 0.0202974704 0.0000000000
v 0.3632812500 0.0202974704 0.0000000000
v 0.3710937500 0.0067658235 0.0000000000
v 0.3789062500 0.0067658235 0.0000000000
v 0.4023437500 0.0473607643 0.0000000000
v 0.3945312500 0.0338291173 0.0000000000
v 0.3476562500 0.0473607643 0.0000000000
v 0.3554687500 0.0338291173 0.0000000000
v 0.4179687500 0.0744240581 0.0000000000
v 0.4101562500 0.0608924112 0.0000000000
v 0.4296875000 0.1082531755 0.0000000000
v 0.4335937500 0.1014873520 0.0000000000
v 0.4140625000 0.1082531755 0.0000000000
v 0.4257812500 0.0879557051 0.0000000000
v 0.3984375000 0.1082531755 0.0000000000
v 0.3828125000 0.1082531755 0.0000000000
v 0.2070312500 0.2909304091 0.0000000000
v 0.2148437500 0.2773987621 0.0000000000
v 0.2421875000 0.3247595264 0.0000000000
v 0.2265625000 0.3247595264 0.0000000000
v 0.2109375000 0.3247595264 0.0000000000
v 0.1953125000 0.3247595264 0.0000000000
v 0.1914062500 0.3179937030 0.0000000000
v 0.1992187500 0.3044620560 0.0000000000
v 0.2617187500 0.2368038213 0.0000000000
v 0.2382812500 0.2368038213 0.0000000000
v 0.2460937500 0.2232721744 0.0000000000
v 0.2539062500 0.2232721744 0.0000000000
v 0.2773437500 0.2638671152 0.0000000000
v 0.2695312500 0.2503354683 0.0000000000
v 0.2226562500 0.2638671152 0.0000000000
v 0.2304687500 0.2503354683 0.0000000000
v 0.2929687500 0.2909304091 0.0000000000
v 0.2851562500 0.2773987621 0.0000000000
v 0.3046875000 0.3247595264 0.0000000000
v 0.3085937500 0.3179937030 0.0000000000
v 0.2890625000 0.3247595264 0.0000000000
v 0.3007812500 0.3044620560 0.0000000000
v 0.2734375000 0.3247595264 0.0000000000
v 0.2578125000 0.3247595264 0.0000000000
v 0.5820312500 0.0744240581 0.0000000000
v 0.5898437500 0.0608924112 0.0000000000
v 0.6171875000 0.1082531755 0.0000000000
v 0.6015625000 0.1082531755 0.0000000000
v 0.5859375000 0.1082531755 0.0000000000
v 0.5703125000 0.1082531755 0.0000000000
v 0.5664062500 0.1014873520 0.0000000000
v 0.5742187500 0.0879557051 0.0000000000
v 0.6367187500 0.0202974704 0.0000000000
v 0.6132812500 0.0202974704 0.0000000000
v 0.6210937500 0.0067658235 0.0000000000
v 0.6289062500 0.0067658235 0.0000000000
v 0.6523437500 0.0473607643 0.0000000000
v 0.6445312500 0.0338291173 0.0000000000
v 0.5976562500 0.0473607643 0.0000000000
v 0.6054687500 0.0338291173 0.0000000000
v 0.6679687500 0.0744240581 0.0000000000
v 0.6601562500 0.0608924112 0.0000000000
v 0.6796875000 0.1082531755 0.0000000000
v 0.6835937500 0.1014873520 0.0000000000
v 0.6640625000 0.1082531755 0.0000000000
v 0.6757812500 0.0879557051 0.0000000000
v 0.6484375000 0.1082531755 0.0000000000
v 0.6328125000 0.1082531755 0.0000000000
v 0.8320312500 0.0744240581 0.0000000000
v 0.8398437500 0.0608924112 0.0000000000
v 0.8671875000 0.1082531755 0.0000000000
v 0.8515625000 0.1082531755 0.0000000000
v 0.8359375000 0.1082531755 0.0000000000
v 0.8203125000 0.1082531755 0.0000000000
v 0.8164062500 0.1014873520 0.0000000000
v 0.8242187500 0.0879557051 0.0000000000
v 0.8867187500 0.0202974704 0.0000000000
v 0.8632812500 0.0202974704 0.0000000000
v 0.8710937500 0.0067658235 0.0000000000
v 0.8789062500 0.0067658235 0.0000000000
v 0.9023437500 0.0473607643 0.0000000000
v 0.8945312500 0.0338291173 0.0000000000
v 0.8476562500 0.0473607643 0.0000000000
v 0.8554687500 0.0338291173 0.0000000000
v 0.9179687500 0.0744240581 0.0000000000
v 0.9101562500 0.0608924112 0.0000000000
v 0.9296875000 0.1082531755 0.0000000000
v 0.9335937500 0.1014873520 0.0000000000
v 0.9140625000 0.1082531755 0.0000000000
v 0.9257812500 0.0879557051 0.0000000000
v 0.8984375000 0.1082531755 0.0000000000
v 0.8828125000 0.1082531755 0.0000000000
v 0.7070312500 0.2909304091 0.0000000000
v 0.7148437500 0.2773987621 0.0000000000
v 0.7421875000 0.3247595264 0.0000000000
v 0.7265625000 0.3247595264 0.0000000000
v 0.7109375000 0.3247595264 0.0000000000
v 0.6953125000 0.3247595264 0.0000000000
v 0.6914062500 0.3179937030 0.0000000000
v 0.6992187500 0.3044620560 0.0000000000
v 0.7617187500 0.2368038213 0.0000000000
v 0.7382812500 0.2368038213 0.0000000000
v 0.7460937500 0.2232721744 0.0000000000
v 0.7539062500 0.2232721744 0.0000000000
v 0.7773437500 0.2638671152 0.0000000000
v 0.7695312500 0.2503354683 0.0000000000
v 0.7226562500 0.2638671152 0.0000000000
v 0.7304687500 0.2503354683 0.0000000000
v 0.7929687500 0.2909304091 0.0000000000
v 0.7851562500 0.2773987621 0.0000000000
v 0.8046875000 0.3247595264 0.0000000000
v 0.8085937500 0.3179937030 0.0000000000
v 0.7890625000 0.3247595264 0.0000000000
v 0.8007812500 0.3044620560 0.0000000000
v 0.7734375000 0.3247595264 0.0000000000
v 0.7578125000 0.3247595264 0.0000000000
v 0.4648437500 0.3721202907 0.0000000000
v 0.4570312500 0.3585886438 0.0000000000
v 0.4492187500 0.3450569968 0.0000000000
v 0.4414062500 0.3315253499 0.0000000000
v 0.5507812500 0.3450569968 0.0000000000
v 0.5585937500 0.3315253499 0.0000000000
v 0.5351562500 0.3721202907 0.0000000000
v 0.5429687500 0.3585886438 0.0000000000
v 0.5195312500 0.3991835846 0.0000000000
v 0.5273437500 0.3856519376 0.0000000000
v 0.4960937500 0.4262468784 0.0000000000
v 0.5039062500 0.4262468784 0.0000000000
v 0.4882812500 0.4127152315 0.0000000000
v 0.5117187500 0.4127152315 0.0000000000
v 0.4804687500 0.3991835846 0.0000000000
v 0.4726562500 0.3856519376 0.0000000000
v 0.4140625000 0.2165063509 0.0000000000
v 0.4296875000 0.2165063509 0.0000000000
v 0.4023437500 0.2638671152 0.0000000000
v 0.3945312500 0.2503354683 0.0000000000
v 0.3867187500 0.2368038213 0.0000000000
v 0.3789062500 0.2232721744 0.0000000000
v 0.3828125000 0.2165063509 0.0000000000
v 0.3984375000 0.2165063509 0.0000000000
v 0.4765625000 0.2165063509 0.0000000000
v 0.4921875000 0.2165063509 0.0000000000
v 0.4453125000 0.2165063509 0.0000000000
v 0.4609375000 0.2165063509 0.0000000000
v 0.4335937500 0.3179937030 0.0000000000
v 0.4257812500 0.3044620560 0.0000000000
v 0.4179687500 0.2909304091 0.0000000000
v 0.4101562500 0.2773987621 0.0000000000
v 0.5390625000 0.2165063509 0.0000000000
v 0.5546875000 0.2165063509 0.0000000000
v 0.5078125000 0.2165063509 0.0000000000
v 0.5234375000 0.2165063509 0.0000000000
v 0.6132812500 0.2368038213 0.0000000000
v 0.6015625000 0.2165063509 0.0000000000
v 0.6171875000 0.2165063509 0.0000000000
v 0.6210937500 0.2232721744 0.0000000000
v 0.5976562500 0.2638671152 0.0000000000
v 0.6054687500 0.2503354683 0.0000000000
v 0.5703125000 0.2165063509 0.0000000000
v 0.5859375000 0.2165063509 0.0000000000
v 0.5820312500 0.2909304091 0.0000000000
v 0.5898437500 0.2773987621 0.0000000000
v 0.5664062500 0.3179937030 0.0000000000
v 0.5742187500 0.3044620560 0.0000000000
v 0.5546875000 0.6495190528 0.0000000000
v 0.5390625000 0.6495190528 0.0000000000
v 0.5234375000 0.6495190528 0.0000000000
v 0.5078125000 0.6495190528 0.0000000000
v 0.5742187500 0.5615633478 0.0000000000
v 0.5664062500 0.5480317008 0.0000000000
v 0.5898437500 0.5886266416 0.0000000000
v 0.5820312500 0.5750949947 0.0000000000
v 0.6054687500 0.6156899355 0.0000000000
v 0.5976562500 0.6021582886 0.0000000000
v 0.6171875000 0.6495190528 0.0000000000
v 0.6210937500 0.6427532294 0.0000000000
v 0.6015625000 0.6495190528 0.0000000000
v 0.6132812500 0.6292215824 0.0000000000
v 0.5859375000 0.6495190528 0.0000000000
v 0.5703125000 0.6495190528 0.0000000000
v 0.3945312500 0.6156899355 0.0000000000
v 0.4023437500 0.6021582886 0.0000000000
v 0.4296875000 0.6495190528 0.0000000000
v 0.4140625000 0.6495190528 0.0000000000
v 0.3984375000 0.6495190528 0.0000000000
v 0.3828125000 0.6495190528 0.0000000000
v 0.3789062500 0.6427532294 0.0000000000
v 0.3867187500 0.6292215824 0.0000000000
v 0.4257812500 0.5615633478 0.0000000000
v 0.4335937500 0.5480317008 0.0000000000
v 0.4101562500 0.5886266416 0.0000000000
v 0.4179687500 0.5750949947 0.0000000000
v 0.4921875000 0.6495190528 0.0000000000
v 0.4765625000 0.6495190528 0.0000000000
v 0.4609375000 0.6495190528 0.0000000000
v 0.4453125000 0.6495190528 0.0000000000
v 0.4570312500 0.5074367600 0.0000000000
v 0.4648437500 0.4939051131 0.0000000000
v 0.4414062500 0.5345000539 0.0000000000
v 0.4492187500 0.5209684070 0.0000000000
v 0.5117187500 0.4533101723 0.0000000000
v 0.4882812500 0.4533101723 0.0000000000
v 0.4960937500 0.4397785254 0.0000000000
v 0.5039062500 0.4397785254 0.0000000000
v 0.5273437500 0.4803734662 0.0000000000
v 0.5195312500 0.4668418192 0.0000000000
v 0.4726562500 0.4803734662 0.0000000000
v 0.4804687500 0.4668418192 0.0000000000
v 0.5429687500 0.5074367600 0.0000000000
v 0.5351562500 0.4939051131 0.0000000000
v 0.5585937500 0.5345000539 0.0000000000
v 0.5507812500 0.5209684070 0.0000000000
v 0.3046875000 0.2165063509 0.0000000000
v 0.2890625000 0.2165063509 0.0000000000
v 0.2734375000 0.2165063509 0.0000000000
v 0.2578125000 0.2165063509 0.0000000000
v 0.3242187500 0.1285506459 0.0000000000
v 0.3164062500 0.1150189989 0.0000000000
v 0.3398437500 0.1556139397 0.0000000000
v 0.3320312500 0.1420822928 0.0000000000
v 0.3554687500 0.1826772336 0.0000000000
v 0.3476562500 0.1691455867 0.0000000000
v 0.3671875000 0.2165063509 0.0000000000
v 0.3710937500 0.2097405275 0.0000000000
v 0.3515625000 0.2165063509 0.0000000000
v 0.3632812500 0.1962088805 0.0000000000
v 0.3359375000 0.2165063509 0.0000000000
v 0.3203125000 0.2165063509 0.0000000000
v 0.1445312500 0.1826772336 0.0000000000
v 0.1523437500 0.1691455867 0.0000000000
v 0.1796875000 0.2165063509 0.0000000000
v 0.1640625000 0.2165063509 0.0000000000
v 0.1484375000 0.2165063509 0.0000000000
v 0.1328125000 0.2165063509 0.0000000000
v 0.1289062500 0.2097405275 0.0000000000
v 0.1367187500 0.1962088805 0.0000000000
v 0.1757812500 0.1285506459 0.0000000000
v 0.1835937500 0.1150189989 0.0000000000
v 0.1601562500 0.1556139397 0.0000000000
v 0.1679687500 0.1420822928 0.0000000000
v 0.2421875000 0.2165063509 0.0000000000
v 0.2265625000 0.2165063509 0.0000000000
v 0.2109375000 0.2165063509 0.0000000000
v 0.1953125000 0.2165063509 0.0000000000
v 0.2070312500 0.0744240581 0.0000000000
v 0.2148437500 0.0608924112 0.0000000000
v 0.1914062500 0.1014873520 0.0000000000
v 0.1992187500 0.0879557051 0.0000000000
v 0.2617187500 0.0202974704 0.0000000000
v 0.2382812500 0.0202974704 0.0000000000
v 0.2460937500 0.0067658235 0.0000000000
v 0.2539062500 0.0067658235 0.0000000000
v 0.2773437500 0.0473607643 0.0000000000
v 0.2695312500 0.0338291173 0.0000000000
v 0.2226562500 0.0473607643 0.0000000000
v 0.2304687500 0.0338291173 0.0000000000
v 0.2929687500 0.0744240581 0.0000000000
v 0.2851562500 0.0608924112 0.0000000000
v 0.3085937500 0.1014873520 0.0000000000
v 0.3007812500 0.0879557051 0.0000000000
v 0.8046875000 0.2165063509 0.0000000000
v 0.7890625000 0.2165063509 0.0000000000
v 0.7734375000 0.2165063509 0.0000000000
v 0.7578125000 0.2165063509 0.0000000000
v 0.8242187500 0.1285506459 0.0000000000
v 0.8164062500 0.1150189989 0.0000000000
v 0.8398437500 0.1556139397 0.0000000000
v 0.8320312500 0.1420822928 0.0000000000
v 0.8554687500 0.1826772336 0.0000000000
v 0.8476562500 0.1691455867 0.0000000000
v 0.8671875000 0.2165063509 0.0000000000
v 0.8710937500 0.2097405275 0.0000000000
v 0.8515625000 0.2165063509 0.0000000000
v 0.8632812500 0.1962088805 0.0000000000
v 0.8359375000 0.2165063509 0.0000000000
v 0.8203125000 0.2165063509 0.0000000000
v 0.6445312500 0.1826772336 0.0000000000
v 0.6523437500 0.1691455867 0.0000000000
v 0.6796875000 0.2165063509 0.0000000000
v 0.6640625000 0.2165063509 0.0000000000
v 0.6484375000 0.2165063509 0.0000000000
v 0.6328125000 0.2165063509 0.0000000000
v 0.6289062500 0.2097405275 0.0000000000
v 0.6367187500 0.1962088805 0.0000000000
v 0.6757812500 0.1285506459 0.0000000000
v 0.6835937500 0.1150189989 0.0000000000
v 0.6601562500 0.1556139397 0.0000000000
v 0.6679687500 0.1420822928 0.0000000000
v 0.7421875000 0.2165063509 0.0000000000
v 0.7265625000 0.2165063509 0.0000000000
v 0.7109375000 0.2165063509 0.0000000000
v 0.6953125000 0.2165063509 0.0000000000
v 0.7070312500 0.0744240581 0.0000000000
v 0.7148437500 0.0608924112 0.0000000000
v 0.6914062500 0.1014873520 0.0000000000
v 0.6992187500 0.0879557051 0.0000000000
v 0.7617187500 0.0202974704 0.0000000000
v 0.7382812500 0.0202974704 0.0000000000
v 0.7460937500 0.0067658235 0.0000000000
v 0.7539062500 0.0067658235 0.0000000000
v 0.7773437500 0.0473607643 0.0000000000
v 0.7695312500 0.0338291173 0.0000000000
v 0.7226562500 0.0473607643 0.0000000000
v 0.7304687500 0.0338291173 0.0000000000
v 0.7929687500 0.0744240581 0.0000000000
v 0.7851562500 0.0608924112 0.0000000000
v 0.8085937500 0.1014873520 0.0000000000
v 0.8007812500 0.0879557051 0.0000000000
v 0.5742187500 0.1285506459 0.0000000000
v 0.5664062500 0.1150189989 0.0000000000
v 0.5898437500 0.1556139397 0.0000000000
v 0.5820312500 0.1420822928 0.0000000000
v 0.6054687500 0.1826772336 0.0000000000
v 0.5976562500 0.1691455867 0.0000000000
v 0.6210937500 0.2097405275 0.0000000000
v 0.6132812500 0.1962088805 0.0000000000
v 0.3945312500 0.1826772336 0.0000000000
v 0.4023437500 0.1691455867 0.0000000000
v 0.3789062500 0.2097405275 0.0000000000
v 0.3867187500 0.1962088805 0.0000000000
v 0.4257812500 0.1285506459 0.0000000000
v 0.4335937500 0.1150189989 0.0000000000
v 0.4101562500 0.1556139397 0.0000000000
v 0.4179687500 0.1420822928 0.0000000000
v 0.4570312500 0.0744240581 0.0000000000
v 0.4648437500 0.0608924112 0.0000000000
v 0.4414062500 0.1014873520 0.0000000000
v 0.4492187500 0.0879557051 0.0000000000
v 0.5117187500 0.0202974704 0.0000000000
v 0.4882812500 0.0202974704 0.0000000000
v 0.4960937500 0.0067658235 0.0000000000
v 0.5039062500 0.0067658235 0.0000000000
v 0.5273437500 0.0473607643 0.0000000000
v 0.5195312500 0.0338291173 0.0000000000
v 0.4726562500 0.0473607643 0.0000000000
v 0.4804687500 0.0338291173 0.0000000000
v 0.5429687500 0.0744240581 0.0000000000
v 0.5351562500 0.0608924112 0.0000000000
v 0.5585937500 0.1014873520 0.0000000000
v 0.5507812500 0.0879557051 0.0000000000
v 0.6796875000 0.4330127019 0.0000000000
v 0.6640625000 0.4330127019 0.0000000000
v 0.6484375000 0.4330127019 0.0000000000
v 0.6328125000 0.4330127019 0.0000000000
v 0.6992187500 0.3450569968 0.0000000000
v 0.6914062500 0.3315253499 0.0000000000
v 0.7148437500 0.3721202907 0.0000000000
v 0.7070312500 0.3585886438 0.0000000000
v 0.7304687500 0.3991835846 0.0000000000
v 0.7226562500 0.3856519376 0.0000000000
v 0.7421875000 0.4330127019 0.0000000000
v 0.7460937500 0.4262468784 0.0000000000
v 0.7265625000 0.4330127019 0.0000000000
v 0.7382812500 0.4127152315 0.0000000000
v 0.7109375000 0.4330127019 0.0000000000
v 0.6953125000 0.4330127019 0.0000000000
v 0.5546875000 0.4330127019 0.0000000000
v 0.5390625000 0.4330127019 0.0000000000
v 0.5234375000 0.4330127019 0.0000000000
v 0.5078125000 0.4330127019 0.0000000000
v 0.6171875000 0.4330127019 0.0000000000
v 0.6015625000 0.4330127019 0.0000000000
v 0.5859375000 0.4330127019 0.0000000000
v 0.5703125000 0.4330127019 0.0000000000
v 0.6367187500 0.2368038213 0.0000000000
v 0.6289062500 0.2232721744 0.0000000000
v 0.6523437500 0.2638671152 0.0000000000
v 0.6445312500 0.2503354683 0.0000000000
v 0.6679687500 0.2909304091 0.0000000000
v 0.6601562500 0.2773987621 0.0000000000
v 0.6835937500 0.3179937030 0.0000000000
v 0.6757812500 0.3044620560 0.0000000000
v 0.4296875000 0.4330127019 0.0000000000
v 0.4140625000 0.4330127019 0.0000000000
v 0.3984375000 0.4330127019 0.0000000000
v 0.3828125000 0.4330127019 0.0000000000
v 0.4921875000 0.4330127019 0.0000000000
v 0.4765625000 0.4330127019 0.0000000000
v 0.4609375000 0.4330127019 0.0000000000
v 0.4453125000 0.4330127019 0.0000000000
v 0.2695312500 0.3991835846 0.0000000000
v 0.2773437500 0.3856519376 0.0000000000
v 0.3046875000 0.4330127019 0.0000000000
v 0.2890625000 0.4330127019 0.0000000000
v 0.2734375000 0.4330127019 0.0000000000
v 0.2578125000 0.4330127019 0.0000000000
v 0.2539062500 0.4262468784 0.0000000000
v 0.2617187500 0.4127152315 0.0000000000
v 0.3007812500 0.3450569968 0.0000000000
v 0.3085937500 0.3315253499 0.0000000000
v 0.2851562500 0.3721202907 0.0000000000
v 0.2929687500 0.3585886438 0.0000000000
v 0.3671875000 0.4330127019 0.0000000000
v 0.3515625000 0.4330127019 0.0000000000
v 0.3359375000 0.4330127019 0.0000000000
v 0.3203125000 0.4330127019 0.0000000000
v 0.3320312500 0.2909304091 0.0000000000
v 0.3398437500 0.2773987621 0.0000000000
v 0.3164062500 0.3179937030 0.0000000000
v 0.3242187500 0.3044620560 0.0000000000
v 0.3632812500 0.2368038213 0.0000000000
v 0.3710937500 0.2232721744 0.0000000000
v 0.3476562500 0.2638671152 0.0000000000
v 0.3554687500 0.2503354683 0.0000000000
v 0.3554687500 0.6156899355 0.0000000000
v 0.3476562500 0.6021582886 0.0000000000
v 0.3710937500 0.6427532294 0.0000000000
v 0.3632812500 0.6292215824 0.0000000000
v 0.3242187500 0.5615633478 0.0000000000
v 0.3164062500 0.5480317008 0.0000000000
v 0.3398437500 0.5886266416 0.0000000000
v 0.3320312500 0.5750949947 0.0000000000
v 0.2929687500 0.5074367600 0.0000000000
v 0.2851562500 0.4939051131 0.0000000000
v 0.3085937500 0.5345000539 0.0000000000
v 0.3007812500 0.5209684070 0.0000000000
v 0.2617187500 0.4533101723 0.0000000000
v 0.2539062500 0.4397785254 0.0000000000
v 0.2773437500 0.4803734662 0.0000000000
v 0.2695312500 0.4668418192 0.0000000000
v 0.7148437500 0.4939051131 0.0000000000
v 0.7070312500 0.5074367600 0.0000000000
v 0.6992187500 0.5209684070 0.0000000000
v 0.6914062500 0.5345000539 0.0000000000
v 0.7460937500 0.4397785254 0.0000000000
v 0.7382812500 0.4533101723 0.0000000000
v 0.7304687500 0.4668418192 0.0000000000
v 0.7226562500 0.4803734662 0.0000000000
v 0.6523437500 0.6021582886 0.0000000000
v 0.6445312500 0.6156899355 0.0000000000
v 0.6367187500 0.6292215824 0.0000000000
v 0.6289062500 0.6427532294 0.0000000000
v 0.6835937500 0.5480317008 0.0000000000
v 0.6757812500 0.5615633478 0.0000000000
v 0.6679687500 0.5750949947 0.0000000000
v 0.6601562500 0.5886266416 0.0000000000
v 0.5898437500 0.7104114640 0.0000000000
v 0.5820312500 0.7239431110 0.0000000000
v 0.5742187500 0.7374747579 0.0000000000
v 0.5664062500 0.7510064048 0.0000000000
v 0.6210937500 0.6562848763 0.0000000000
v 0.6132812500 0.6698165232 0.0000000000
v 0.6054687500 0.6833481702 0.0000000000
v 0.5976562500 0.6968798171 0.0000000000
v 0.4804687500 0.8321962864 0.0000000000
v 0.4726562500 0.8186646395 0.0000000000
v 0.5273437500 0.8186646395 0.0000000000
v 0.5195312500 0.8321962864 0.0000000000
v 0.5117187500 0.8457279334 0.0000000000
v 0.5039062500 0.8592595803 0.0000000000
v 0.4960937500 0.8592595803 0.0000000000
v 0.4882812500 0.8457279334 0.0000000000
v 0.4492187500 0.7780696987 0.0000000000
v 0.4414062500 0.7645380518 0.0000000000
v 0.4648437500 0.8051329926 0.0000000000
v 0.4570312500 0.7916013456 0.0000000000
v 0.5585937500 0.7645380518 0.0000000000
v 0.5507812500 0.7780696987 0.0000000000
v 0.5429687500 0.7916013456 0.0000000000
v 0.5351562500 0.8051329926 0.0000000000
v 0.4179687500 0.7239431110 0.0000000000
v 0.4101562500 0.7104114640 0.0000000000
v 0.4335937500 0.7510064048 0.0000000000
v 0.4257812500 0.7374747579 0.0000000000
v 0.3867187500 0.6698165232 0.0000000000
v 0.3789062500 0.6562848763 0.0000000000
v 0.4023437500 0.6968798171 0.0000000000
v 0.3945312500 0.6833481702 0.0000000000
v 0.1484375000 0.0000000000 0.0000000000
v 0.1328125000 0.0000000000 0.0000000000
v 0.1796875000 0.0000000000 0.0000000000
v 0.1640625000 0.0000000000 0.0000000000
v 0.2109375000 0.0000000000 0.0000000000
v 0.1953125000 0.0000000000 0.0000000000
v 0.2421875000 0.0000000000 0.0000000000
v 0.2265625000 0.0000000000 0.0000000000
v 0.1054687500 0.1826772336 0.0000000000
v 0.0976562500 0.1691455867 0.0000000000
v 0.1210937500 0.2097405275 0.0000000000
v 0.1132812500 0.1962088805 0.0000000000
v 0.0742187500 0.1285506459 0.0000000000
v 0.0664062500 0.1150189989 0.0000000000
v 0.0898437500 0.1556139397 0.0000000000
v 0.0820312500 0.1420822928 0.0000000000
v 0.0429687500 0.0744240581 0.0000000000
v 0.0351562500 0.0608924112 0.0000000000
v 0.0585937500 0.1014873520 0.0000000000
v 0.0507812500 0.0879557051 0.0000000000
v 0.0234375000 0.0000000000 0.0000000000
v 0.0117187500 0.0202974704 0.0000000000
v 0.0039062500 0.0067658235 0.0000000000
v 0.0078125000 0.0000000000 0.0000000000
v 0.0546875000 0.0000000000 0.0000000000
v 0.0390625000 0.0000000000 0.0000000000
v 0.0273437500 0.0473607643 0.0000000000
v 0.0195312500 0.0338291173 0.0000000000
v 0.0859375000 0.0000000000 0.0000000000
v 0.0703125000 0.0000000000 0.0000000000
v 0.1171875000 0.0000000000 0.0000000000
v 0.1015625000 0.0000000000 0.0000000000
v 0.3984375000 0.0000000000 0.0000000000
v 0.3828125000 0.0000000000 0.0000000000
v 0.4296875000 0.0000000000 0.0000000000
v 0.4140625000 0.0000000000 0.0000000000
v 0.4609375000 0.0000000000 0.0000000000
v 0.4453125000 0.0000000000 0.0000000000
v 0.4921875000 0.0000000000 0.0000000000
v 0.4765625000 0.0000000000 0.0000000000
v 0.2734375000 0.0000000000 0.0000000000
v 0.2578125000 0.0000000000 0.0000000000
v 0.3046875000 0.0000000000 0.0000000000
v 0.2890625000 0.0000000000 0.0000000000
v 0.3359375000 0.0000000000 0.0000000000
v 0.3203125000 0.0000000000 0.0000000000
v 0.3671875000 0.0000000000 0.0000000000
v 0.3515625000 0.0000000000 0.0000000000
v 0.2304687500 0.3991835846 0.0000000000
v 0.2226562500 0.3856519376 0.0000000000
v 0.2460937500 0.4262468784 0.0000000000
v 0.2382812500 0.4127152315 0.0000000000
v 0.1992187500 0.3450569968 0.0000000000
v 0.1914062500 0.3315253499 0.0000000000
v 0.2148437500 0.3721202907 0.0000000000
v 0.2070312500 0.3585886438 0.0000000000
v 0.1679687500 0.2909304091 0.0000000000
v 0.1601562500 0.2773987621 0.0000000000
v 0.1835937500 0.3179937030 0.0000000000
v 0.1757812500 0.3044620560 0.0000000000
v 0.1367187500 0.2368038213 0.0000000000
v 0.1289062500 0.2232721744 0.0000000000
v 0.1523437500 0.2638671152 0.0000000000
v 0.1445312500 0.2503354683 0.0000000000
v 0.6484375000 0.0000000000 0.0000000000
v 0.6328125000 0.0000000000 0.0000000000
v 0.6796875000 0.0000000000 0.0000000000
v 0.6640625000 0.0000000000 0.0000000000
v 0.7109375000 0.0000000000 0.0000000000
v 0.6953125000 0.0000000000 0.0000000000
v 0.7421875000 0.0000000000 0.0000000000
v 0.7265625000 0.0000000000 0.0000000000
v 0.5234375000 0.0000000000 0.0000000000
v 0.5078125000 0.0000000000 0.0000000000
v 0.5546875000 0.0000000000 0.0000000000
v 0.5390625000 0.0000000000 0.0000000000
v 0.5859375000 0.0000000000 0.0000000000
v 0.5703125000 0.0000000000 0.0000000000
v 0.6171875000 0.0000000000 0.0000000000
v 0.6015625000 0.0000000000 0.0000000000
v 0.9648437500 0.0608924112 0.0000000000
v 0.9570312500 0.0744240581 0.0000000000
v 0.9492187500 0.0879557051 0.0000000000
v 0.9414062500 0.1014873520 0.0000000000
v 0.8984375000 0.0000000000 0.0000000000
v 0.8828125000 0.0000000000 0.0000000000
v 0.9296875000 0.0000000000 0.0000000000
v 0.9140625000 0.0000000000 0.0000000000
v 0.9609375000 0.0000000000 0.0000000000
v 0.9453125000 0.0000000000 0.0000000000
v 0.9960937500 0.0067658235 0.0000000000
v 0.9921875000 0.0000000000 0.0000000000
v 0.9882812500 0.0202974704 0.0000000000
v 0.9765625000 0.0000000000 0.0000000000
v 0.9804687500 0.0338291173 0.0000000000
v 0.9726562500 0.0473607643 0.0000000000
v 0.9023437500 0.1691455867 0.0000000000
v 0.8945312500 0.1826772336 0.0000000000
v 0.8867187500 0.1962088805 0.0000000000
v 0.8789062500 0.2097405275 0.0000000000
v 0.9335937500 0.1150189989 0.0000000000
v 0.9257812500 0.1285506459 0.0000000000
v 0.9179687500 0.1420822928 0.0000000000
v 0.9101562500 0.1556139397 0.0000000000
v 0.7734375000 0.0000000000 0.0000000000
v 0.7578125000 0.0000000000 0.0000000000
v 0.8046875000 0.0000000000 0.0000000000
v 0.7890625000 0.0000000000 0.0000000000
v 0.8359375000 0.0000000000 0.0000000000
v 0.8203125000 0.0000000000 0.0000000000
v 0.8671875000 0.0000000000 0.0000000000
v 0.8515625000 0.0000000000 0.0000000000
v 0.8398437500 0.2773987621 0.0000000000
v 0.8320312500 0.2909304091 0.0000000000
v 0.8242187500 0.3044620560 0.0000000000
v 0.8164062500 0.3179937030 0.0000000000
v 0.8710937500 0.2232721744 0.0000000000
v 0.8632812500 0.2368038213 0.0000000000
v 0.8554687500 0.2503354683 0.0000000000
v 0.8476562500 0.2638671152 0.0000000000
v 0.7773437500 0.3856519376 0.0000000000
v 0.7695312500 0.3991835846 0.0000000000
v 0.7617187500 0.4127152315 0.0000000000
v 0.7539062500 0.4262468784 0.0000000000
v 0.8085937500 0.3315253499 0.0000000000
v 0.8007812500 0.3450569968 0.0000000000
v 0.7929687500 0.3585886438 0.0000000000
v 0.7851562500 0.3721202907 0.0000000000
f 2146 2147 2148
f 2149 2150 2151
f 2152 2153 2154
f 2155 2156 2157
f 2158 2159 2160
f 2161 2162 2163
f 2164 2165 2166
f 2167 2168 2169
f 2170 2171 2172
f 2173 2174 2175
f 2176 2177 2178
f 2179 2180 2181
f 2182 2183 2184
f 2185 2186 2187
f 2188 2189 2190
f 2191 2192 2193
f 2194 2195 2196
f 2197 2198 2199
f 2200 2201 2202
f 2203 2204 2205
f 2206 2207 2208
f 2209 2210 2211
f 2212 2213 2214
f 2215 2216 2217
f 2218 2219 2220
f 2221 2222 2223
f 2224 2225 2226
f 2227 2228 2229
f 2230 2231 2232
f 2233 2234 2235
f 2236 2237 2238
f 2239 2240 2241
f 2242 2243 2244
f 2245 2246 2247
f 2248 2249 2250
f 2251 2252 2253
f 2254 2255 2256
f 2257 2258 2259
f 2260 2261 2262
f 2263 2264 2265
f 2266 2267 2268
f 2269 2270 2271
f 2272 2273 2274
f 2275 2276 2277
f 2278 2279 2280
f 2281 2282 2283
f 2284 2285 2286
f 2287 2288 2289
f 2290 2291 2292
f 2293 2294 2295
f 2296 2297 2298
f 2299 2300 2301
f 2302 2303 2304
f 2305 2306 2307
f 2308 2309 2310
f 2311 2312 2313
f 2314 2315 2316
f 2317 2318 2319
f 2320 2321 2322
f 2323 2324 2325
f 2326 2327 2328
f 2329 2330 2331
f 2332 2333 2334
f 2335 2336 2337
f 2338 2339 2340
f 2341 2342 2343
f 2344 2345 2346
f 2347 2348 2349
f 2350 2351 2352
f 2353 2354 2355
f 2356 2357 2358
f 2359 2360 2361
f 2362 2363 2364
f 2365 2366 2367
f 2368 2369 2370
f 2371 2372 2373
f 2374 2375 2376
f 2377 2378 2379
f 2380 2381 2382
f 2383 2384 2385
f 2386 2387 2388
f 2389 2390 2391
f 2392 2393 2394
f 2395 2396 2397
f 2398 2399 2400
f 2401 2402 2403
f 2404 2405 2406
f 2407 2408 2409
f 2410 2411 2412
f 2413 2414 2415
f 2416 2417 2418
f 2419 2420 2421
f 2422 2423 2424
f 2425 2426 2427
f 2428 2429 2430
f 2431 2432 2433
f 2434 2435 2436
f 2437 2438 2439
f 2440 2441 2442
f 2443 2444 2445
f 2446 2447 2448
f 2449 2450 2451
f 2452 2453 2454
f 2455 2456 2457
f 2458 2459 2460
f 2461 2462 2463
f 2464 2465 2466
f 2467 2468 2469
f 2470 2471 2472
f 2473 2474 2475
f 2476 2477 2478
f 2479 2480 2481
f 2482 2483 2484
f 2485 2486 2487
f 2488 2489 2490
f 2491 2492 2493
f 2494 2495 2496
f 2497 2498 2499
f 2500 2501 2502
f 2503 2504 2505
f 2506 2507 2508
f 2509 2510 2511
f 2512 2513 2514
f 2515 2516 2517
f 2518 2519 2520
f 2521 2522 2523
f 2524 2525 2526
f 2527 2528 2529
f 2530 2531 2532
f 2533 2534 2535
f 2536 2537 2538
f 2539 2540 2541
f 2542 2543 2544
f 2545 2546 2547
f 2548 2549 2550
f 2551 2552 2553
f 2554 2555 2556
f 2557 2558 2559
f 2560 2561 2562
f 2563 2564 2565
f 2566 2567 2568
f 2569 2570 2571
f 2572 2573 2574
f 2575 2576 2577
f 2578 2579 2580
f 2581 2582 2583
f 2584 2585 2586
f 2587 2588 2589
f 2590 2591 2592
f 2593 2594 2595
f 2596 2597 2598
f 2599 2600 2601
f 2602 2603 2604
f 2605 2606 2607
f 2608 2609 2610
f 2611 2612 2613
f 2614 2615 2616
f 2617 2618 2619
f 2620 2621 2622
f 2623 2624 2625
f 2626 2627 2628
f 2629 2630 2631
f 2632 2633 2634
f 2635 2636 2637
f 2638 2639 2640
f 2641 2642 2643
f 2644 2645 2646
f 2647 2648 2649
f 2650 2651 2652
f 2653 2654 2655
f 2656 2657 2658
f 2659 2660 2661
f 2662 2663 2664
f 2665 2666 2667
f 2668 2669 2670
f 2671 2672 2673
f 2674 2675 2676
f 2677 2678 2679
f 2680 2681 2682
f 2683 2684 2685
f 2686 2687 2688
f 2689 2690 2691
f 2692 2693 2694
f 2695 2696 2697
f 2698 2699 2700
f 2701 2702 2703
f 2704 2705 2706
f 2707 2708 2709
f 2710 2711 2712
f 2713 2714 2715
f 2716 2717 2718
f 2719 2720 2721
f 2722 2723 2724
f 2725 2726 2727
f 2728 2729 2730
f 2731 2732 2733
f 2734 2735 2736
f 2737 2738 2739
f 2740 2741 2742
f 2743 2744 2745
f 2746 2747 2748
f 2749 2750 2751
f 2752 2753 2754
f 2755 2756 2757
f 2758 2759 2760
f 2761 2762 2763
f 2764 2765 2766
f 2767 2768 2769
f 2770 2771 2772
f 2773 2774 2775
f 2776 2777 2778
f 2779 2780 2781
f 2782 2783 2784
f 2785 2786 2787
f 2788 2789 2790
f 2791 2792 2793
f 2794 2795 2796
f 2797 2798 2799
f 2800 2801 2802
f 2803 2804 2805
f 2806 2807 2808
f 2809 2810 2811
f 2812 2813 2814
f 2815 2816 2817
f 2818 2819 2820
f 2821 2822 2823
f 2824 2825 2826
f 2827 2828 2829
f 2830 2831 2832
f 2833 2834 2835
f 2836 2837 2838
f 2839 2840 2841
f 2842 2843 2844
f 2845 2846 2847
f 2848 2849 2850
f 2851 2852 2853
f 2854 2855 2856
f 2857 2858 2859
f 2860 2861 2862
f 2863 2864 2865
f 2866 2867 2868
f 2869 2870 2871
f 2872 2873 2874
f 2875 2876 2877
f 2878 2879 2880
f 2881 2882 2883
f 2884 2885 2886
f 2887 2888 2889
f 2890 2891 2892
f 2893 2894 2895
f 2896 2897 2898
f 2899 2900 2901
f 2902 2903 2904
f 2905 2906 2907
f 2908 2909 2910
f 2911 2912 2913
f 2914 2915 2916
f 2917 2918 2919
f 2920 2921 2922
f 2923 2924 2925
f 2926 2927 2928
f 2929 2930 2931
f 2932 2933 2934
f 2935 2936 2937
f 2938 2939 2940
f 2941 2942 2943
f 2944 2945 2946
f 2947 2948 2949
f 2950 2951 2952
f 2953 2954 2955
f 2956 2957 2958
f 2959 2960 2961
f 2962 2963 2964
f 2965 2966 2967
f 2968 2969 2970
f 2971 2972 2973
f 2974 2975 2976
f 2977 2978 2979
f 2980 2981 2982
f 2983 2984 2985
f 2986 2987 2988
f 2989 2990 2991
f 2992 2993 2994
f 2995 2996 2997
f 2998 2999 3000
f 3001 3002 3003
f 3004 3005 3006
f 3007 3008 3009
f 3010 3011 3012
f 3013 3014 3015
f 3016 3017 3018
f 3019 3020 3021
f 3022 3023 3024
f 3025 3026 3027
f 3028 3029 3030
f 3031 3032 3033
f 3034 3035 3036
f 3037 3038 3039
f 3040 3041 3042
f 3043 3044 3045
f 3046 3047 3048
f 3049 3050 3051
f 3052 3053 3054
f 3055 3056 3057
f 3058 3059 3060
f 3061 3062 3063
f 3064 3065 3066
f 3067 3068 3069
f 3070 3071 3072
f 3073 3074 3075
f 3076 3077 3078
f 3079 3080 3081
f 3082 3083 3084
f 3085 3086 3087
f 3088 3089 3090
f 3091 3092 3093
f 3094 3095 3096
f 3097 3098 3099
f 3100 3101 3102
f 3103 3104 3105
f 3106 3107 3108
f 3109 3110 3111
f 3112 3113 3114
f 3115 3116 3117
f 3118 3119 3120
f 3121 3122 3123
f 3124 3125 3126
f 3127 3128 3129
f 3130 3131 3132
f 3133 3134 3135
f 3136 3137 3138
f 3139 3140 3141
f 3142 3143 3144
f 3145 3146 3147
f 3148 3149 3150
f 3151 3152 3153
f 3154 3155 3156
f 3157 3158 3159
f 3160 3161 3162
f 3163 3164 3165
f 3166 3167 3168
f 3169 3170 3171
f 3172 3173 3174
f 3175 3176 3177
f 3178 3179 3180
f 3181 3182 3183
f 3184 3185 3186
f 3187 3188 3189
f 3190 3191 3192
f 3193 3194 3195
f 3196 3197 3198
f 3199 3200 3201
f 3202 3203 3204
f 3205 3206 3207
f 3208 3209 3210
f 3211 3212 3213
f 3214 3215 3216
f 3217 3218 3219
f 3220 3221 3222
f 3223 3224 3225
f 3226 3227 3228
f 3229 3230 3231
f 3232 3233 3234
f 3235 3236 3237
f 3238 3239 3240
f 3241 3242 3243
f 3244 3245 3246
f 3247 3248 3249
f 3250 3251 3252
f 3253 3254 3255
f 3256 3257 3258
f 3259 3260 3261
f 3262 3263 3264
f 3265 3266 3267
f 3268 3269 3270
f 3271 3272 3273
f 3274 3275 3276
f 3277 3278 3279
f 3280 3281 3282
f 3283 3284 3285
f 3286 3287 3288
f 3289 3290 3291
f 3292 3293 3294
f 3295 3296 3297
f 3298 3299 3300
f 3301 3302 3303
f 3304 3305 3306
f 3307 3308 3309
f 3310 3311 3312
f 3313 3314 3315
f 3316 3317 3318
f 3319 3320 3321
f 3322 3323 3324
f 3325 3326 3327
f 3328 3329 3330
f 3331 3332 3333
f 3334 3335 3336
f 3337 3338 3339
f 3340 3341 3342
f 3343 3344 3345
f 3346 3347 3348
f 3349 3350 3351
f 3352 3353 3354
f 3355 3356 3357
f 3358 3359 3360
f 3361 3362 3363
f 3364 3365 3366
f 3367 3368 3369
f 3370 3371 3372
f 3373 3374 3375
f 3376 3377 3378
f 3379 3380 3381
f 3382 3383 3384
f 3385 3386 3387
f 3388 3389 3390
f 3391 3392 3393
f 3394 3395 3396
f 3397 3398 3399
f 3400 3401 3402
f 3403 3404 3405
f 3406 3407 3408
f 3409 3410 3411
f 3412 3413 3414
f 3415 3416 3417
f 3418 3419 3420
f 3421 3422 3423
f 3424 3425 3426
f 3427 3428 3429
f 3430 3431 3432
f 3433 3434 3435
f 3436 3437 3438
f 3439 3440 3441
f 3442 3443 3444
f 3445 3446 3447
f 3448 3449 3450
f 3451 3452 3453
f 3454 3455 3456
f 3457 3458 3459
f 3460 3461 3462
f 3463 3464 3465
f 3466 3467 3468
f 3469 3470 3471
f 3472 3473 3474
f 3475 3476 3477
f 3478 3479 3480
f 3481 3482 3483
f 3484 3485 3486
f 3487 3488 3489
f 3490 3491 3492
f 3493 3494 3495
f 3496 3497 3498
f 3499 3500 3501
f 3502 3503 3504
f 3505 3506 3507
f 3508 3509 3510
f 3511 3512 3513
f 3514 3515 3516
f 3517 3518 3519
f 3520 3521 3522
f 3523 3524 3525
f 3526 3527 3528
f 3529 3530 3531
f 3532 3533 3534
f 3535 3536 3537
f 3538 3539 3540
f 3541 3542 3543
f 3544 3545 3546
f 3547 3548 3549
f 3550 3551 3552
f 3553 3554 3555
f 3556 3557 3558
f 3559 3560 3561
f 3562 3563 3564
f 3565 3566 3567
f 3568 3569 3570
f 3571 3572 3573
f 3574 3575 3576
f 3577 3578 3579
f 3580 3581 3582
f 3583 3584 3585
f 3586 3587 3588
f 3589 3590 3591
f 3592 3593 3594
f 3595 3596 3597
f 3598 3599 3600
f 3601 3602 3603
f 3604 3605 3606
f 3607 3608 3609
f 3610 3611 3612
f 3613 3614 3615
f 3616 3617 3618
f 3619 3620 3621
f 3622 3623 3624
f 3625 3626 3627
f 3628 3629 3630
f 3631 3632 3633
f 3634 3635 3636
f 3637 3638 3639
f 3640 3641 3642
f 3643 3644 3645
f 3646 3647 3648
f 3649 3650 3651
f 3652 3653 3654
f 3655 3656 3657
f 3658 3659 3660
f 3661 3662 3663
f 3664 3665 3666
f 3667 3668 3669
f 3670 3671 3672
f 3673 3674 3675
f 3676 3677 3678
f 3679 3680 3681
f 3682 3683 3684
f 3685 3686 3687
f 3688 3689 3690
f 3691 3692 3693
f 3694 3695 3696
f 3697 3698 3699
f 3700 3701 3702
f 3703 3704 3705
f 3706 3707 3708
f 3709 3710 3711
f 3712 3713 3714
f 3715 3716 3717
f 3718 3719 3720
f 3721 3722 3723
f 3724 3725 3726
f 3727 3728 3729
f 3730 3731 3732
f 3733 3734 3735
f 3736 3737 3738
f 3739 3740 3741
f 3742 3743 3744
f 3745 3746 3747
f 3748 3749 3750
f 3751 3752 3753
f 3754 3755 3756
f 3757 3758 3759
f 3760 3761 3762
f 3763 3764 3765
f 3766 3767 3768
f 3769 3770 3771
f 3772 3773 3774
f 3775 3776 3777
f 3778 3779 3780
f 3781 3782 3783
f 3784 3785 3786
f 3787 3788 3789
f 3790 3791 3792
f 3793 3794 3795
f 3796 3797 3798
f 3799 3800 3801
f 3802 3803 3804
f 3805 3806 3807
f 3808 3809 3810
f 3811 3812 3813
f 3814 3815 3816
f 3817 3818 3819
f 3820 3821 3822
f 3823 3824 3825
f 3826 3827 3828
f 3829 3830 3831
f 3832 3833 3834
f 3835 3836 3837
f 3838 3839 3840
f 3841 3842 3843
f 3844 3845 3846
f 3847 3848 3849
f 3850 3851 3852
f 3853 3854 3855
f 3856 3857 3858
f 3859 3860 3861
f 3862 3863 3864
f 3865 3866 3867
f 3868 3869 3870
f 3871 3872 3873
f 3874 3875 3876
f 3877 3878 3879
f 3880 3881 3882
f 3883 3884 3885
f 3886 3887 3888
f 3889 3890 3891
f 3892 3893 3894
f 3895 3896 3897
f 3898 3899 3900
f 3901 3902 3903
f 3904 3905 3906
f 3907 3908 3909
f 3910 3911 3912
f 3913 3914 3915
f 3916 3917 3918
f 3919 3920 3921
f 3922 3923 3924
f 3925 3926 3927
f 3928 3929 3930
f 3931 3932 3933
f 3934 3935 3936
f 3937 3938 3939
f 3940 3941 3942
f 3943 3944 3945
f 3946 3947 3948
f 3949 3950 3951
f 3952 3953 3954
f 3955 3956 3957
f 3958 3959 3960
f 3961 3962 3963
f 3964 3965 3966
f 3967 3968 3969
f 3970 3971 3972
f 3973 3974 3975
f 3976 3977 3978
f 3979 3980 3981
f 3982 3983 3984
f 3985 3986 3987
f 3988 3989 3990
f 3991 3992 3993
f 3994 3995 3996
f 3997 3998 3999
f 4000 4001 4002
f 4003 4004 4005
f 4006 4007 4008
f 4009 4010 4011
f 4012 4013 4014
f 4015 4016 4017
f 4018 4019 4020
f 4021 4022 4023
f 4024 4025 4026
f 4027 4028 4029
f 4030 4031 4032
f 4033 4034 4035
f 4036 4037 4038
f 4039 4040 4041
f 4042 4043 4044
f 4045 4046 4047
f 4048 4049 4050
f 4051 4052 4053
f 4054 4055 4056
f 4057 4058 4059
f 4060 4061 4062
f 4063 4064 4065
f 4066 4067 4068
f 4069 4070 4071
f 4072 4073 4074
f 4075 4076 4077
f 4078 4079 4080
f 4081 4082 4083
f 4084 4085 4086
f 4087 4088 4089
f 4090 4091 4092
f 4093 4094 4095
f 4096 4097 4098
f 4099 4100 4101
f 4102 4103 4104
f 4105 4106 4107
f 4108 4109 4110
f 4111 4112 4113
f 4114 4115 4116
f 4117 4118 4119
f 4120 4121 4122
f 4123 4124 4125
f 4126 4127 4128
f 4129 4130 4131
f 4132 4133 4134
f 4135 4136 4137
f 4138 4139 4140
f 4141 4142 4143
f 4144 4145 4146
f 4147 4148 4149
f 4150 4151 4152
f 4153 4154 4155
f 4156 4157 4158
f 4159 4160 4161
f 4162 4163 4164
f 4165 4166 4167
f 4168 4169 4170
f 4171 4172 4173
f 4174 4175 4176
f 4177 4178 4179
f 4180 4181 4182
f 4183 4184 4185
f 4186 4187 4188
f 4189 4190 4191
f 4192 4193 4194
f 4195 4196 4197
f 4198 4199 4200
f 4201 4202 4203
f 4204 4205 4206
f 4207 4208 4209
f 4210 4211 4212
f 4213 4214 4215
f 4216 4217 4218
f 4219 4220 4221
f 4222 4223 4224
f 4225 4226 4227
f 4228 4229 4230
f 4231 4232 4233
f 4234 4235 4236
f 4237 4238 4239
f 4240 4241 4242
f 4243 4244 4245
f 4246 4247 4248
f 4249 4250 4251
f 4252 4253 4254
f 4255 4256 4257
f 4258 4259 4260
f 4261 4262 4263
f 4264 4265 4266
f 4267 4268 4269
f 4270 4271 4272
f 4273 4274 4275
f 4276 4277 4278
f 4279 4280 4281
f 4282 4283 4284
f 4285 4286 4287
f 4288 4289 4290
f 4291 4292 4293
f 4294 4295 4296
f 4297 4298 4299
f 4300 4301 4302
f 4303 4304 4305
f 4306 4307 4308
f 4309 4310 4311
f 4312 4313 4314
f 4315 4316 4317
f 4318 4319 4320
f 4321 4322 4323
f 4324 4325 4326
f 4327 4328 4329
f 4330 4331 4332
f 4333 4334 4335
f 4336 4337 4338
f 4339 4340 4341
f 4342 4343 4344
f 4345 4346 4347
f 4348 4349 4350
f 4351 4352 4353
f 4354 4355 4356
f 4357 4358 4359
f 4360 4361 4362
f 4363 4364 4365
f 4366 4367 4368
f 4369 4370 4371
f 4372 4373 4374
f 4375 4376 4377
f 4378 4379 4380
f 4381 4382 4383
f 4384 4385 4386
f 4387 4388 4389
f 4390 4391 4392
f 4393 4394 4395
f 4396 4397 4398
f 4399 4400 4401
f 4402 4403 4404
f 4405 4406 4407
f 4408 4409 4410
f 4411 4412 4413
f 4414 4415 4416
f 4417 4418 4419
f 4420 4421 4422
f 4423 4424 4425
f 4426 4427 4428
f 4429 4430 4431
f 4432 4433 4434
f 4435 4436 4437
f 4438 4439 4440
f 4441 4442 4443
f 4444 4445 4446
f 4447 4448 4449
f 4450 4451 4452
f 4453 4454 4455
f 4456 4457 4458
f 4459 4460 4461
f 4462 4463 4464
f 4465 4466 4467
f 4468 4469 4470
f 4471 4472 4473
f 4474 4475 4476
f 4477 4478 4479
f 4480 4481 4482
f 4483 4484 4485
f 4486 4487 4488
f 4489 4490 4491
f 4492 4493 4494
f 4495 4496 4497
f 4498 4499 4500
f 4501 4502 4503
f 4504 4505 4506
f 4507 4508 4509
f 4510 4511 4512
f 4513 4514 4515
f 4516 4517 4518
f 4519 4520 4521
f 4522 4523 4524
f 4525 4526 4527
f 4528 4529 4530
f 4531 4532 4533
f 4534 4535 4536
f 4537 4538 4539
f 4540 4541 4542
f 4543 4544 4545
f 4546 4547 4548
f 4549 4550 4551
f 4552 4553 4554
f 4555 4556 4557
f 4558 4559 4560
f 4561 4562 4563
f 4564 4565 4566
f 4567 4568 4569
f 4570 4571 4572
f 4573 4574 4575
f 4576 4577 4578
f 4579 4580 4581
f 4582 4583 4584
f 4585 4586 4587
f 4588 4589 4590
f 4591 4592 4593
f 4594 4595 4596
f 4597 4598 4599
f 4600 4601 4602
f 4603 4604 4605
f 4606 4607 4608
f 4609 4610 4611
f 4612 4613 4614
f 4615 4616 4617
f 4618 4619 4620
f 4621 4622 4623
f 4624 4625 4626
f 4627 4628 4629
f 4630 4631 4632
f 4633 4634 4635
f 4636 4637 4638
f 4639 4640 4641
f 4642 4643 4644
f 4645 4646 4647
f 4648 4649 4650
f 4651 4652 4653
f 4654 4655 4656
f 4657 4658 4659
f 4660 4661 4662
f 4663 4664 4665
f 4666 4667 4668
f 4669 4670 4671
f 4672 4673 4674
f 4675 4676 4677
f 4678 4679 4680
f 4681 4682 4683
f 4684 4685 4686
f 4687 4688 4689
f 4690 4691 4692
f 4693 4694 4695
f 4696 4697 4698
f 4699 4700 4701
f 4702 4703 4704
f 4705 4706 4707
f 4708 4709 4710
f 4711 4712 4713
f 4714 4715 4716
f 4717 4718 4719
f 4720 4721 4722
f 4723 4724 4725
f 4726 4727 4728
f 4729 4730 4731
f 4732 4733 4734
f 4735 4736 4737
f 4738 4739 4740
f 4741 4742 4743
f 4744 4745 4746
f 4747 4748 4749
f 4750 4751 4752
f 4753 4754 4755
f 4756 4757 4758
f 4759 4760 4761
f 4762 4763 4764
f 4765 4766 4767
f 4768 4769 4770
f 4771 4772 4773
f 4774 4775 4776
f 4777 4778 4779
f 4780 4781 4782
f 4783 4784 4785
f 4786 4787 4788
f 4789 4790 4791
f 4792 4793 4794
f 4795 4796 4797
f 4798 4799 4800
f 4801 4802 4803
f 4804 4805 4806
f 4807 4808 4809
f 4810 4811 4812
f 4813 4814 4815
f 4816 4817 4818
f 4819 4820 4821
f 4822 4823 4824
f 4825 4826 4827
f 4828 4829 4830
f 4831 4832 4833
f 4834 4835 4836
f 4837 4838 4839
f 4840 4841 4842
f 4843 4844 4845
f 4846 4847 4848
f 4849 4850 4851
f 4852 4853 4854
f 4855 4856 4857
f 4858 4859 4860
f 4861 4862 4863
f 4864 4865 4866
f 4867 4868 4869
f 4870 4871 4872
f 4873 4874 4875
f 4876 4877 4878
f 4879 4880 4881
f 4882 4883 4884
f 4885 4886 4887
f 4888 4889 4890
f 4891 4892 4893
f 4894 4895 4896
f 4897 4898 4899
f 4900 4901 4902
f 4903 4904 4905
f 4906 4907 4908
f 4909 4910 4911
f 4912 4913 4914
f 4915 4916 4917
f 4918 4919 4920
f 4921 4922 4923
f 4924 4925 4926
f 4927 4928 4929
f 4930 4931 4932
f 4933 4934 4935
f 4936 4937 4938
f 4939 4940 4941
f 4942 4943 4944
f 4945 4946 4947
f 4948 4949 4950
f 4951 4952 4953
f 4954 4955 4956
f 4957 4958 4959
f 4960 4961 4962
f 4963 4964 4965
f 4966 4967 4968
f 4969 4970 4971
f 4972 4973 4974
f 4975 4976 4977
f 4978 4979 4980
f 4981 4982 4983
f 4984 4985 4986
f 4987 4988 4989
f 4990 4991 4992
f 4993 4994 4995
f 4996 4997 4998
f 4999 5000 5001
f 5002 5003 5004
f 5005 5006 5007
f 5008 5009 5010
f 5011 5012 5013
f 5014 5015 5016
f 5017 5018 5019
f 5020 5021 5022
f 5023 5024 5025
f 5026 5027 5028
f 5029 5030 5031
f 5032 5033 5034
f 5035 5036 5037
f 5038 5039 5040
f 5041 5042 5043
f 5044 5045 5046
f 5047 5048 5049
f 5050 5051 5052
f 5053 5054 5055
f 5056 5057 5058
f 5059 5060 5061
f 5062 5063 5064
f 5065 5066 5067
f 5068 5069 5070
f 5071 5072 5073
f 5074 5075 5076
f 5077 5078 5079
f 5080 5081 5082
f 5083 5084 5085
f 5086 5087 5088
f 5089 5090 5091
f 5092 5093 5094
f 5095 5096 5097
f 5098 5099 5100
f 5101 5102 5103
f 5104 5105 5106
f 5107 5108 5109
f 5110 5111 5112
f 5113 5114 5115
f 5116 5117 5118
f 5119 5120 5121
f 5122 5123 5124
f 5125 5126 5127
f 5128 5129 5130
f 5131 5132 5133
f 5134 5135 5136
f 5137 5138 5139
f 5140 5141 5142
f 5143 5144 5145
f 5146 5147 5148
f 5149 5150 5151
f 5152 5153 5154
f 5155 5156 5157
f 5158 5159 5160
f 5161 5162 5163
f 5164 5165 5166
f 5167 5168 5169
f 5170 5171 5172
f 5173 5174 5175
f 5176 5177 5178
f 5179 5180 5181
f 5182 5183 5184
f 5185 5186 5187
f 5188 5189 5190
f 5191 5192 5193
f 5194 5195 5196
f 5197 5198 5199
f 5200 5201 5202
f 5203 5204 5205
f 5206 5207 5208
f 5209 5210 5211
f 5212 5213 5214
f 5215 5216 5217
f 5218 2148 5219
f 5220 5221 2146
f 2147 5222 5223
f 5224 2151 5225
f 5226 5227 2149
f 2150 5228 5229
f 5230 2154 5231
f 5232 5233 2152
f 2153 5234 5235
f 5236 2157 5237
f 5238 5239 2155
f 2156 5240 5241
f 5242 2160 5243
f 5244 5245 2158
f 2159 5246 5247
f 5248 2163 5249
f 5250 5251 2161
f 2162 5252 5253
f 5254 2166 5255
f 5256 5257 2164
f 2165 5258 5259
f 5260 2169 5261
f 5262 5263 2167
f 2168 5264 5265
f 5266 2172 5267
f 5268 5269 2170
f 2171 5270 5271
f 5272 2175 5273
f 5274 5275 2173
f 2174 5276 5277
f 5278 2178 5279
f 5280 5281 2176
f 2177 5282 5283
f 5284 2181 5285
f 5286 5287 2179
f 2180 5288 5289
f 5290 2184 5291
f 5292 5293 2182
f 2183 5294 5295
f 5296 2187 5297
f 5298 5299 2185
f 2186 5300 5301
f 5302 2190 5303
f 5304 5305 2188
f 2189 5306 5307
f 5308 2193 5309
f 5310 5311 2191
f 2192 5312 5313
f 5314 2196 5315
f 5316 5317 2194
f 2195 5318 5319
f 5320 2199 5321
f 5322 5323 2197
f 2198 5324 5325
f 5326 2202 5327
f 5328 5329 2200
f 2201 5330 5331
f 5332 2205 5333
f 5334 5335 2203
f 2204 5336 5337
f 5338 2208 5339
f 5340 5341 2206
f 2207 5342 5343
f 5344 2211 5345
f 5346 5347 2209
f 2210 5348 5349
f 5350 2214 5351
f 5352 5353 2212
f 2213 5354 5355
f 5356 2217 5357
f 5358 5359 2215
f 2216 5360 5361
f 5362 2220 5363
f 5364 5365 2218
f 2219 5366 5367
f 5368 2223 5369
f 5370 5371 2221
f 2222 5372 5373
f 5374 2226 5375
f 5376 5377 2224
f 2225 5378 5379
f 5380 2229 5381
f 5382 5383 2227
f 2228 5384 5385
f 5386 2232 5387
f 5388 5389 2230
f 2231 5390 5391
f 5392 2235 5393
f 5394 5395 2233
f 2234 5396 5397
f 5398 2238 5399
f 5400 5401 2236
f 2237 5402 5403
f 5404 2241 5405
f 5406 5407 2239
f 2240 5408 5409
f 5410 2244 5411
f 5412 5413 2242
f 2243 5414 5415
f 5416 2247 5417
f 5418 5419 2245
f 2246 5420 5421
f 5422 2250 5423
f 5424 5425 2248
f 2249 5426 5427
f 5428 2253 5429
f 5430 5431 2251
f 2252 5432 5433
f 5434 2256 5435
f 5436 5437 2254
f 2255 5438 5439
f 5440 2259 5441
f 5442 5443 2257
f 2258 5444 5445
f 5446 2262 5447
f 5448 5449 2260
f 2261 5450 5451
f 5452 2265 5453
f 5454 5455 2263
f 2264 5456 5457
f 5458 2268 5459
f 5460 5461 2266
f 2267 5462 5463
f 5464 2271 5465
f 5466 5467 2269
f 2270 5468 5469
f 5470 2274 5471
f 5472 5473 2272
f 2273 5474 5475
f 5476 2277 5477
f 5478 5479 2275
f 2276 5480 5481
f 5482 2280 5483
f 5484 5485 2278
f 2279 5486 5487
f 5488 2283 5489
f 5490 5491 2281
f 2282 5492 5493
f 5494 2286 5495
f 5496 5497 2284
f 2285 5498 5499
f 5500 2289 5501
f 5502 5503 2287
f 2288 5504 5505
f 5506 2292 5507
f 5508 5509 2290
f 2291 5510 5511
f 5512 2295 5513
f 5514 5515 2293
f 2294 5516 5517
f 5518 2298 5519
f 5520 5521 2296
f 2297 5522 5523
f 5524 2301 5525
f 5526 5527 2299
f 2300 5528 5529
f 5530 2304 5531
f 5532 5533 2302
f 2303 5534 5535
f 5536 2307 5537
f 5538 5539 2305
f 2306 5540 5541
f 5542 2310 5543
f 5544 5545 2308
f 2309 5546 5547
f 5548 2313 5549
f 5550 5551 2311
f 2312 5552 5553
f 5554 2316 5555
f 5556 5557 2314
f 2315 5558 5559
f 5560 2319 5561
f 5562 5563 2317
f 2318 5564 5565
f 5566 2322 5567
f 5568 5569 2320
f 2321 5570 5571
f 5572 2325 5573
f 5574 5575 2323
f 2324 5576 5577
f 5578 2328 5579
f 5580 5581 2326
f 2327 5582 5583
f 5584 2331 5585
f 5586 5587 2329
f 2330 5588 5589
f 5590 2334 5591
f 5592 5593 2332
f 2333 5594 5595
f 5596 2337 5597
f 5598 5599 2335
f 2336 5600 5601
f 5602 2340 5603
f 5604 5605 2338
f 2339 5606 5607
f 5608 2343 5609
f 5610 5611 2341
f 2342 5612 5613
f 5614 2346 5615
f 5616 5617 2344
f 2345 5618 5619
f 5620 2349 5621
f 5622 5623 2347
f 2348 5624 5625
f 5626 2352 5627
f 5628 5629 2350
f 2351 5630 5631
f 5632 2355 5633
f 5634 5635 2353
f 2354 5636 5637
f 5638 2358 5639
f 5640 5641 2356
f 2357 5642 5643
f 5644 2361 5645
f 5646 5647 2359
f 2360 5648 5649
f 5650 2364 5651
f 5652 5653 2362
f 2363 5654 5655
f 5656 2367 5657
f 5658 5659 2365
f 2366 5660 5661
f 5662 2370 5663
f 5664 5665 2368
f 2369 5666 5667
f 5668 2373 5669
f 5670 5671 2371
f 2372 5672 5673
f 5674 2376 5675
f 5676 5677 2374
f 2375 5678 5679
f 5680 2379 5681
f 5682 5683 2377
f 2378 5684 5685
f 5686 2382 5687
f 5688 5689 2380
f 2381 5690 5691
f 5692 2385 5693
f 5694 5695 2383
f 2384 5696 5697
f 5698 2388 5699
f 5700 5701 2386
f 2387 5702 5703
f 5704 2391 5705
f 5706 5707 2389
f 2390 5708 5709
f 5710 2394 5711
f 5712 5713 2392
f 2393 5714 5715
f 5716 2397 5717
f 5718 5719 2395
f 2396 5720 5721
f 5722 2400 5723
f 5724 5725 2398
f 2399 5726 5727
f 5728 2403 5729
f 5730 5731 2401
f 2402 5732 5733
f 5734 2406 5735
f 5736 5737 2404
f 2405 5738 5739
f 5740 2409 5741
f 5742 5743 2407
f 2408 5744 5745
f 5746 2412 5747
f 5748 5749 2410
f 2411 5750 5751
f 5752 2415 5753
f 5754 5755 2413
f 2414 5756 5757
f 5758 2418 5759
f 5760 5761 2416
f 2417 5762 5763
f 5764 2421 5765
f 5766 5767 2419
f 2420 5768 5769
f 5770 2424 5771
f 5772 5773 2422
f 2423 5774 5775
f 5776 2427 5777
f 5778 5779 2425
f 2426 5780 5781
f 5782 2430 5783
f 5784 5785 2428
f 2429 5786 5787
f 5788 2433 5789
f 5790 5791 2431
f 2432 5792 5793
f 5794 2436 5795
f 5796 5797 2434
f 2435 5798 5799
f 5800 2439 5801
f 5802 5803 2437
f 2438 5804 5805
f 5806 2442 5807
f 5808 5809 2440
f 2441 5810 5811
f 5812 2445 5813
f 5814 5815 2443
f 2444 5816 5817
f 5818 2448 5819
f 5820 5821 2446
f 2447 5822 5823
f 5824 2451 5825
f 5826 5827 2449
f 2450 5828 5829
f 5830 2454 5831
f 5832 5833 2452
f 2453 5834 5835
f 5836 2457 5837
f 5838 5839 2455
f 2456 5840 5841
f 5842 2460 5843
f 5844 5845 2458
f 2459 5846 5847
f 5848 2463 5849
f 5850 5851 2461
f 2462 5852 5853
f 5854 2466 5855
f 5856 5857 2464
f 2465 5858 5859
f 5860 2469 5861
f 5862 5863 2467
f 2468 5864 5865
f 5866 2472 5867
f 5868 5869 2470
f 2471 5870 5871
f 5872 2475 5873
f 5874 5875 2473
f 2474 5876 5877
f 5878 2478 5879
f 5880 5881 2476
f 2477 5882 5883
f 5884 2481 5885
f 5886 5887 2479
f 2480 5888 5889
f 5890 2484 5891
f 5892 5893 2482
f 2483 5894 5895
f 5896 2487 5897
f 5898 5899 2485
f 2486 5900 5901
f 5902 2490 5903
f 5904 5905 2488
f 2489 5906 5907
f 5908 2493 5909
f 5910 5911 2491
f 2492 5912 5913
f 5914 2496 5915
f 5916 5917 2494
f 2495 5918 5919
f 5920 2499 5921
f 5922 5923 2497
f 2498 5924 5925
f 5926 2502 5927
f 5928 5929 2500
f 2501 5930 5931
f 5932 2505 5933
f 5934 5935 2503
f 2504 5936 5937
f 5938 2508 5939
f 5940 5941 2506
f 2507 5942 5943
f 5944 2511 5945
f 5946 5947 2509
f 2510 5948 5949
f 5950 2514 5951
f 5952 5953 2512
f 2513 5954 5955
f 5956 2517 5957
f 5958 5959 2515
f 2516 5960 5961
f 5962 2520 5963
f 5964 5965 2518
f 2519 5966 5967
f 5968 2523 5969
f 5970 5971 2521
f 2522 5972 5973
f 5974 2526 5975
f 5976 5977 2524
f 2525 5978 5979
f 5980 2529 5981
f 5982 5983 2527
f 2528 5984 5985
f 5986 2532 5987
f 5988 5989 2530
f 2531 5990 5991
f 5992 2535 5993
f 5994 5995 2533
f 2534 5996 5997
f 5998 2538 5999
f 6000 6001 2536
f 2537 6002 6003
f 6004 2541 6005
f 6006 6007 2539
f 2540 6008 6009
f 6010 2544 6011
f 6012 6013 2542
f 2543 6014 6015
f 6016 2547 6017
f 6018 6019 2545
f 2546 6020 6021
f 6022 2550 6023
f 6024 6025 2548
f 2549 6026 6027
f 6028 2553 6029
f 6030 6031 2551
f 2552 6032 6033
f 6034 2556 6035
f 6036 6037 2554
f 2555 6038 6039
f 6040 2559 6041
f 6042 6043 2557
f 2558 6044 6045
f 6046 2562 6047
f 6048 6049 2560
f 2561 6050 6051
f 6052 2565 6053
f 6054 6055 2563
f 2564 6056 6057
f 6058 2568 6059
f 6060 6061 2566
f 2567 6062 6063
f 6064 2571 6065
f 6066 6067 2569
f 2570 6068 6069
f 6070 2574 6071
f 6072 6073 2572
f 2573 6074 6075
f 6076 2577 6077
f 6078 6079 2575
f 2576 6080 6081
f 6082 2580 6083
f 6084 6085 2578
f 2579 6086 6087
f 6088 2583 6089
f 6090 6091 2581
f 2582 6092 6093
f 6094 2586 6095
f 6096 6097 2584
f 2585 6098 6099
f 6100 2589 6101
f 6102 6103 2587
f 2588 6104 6105
f 6106 2592 6107
f 6108 6109 2590
f 2591 6110 6111
f 6112 2595 6113
f 6114 6115 2593
f 2594 6116 6117
f 6118 2598 6119
f 6120 6121 2596
f 2597 6122 6123
f 6124 2601 6125
f 6126 6127 2599
f 2600 6128 6129
f 6130 2604 6131
f 6132 6133 2602
f 2603 6134 6135
f 6136 2607 6137
f 6138 6139 2605
f 2606 6140 6141
f 6142 2610 6143
f 6144 6145 2608
f 2609 6146 6147
f 6148 2613 6149
f 6150 6151 2611
f 2612 6152 6153
f 6154 2616 6155
f 6156 6157 2614
f 2615 6158 6159
f 6160 2619 6161
f 6162 6163 2617
f 2618 6164 6165
f 6166 2622 6167
f 6168 6169 2620
f 2621 6170 6171
f 6172 2625 6173
f 6174 6175 2623
f 2624 6176 6177
f 6178 2628 6179
f 6180 6181 2626
f 2627 6182 6183
f 6184 2631 6185
f 6186 6187 2629
f 2630 6188 6189
f 6190 2634 6191
f 6192 6193 2632
f 2633 6194 6195
f 6196 2637 6197
f 6198 6199 2635
f 2636 6200 6201
f 6202 2640 6203
f 6204 6205 2638
f 2639 6206 6207
f 6208 2643 6209
f 6210 6211 2641
f 2642 6212 6213
f 6214 2646 6215
f 6216 6217 2644
f 2645 6218 6219
f 6220 2649 6221
f 6222 6223 2647
f 2648 6224 6225
f 6226 2652 6227
f 6228 6229 2650
f 2651 6230 6231
f 6232 2655 6233
f 6234 6235 2653
f 2654 6236 6237
f 6238 2658 6239
f 6240 6241 2656
f 2657 6242 6243
f 6244 2661 6245
f 6246 6247 2659
f 2660 6248 6249
f 6250 2664 6251
f 6252 6253 2662
f 2663 6254 6255
f 6256 2667 6257
f 6258 6259 2665
f 2666 6260 6261
f 6262 2670 6263
f 6264 6265 2668
f 2669 6266 6267
f 6268 2673 6269
f 6270 6271 2671
f 2672 6272 6273
f 6274 2676 6275
f 6276 6277 2674
f 2675 6278 6279
f 6280 2679 6281
f 6282 6283 2677
f 2678 6284 6285
f 6286 2682 6287
f 6288 6289 2680
f 2681 6290 6291
f 6292 2685 6293
f 6294 6295 2683
f 2684 6296 6297
f 6298 2688 6299
f 6300 6301 2686
f 2687 6302 6303
f 6304 2691 6305
f 6306 6307 2689
f 2690 6308 6309
f 6310 2694 6311
f 6312 6313 2692
f 2693 6314 6315
f 6316 2697 6317
f 6318 6319 2695
f 2696 6320 6321
f 6322 2700 6323
f 6324 6325 2698
f 2699 6326 6327
f 6328 2703 6329
f 6330 6331 2701
f 2702 6332 6333
f 6334 2706 6335
f 6336 6337 2704
f 2705 6338 6339
f 6340 2709 6341
f 6342 6343 2707
f 2708 6344 6345
f 6346 2712 6347
f 6348 6349 2710
f 2711 6350 6351
f 6352 2715 6353
f 6354 6355 2713
f 2714 6356 6357
f 6358 2718 6359
f 6360 6361 2716
f 2717 6362 6363
f 6364 2721 6365
f 6366 6367 2719
f 2720 6368 6369
f 6370 2724 6371
f 6372 6373 2722
f 2723 6374 6375
f 6376 2727 6377
f 6378 6379 2725
f 2726 6380 6381
f 6382 2730 6383
f 6384 6385 2728
f 2729 6386 6387
f 6388 2733 6389
f 6390 6391 2731
f 2732 6392 6393
f 6394 2736 6395
f 6396 6397 2734
f 2735 6398 6399
f 6400 2739 6401
f 6402 6403 2737
f 2738 6404 6405
f 6406 2742 6407
f 6408 6409 2740
f 2741 6410 6411
f 6412 2745 6413
f 6414 6415 2743
f 2744 6416 6417
f 6418 2748 6419
f 6420 6421 2746
f 2747 6422 6423
f 6424 2751 6425
f 6426 6427 2749
f 2750 6428 6429
f 6430 2754 6431
f 6432 6433 2752
f 2753 6434 6435
f 6436 2757 6437
f 6438 6439 2755
f 2756 6440 6441
f 6442 2760 6443
f 6444 6445 2758
f 2759 6446 6447
f 6448 2763 6449
f 6450 6451 2761
f 2762 6452 6453
f 6454 2766 6455
f 6456 6457 2764
f 2765 6458 6459
f 6460 2769 6461
f 6462 6463 2767
f 2768 6464 6465
f 6466 2772 6467
f 6468 6469 2770
f 2771 6470 6471
f 6472 2775 6473
f 6474 6475 2773
f 2774 6476 6477
f 6478 2778 6479
f 6480 6481 2776
f 2777 6482 6483
f 6484 2781 6485
f 6486 6487 2779
f 2780 6488 6489
f 6490 2784 6491
f 6492 6493 2782
f 2783 6494 6495
f 6496 2787 6497
f 6498 6499 2785
f 2786 6500 6501
f 6502 2790 6503
f 6504 6505 2788
f 2789 6506 6507
f 6508 2793 6509
f 6510 6511 2791
f 2792 6512 6513
f 6514 2796 6515
f 6516 6517 2794
f 2795 6518 6519
f 6520 2799 6521
f 6522 6523 2797
f 2798 6524 6525
f 6526 2802 6527
f 6528 6529 2800
f 2801 6530 6531
f 6532 2805 6533
f 6534 6535 2803
f 2804 6536 6537
f 6538 2808 6539
f 6540 6541 2806
f 2807 6542 6543
f 6544 2811 6545
f 6546 6547 2809
f 2810 6548 6549
f 6550 2814 6551
f 6552 6553 2812
f 2813 6554 6555
f 6556 2817 6557
f 6558 6559 2815
f 2816 6560 6561
f 6562 2820 6563
f 6564 6565 2818
f 2819 6566 6567
f 6568 2823 6569
f 6570 6571 2821
f 2822 6572 6573
f 6574 2826 6575
f 6576 6577 2824
f 2825 6578 6579
f 6580 2829 6581
f 6582 6583 2827
f 2828 6584 6585
f 6586 2832 6587
f 6588 6589 2830
f 2831 6590 6591
f 6592 2835 6593
f 6594 6595 2833
f 2834 6596 6597
f 6598 2838 6599
f 6600 6601 2836
f 2837 6602 6603
f 6604 2841 6605
f 6606 6607 2839
f 2840 6608 6609
f 6610 2844 6611
f 6612 6613 2842
f 2843 6614 6615
f 6616 2847 6617
f 6618 6619 2845
f 2846 6620 6621
f 6622 2850 6623
f 6624 6625 2848
f 2849 6626 6627
f 6628 2853 6629
f 6630 6631 2851
f 2852 6632 6633
f 6634 2856 6635
f 6636 6637 2854
f 2855 6638 6639
f 6640 2859 6641
f 6642 6643 2857
f 2858 6644 6645
f 6646 2862 6647
f 6648 6649 2860
f 2861 6650 6651
f 6652 2865 6653
f 6654 6655 2863
f 2864 6656 6657
f 6658 2868 6659
f 6660 6661 2866
f 2867 6662 6663
f 6664 2871 6665
f 6666 6667 2869
f 2870 6668 6669
f 6670 2874 6671
f 6672 6673 2872
f 2873 6674 6675
f 6676 2877 6677
f 6678 6679 2875
f 2876 6680 6681
f 6682 2880 6683
f 6684 6685 2878
f 2879 6686 6687
f 6688 2883 6689
f 6690 6691 2881
f 2882 6692 6693
f 6694 2886 6695
f 6696 6697 2884
f 2885 6698 6699
f 6700 2889 6701
f 6702 6703 2887
f 2888 6704 6705
f 6706 2892 6707
f 6708 6709 2890
f 2891 6710 6711
f 6712 2895 6713
f 6714 6715 2893
f 2894 6716 6717
f 6718 2898 6719
f 6720 6721 2896
f 2897 6722 6723
f 6724 2901 6725
f 6726 6727 2899
f 2900 6728 6729
f 6730 2904 6731
f 6732 6733 2902
f 2903 6734 6735
f 6736 2907 6737
f 6738 6739 2905
f 2906 6740 6741
f 6742 2910 6743
f 6744 6745 2908
f 2909 6746 6747
f 6748 2913 6749
f 6750 6751 2911
f 2912 6752 6753
f 5222 2916 6754
f 5221 6755 2914
f 2915 6756 6757
f 6758 2919 6759
f 6760 5219 2917
f 2918 5223 6761
f 6762 2922 5218
f 6763 6764 2920
f 2921 6765 5220
f 5228 2925 6766
f 5227 6767 2923
f 2924 6768 6769
f 6770 2928 6771
f 6772 5225 2926
f 2927 5229 6773
f 6774 2931 5224
f 6775 6776 2929
f 2930 6777 5226
f 5234 2934 6778
f 5233 6779 2932
f 2933 6780 6781
f 6782 2937 6783
f 6784 5231 2935
f 2936 5235 6785
f 6786 2940 5230
f 6787 6788 2938
f 2939 6789 5232
f 5240 2943 6790
f 5239 6791 2941
f 2942 6792 6793
f 6794 2946 6795
f 6796 5237 2944
f 2945 5241 6797
f 6798 2949 5236
f 6799 6800 2947
f 2948 6801 5238
f 5246 2952 6802
f 5245 6803 2950
f 2951 6804 6805
f 6806 2955 6807
f 6808 5243 2953
f 2954 5247 6809
f 6810 2958 5242
f 6811 6812 2956
f 2957 6813 5244
f 5252 2961 6814
f 5251 6815 2959
f 2960 6816 6817
f 6818 2964 6819
f 6820 5249 2962
f 2963 5253 6821
f 6822 2967 5248
f 6823 6824 2965
f 2966 6825 5250
f 5258 2970 6826
f 5257 6827 2968
f 2969 6828 6829
f 6830 2973 6831
f 6832 5255 2971
f 2972 5259 6833
f 6834 2976 5254
f 6835 6836 2974
f 2975 6837 5256
f 5264 2979 6838
f 5263 6839 2977
f 2978 6840 6841
f 6842 2982 6843
f 6844 5261 2980
f 2981 5265 6845
f 6846 2985 5260
f 6847 6848 2983
f 2984 6849 5262
f 5270 2988 6850
f 5269 6851 2986
f 2987 6852 6853
f 6854 2991 6855
f 6856 5267 2989
f 2990 5271 6857
f 6858 2994 5266
f 6859 6860 2992
f 2993 6861 5268
f 5276 2997 6862
f 5275 6863 2995
f 2996 6864 6865
f 6866 3000 6867
f 6868 5273 2998
f 2999 5277 6869
f 6870 3003 5272
f 6871 6872 3001
f 3002 6873 5274
f 5282 3006 6874
f 5281 6875 3004
f 3005 6876 6877
f 6878 3009 6879
f 6880 5279 3007
f 3008 5283 6881
f 6882 3012 5278
f 6883 6884 3010
f 3011 6885 5280
f 5288 3015 6886
f 5287 6887 3013
f 3014 6888 6889
f 6890 3018 6891
f 6892 5285 3016
f 3017 5289 6893
f 6894 3021 5284
f 6895 6896 3019
f 3020 6897 5286
f 5294 3024 6898
f 5293 6899 3022
f 3023 6900 6901
f 6902 3027 6903
f 6904 5291 3025
f 3026 5295 6905
f 6906 3030 5290
f 6907 6908 3028
f 3029 6909 5292
f 5300 3033 6910
f 5299 6911 3031
f 3032 6912 6913
f 6914 3036 6915
f 6916 5297 3034
f 3035 5301 6917
f 6918 3039 5296
f 6919 6920 3037
f 3038 6921 5298
f 5306 3042 6922
f 5305 6923 3040
f 3041 6924 6925
f 6926 3045 6927
f 6928 5303 3043
f 3044 5307 6929
f 6930 3048 5302
f 6931 6932 3046
f 3047 6933 5304
f 5312 3051 6934
f 5311 6935 3049
f 3050 6936 6937
f 6938 3054 6939
f 6940 5309 3052
f 3053 5313 6941
f 6942 3057 5308
f 6943 6944 3055
f 3056 6945 5310
f 5318 3060 6946
f 5317 6947 3058
f 3059 6948 6949
f 6950 3063 6951
f 6952 5315 3061
f 3062 5319 6953
f 6954 3066 5314
f 6955 6956 3064
f 3065 6957 5316
f 5324 3069 6958
f 5323 6959 3067
f 3068 6960 6961
f 6962 3072 6963
f 6964 5321 3070
f 3071 5325 6965
f 6966 3075 5320
f 6967 6968 3073
f 3074 6969 5322
f 5330 3078 6970
f 5329 6971 3076
f 3077 6972 6973
f 6974 3081 6975
f 6976 5327 3079
f 3080 5331 6977
f 6978 3084 5326
f 6979 6980 3082
f 3083 6981 5328
f 5336 3087 6982
f 5335 6983 3085
f 3086 6984 6985
f 6986 3090 6987
f 6988 5333 3088
f 3089 5337 6989
f 6990 3093 5332
f 6991 6992 3091
f 3092 6993 5334
f 5342 3096 6994
f 5341 6995 3094
f 3095 6996 6997
f 6998 3099 6999
f 7000 5339 3097
f 3098 5343 7001
f 7002 3102 5338
f 7003 7004 3100
f 3101 7005 5340
f 5348 3105 7006
f 5347 7007 3103
f 3104 7008 7009
f 7010 3108 7011
f 7012 5345 3106
f 3107 5349 7013
f 7014 3111 5344
f 7015 7016 3109
f 3110 7017 5346
f 5354 3114 7018
f 5353 7019 3112
f 3113 7020 7021
f 7022 3117 7023
f 7024 5351 3115
f 3116 5355 7025
f 7026 3120 5350
f 7027 7028 3118
f 3119 7029 5352
f 5360 3123 7030
f 5359 7031 3121
f 3122 7032 7033
f 7034 3126 7035
f 7036 5357 3124
f 3125 5361 7037
f 7038 3129 5356
f 7039 7040 3127
f 3128 7041 5358
f 5366 3132 7042
f 5365 7043 3130
f 3131 7044 7045
f 7046 3135 7047
f 7048 5363 3133
f 3134 5367 7049
f 7050 3138 5362
f 7051 7052 3136
f 3137 7053 5364
f 5372 3141 7054
f 5371 7055 3139
f 3140 7056 7057
f 7058 3144 7059
f 7060 5369 3142
f 3143 5373 7061
f 7062 3147 5368
f 7063 7064 3145
f 3146 7065 5370
f 5378 3150 7066
f 5377 7067 3148
f 3149 7068 7069
f 7070 3153 7071
f 7072 5375 3151
f 3152 5379 7073
f 7074 3156 5374
f 7075 7076 3154
f 3155 7077 5376
f 5384 3159 7078
f 5383 7079 3157
f 3158 7080 7081
f 7082 3162 7083
f 7084 5381 3160
f 3161 5385 7085
f 7086 3165 5380
f 7087 7088 3163
f 3164 7089 5382
f 5390 3168 7090
f 5389 7091 3166
f 3167 7092 7093
f 7094 3171 7095
f 7096 5387 3169
f 3170 5391 7097
f 7098 3174 5386
f 7099 7100 3172
f 3173 7101 5388
f 5396 3177 7102
f 5395 7103 3175
f 3176 7104 7105
f 7106 3180 7107
f 7108 5393 3178
f 3179 5397 7109
f 7110 3183 5392
f 7111 7112 3181
f 3182 7113 5394
f 5402 3186 7114
f 5401 7115 3184
f 3185 7116 7117
f 7118 3189 7119
f 7120 5399 3187
f 3188 5403 7121
f 7122 3192 5398
f 7123 7124 3190
f 3191 7125 5400
f 5408 3195 7126
f 5407 7127 3193
f 3194 7128 7129
f 7130 3198 7131
f 7132 5405 3196
f 3197 5409 7133
f 7134 3201 5404
f 7135 7136 3199
f 3200 7137 5406
f 5414 3204 7138
f 5413 7139 3202
f 3203 7140 7141
f 7142 3207 7143
f 7144 5411 3205
f 3206 5415 7145
f 7146 3210 5410
f 7147 7148 3208
f 3209 7149 5412
f 5420 3213 7150
f 5419 7151 3211
f 3212 7152 7153
f 7154 3216 7155
f 7156 5417 3214
f 3215 5421 7157
f 7158 3219 5416
f 7159 7160 3217
f 3218 7161 5418
f 5426 3222 7162
f 5425 7163 3220
f 3221 7164 7165
f 7166 3225 7167
f 7168 5423 3223
f 3224 5427 7169
f 7170 3228 5422
f 7171 7172 3226
f 3227 7173 5424
f 5432 3231 7174
f 5431 7175 3229
f 3230 7176 7177
f 7178 3234 7179
f 7180 5429 3232
f 3233 5433 7181
f 7182 3237 5428
f 7183 7184 3235
f 3236 7185 5430
f 5438 3240 7186
f 5437 7187 3238
f 3239 7188 7189
f 7190 3243 7191
f 7192 5435 3241
f 3242 5439 7193
f 7194 3246 5434
f 7195 7196 3244
f 3245 7197 5436
f 5444 3249 7198
f 5443 7199 3247
f 3248 7200 7201
f 7202 3252 7203
f 7204 5441 3250
f 3251 5445 7205
f 7206 3255 5440
f 7207 7208 3253
f 3254 7209 5442
f 5450 3258 7210
f 5449 7211 3256
f 3257 7212 7213
f 7214 3261 7215
f 7216 5447 3259
f 3260 5451 7217
f 7218 3264 5446
f 7219 7220 3262
f 3263 7221 5448
f 5456 3267 7222
f 5455 7223 3265
f 3266 7224 7225
f 7226 3270 7227
f 7228 5453 3268
f 3269 5457 7229
f 7230 3273 5452
f 7231 7232 3271
f 3272 7233 5454
f 5462 3276 7234
f 5461 7235 3274
f 3275 7236 7237
f 7238 3279 7239
f 7240 5459 3277
f 3278 5463 7241
f 7242 3282 5458
f 7243 7244 3280
f 3281 7245 5460
f 5468 3285 7246
f 5467 7247 3283
f 3284 7248 7249
f 7250 3288 7251
f 7252 5465 3286
f 3287 5469 7253
f 7254 3291 5464
f 7255 7256 3289
f 3290 7257 5466
f 5474 3294 7258
f 5473 7259 3292
f 3293 7260 7261
f 7262 3297 7263
f 7264 5471 3295
f 3296 5475 7265
f 7266 3300 5470
f 7267 7268 3298
f 3299 7269 5472
f 5480 3303 7270
f 5479 7271 3301
f 3302 7272 7273
f 7274 3306 7275
f 7276 5477 3304
f 3305 5481 7277
f 7278 3309 5476
f 7279 7280 3307
f 3308 7281 5478
f 5486 3312 7282
f 5485 7283 3310
f 3311 7284 7285
f 7286 3315 7287
f 7288 5483 3313
f 3314 5487 7289
f 7290 3318 5482
f 7291 7292 3316
f 3317 7293 5484
f 5492 3321 7294
f 5491 7295 3319
f 3320 7296 7297
f 7298 3324 7299
f 7300 5489 3322
f 3323 5493 7301
f 7302 3327 5488
f 7303 7304 3325
f 3326 7305 5490
f 5498 3330 7306
f 5497 7307 3328
f 3329 7308 7309
f 7310 3333 7311
f 7312 5495 3331
f 3332 5499 7313
f 7314 3336 5494
f 7315 7316 3334
f 3335 7317 5496
f 5504 3339 7318
f 5503 7319 3337
f 3338 7320 7321
f 7322 3342 7323
f 7324 5501 3340
f 3341 5505 7325
f 7326 3345 5500
f 7327 7328 3343
f 3344 7329 5502
f 5510 3348 7330
f 5509 7331 3346
f 3347 7332 7333
f 7334 3351 7335
f 7336 5507 3349
f 3350 5511 7337
f 7338 3354 5506
f 7339 7340 3352
f 3353 7341 5508
f 5516 3357 7342
f 5515 7343 3355
f 3356 7344 7345
f 7346 3360 7347
f 7348 5513 3358
f 3359 5517 7349
f 7350 3363 5512
f 7351 7352 3361
f 3362 7353 5514
f 5522 3366 7354
f 5521 7355 3364
f 3365 7356 7357
f 7358 3369 7359
f 7360 5519 3367
f 3368 5523 7361
f 7362 3372 5518
f 7363 7364 3370
f 3371 7365 5520
f 5528 3375 7366
f 5527 7367 3373
f 3374 7368 7369
f 7370 3378 7371
f 7372 5525 3376
f 3377 5529 7373
f 7374 3381 5524
f 7375 7376 3379
f 3380 7377 5526
f 5534 3384 7378
f 5533 7379 3382
f 3383 7380 7381
f 7382 3387 7383
f 7384 5531 3385
f 3386 5535 7385
f 7386 3390 5530
f 7387 7388 3388
f 3389 7389 5532
f 5540 3393 7390
f 5539 7391 3391
f 3392 7392 7393
f 7394 3396 7395
f 7396 5537 3394
f 3395 5541 7397
f 7398 3399 5536
f 7399 7400 3397
f 3398 7401 5538
f 5546 3402 7402
f 5545 7403 3400
f 3401 7404 7405
f 7406 3405 7407
f 7408 5543 3403
f 3404 5547 7409
f 7410 3408 5542
f 7411 7412 3406
f 3407 7413 5544
f 5552 3411 7414
f 5551 7415 3409
f 3410 7416 7417
f 7418 3414 7419
f 7420 5549 3412
f 3413 5553 7421
f 7422 3417 5548
f 7423 7424 3415
f 3416 7425 5550
f 5558 3420 7426
f 5557 7427 3418
f 3419 7428 7429
f 7430 3423 7431
f 7432 5555 3421
f 3422 5559 7433
f 7434 3426 5554
f 7435 7436 3424
f 3425 7437 5556
f 5564 3429 7438
f 5563 7439 3427
f 3428 7440 7441
f 7442 3432 7443
f 7444 5561 3430
f 3431 5565 7445
f 7446 3435 5560
f 7447 7448 3433
f 3434 7449 5562
f 5570 3438 7450
f 5569 7451 3436
f 3437 7452 7453
f 7454 3441 7455
f 7456 5567 3439
f 3440 5571 7457
f 7458 3444 5566
f 7459 7460 3442
f 3443 7461 5568
f 5576 3447 7462
f 5575 7463 3445
f 3446 7464 7465
f 7466 3450 7467
f 7468 5573 3448
f 3449 5577 7469
f 7470 3453 5572
f 7471 7472 3451
f 3452 7473 5574
f 5582 3456 7474
f 5581 7475 3454
f 3455 7476 7477
f 7478 3459 7479
f 7480 5579 3457
f 3458 5583 7481
f 7482 3462 5578
f 7483 7484 3460
f 3461 7485 5580
f 5588 3465 7486
f 5587 7487 3463
f 3464 7488 7489
f 7490 3468 7491
f 7492 5585 3466
f 3467 5589 7493
f 7494 3471 5584
f 7495 7496 3469
f 3470 7497 5586
f 5594 3474 7498
f 5593 7499 3472
f 3473 7500 7501
f 7502 3477 7503
f 7504 5591 3475
f 3476 5595 7505
f 7506 3480 5590
f 7507 7508 3478
f 3479 7509 5592
f 5600 3483 7510
f 5599 7511 3481
f 3482 7512 7513
f 7514 3486 7515
f 7516 5597 3484
f 3485 5601 7517
f 7518 3489 5596
f 7519 7520 3487
f 3488 7521 5598
f 5606 3492 6762
f 5605 7522 3490
f 3491 7523 6763
f 7524 3495 6758
f 7525 5603 3493
f 3494 5607 6760
f 7526 3498 5602
f 7527 7528 3496
f 3497 7529 5604
f 5612 3501 7530
f 5611 7531 3499
f 3500 7532 7533
f 6756 3504 7534
f 6755 5609 3502
f 3503 5613 7535
f 6765 3507 5608
f 6764 7536 3505
f 3506 7537 5610
f 5618 3510 7538
f 5617 6754 3508
f 3509 6757 7539
f 7540 3513 7541
f 7542 5615 3511
f 3512 5619 7543
f 7544 3516 5614
f 7545 6759 3514
f 3515 6761 5616
f 5624 3519 6774
f 5623 7546 3517
f 3518 7547 6775
f 7548 3522 6770
f 7549 5621 3520
f 3521 5625 6772
f 7550 3525 5620
f 7551 7552 3523
f 3524 7553 5622
f 5630 3528 7554
f 5629 7555 3526
f 3527 7556 7557
f 6768 3531 7558
f 6767 5627 3529
f 3530 5631 7559
f 6777 3534 5626
f 6776 7560 3532
f 3533 7561 5628
f 5636 3537 7562
f 5635 6766 3535
f 3536 6769 7563
f 7564 3540 7565
f 7566 5633 3538
f 3539 5637 7567
f 7568 3543 5632
f 7569 6771 3541
f 3542 6773 5634
f 5642 3546 6786
f 5641 7570 3544
f 3545 7571 6787
f 7572 3549 6782
f 7573 5639 3547
f 3548 5643 6784
f 7574 3552 5638
f 7575 7576 3550
f 3551 7577 5640
f 5648 3555 7578
f 5647 7579 3553
f 3554 7580 7581
f 6780 3558 7582
f 6779 5645 3556
f 3557 5649 7583
f 6789 3561 5644
f 6788 7584 3559
f 3560 7585 5646
f 5654 3564 7586
f 5653 6778 3562
f 3563 6781 7587
f 7588 3567 7589
f 7590 5651 3565
f 3566 5655 7591
f 7592 3570 5650
f 7593 6783 3568
f 3569 6785 5652
f 5660 3573 6798
f 5659 7594 3571
f 3572 7595 6799
f 7596 3576 6794
f 7597 5657 3574
f 3575 5661 6796
f 7598 3579 5656
f 7599 7600 3577
f 3578 7601 5658
f 5666 3582 7602
f 5665 7603 3580
f 3581 7604 7605
f 6792 3585 7606
f 6791 5663 3583
f 3584 5667 7607
f 6801 3588 5662
f 6800 7608 3586
f 3587 7609 5664
f 5672 3591 7610
f 5671 6790 3589
f 3590 6793 7611
f 7612 3594 7613
f 7614 5669 3592
f 3593 5673 7615
f 7616 3597 5668
f 7617 6795 3595
f 3596 6797 5670
f 5678 3600 6810
f 5677 7618 3598
f 3599 7619 6811
f 7620 3603 6806
f 7621 5675 3601
f 3602 5679 6808
f 7622 3606 5674
f 7623 7624 3604
f 3605 7625 5676
f 5684 3609 7626
f 5683 7627 3607
f 3608 7628 7629
f 6804 3612 7630
f 6803 5681 3610
f 3611 5685 7631
f 6813 3615 5680
f 6812 7632 3613
f 3614 7633 5682
f 5690 3618 7634
f 5689 6802 3616
f 3617 6805 7635
f 7636 3621 7637
f 7638 5687 3619
f 3620 5691 7639
f 7640 3624 5686
f 7641 6807 3622
f 3623 6809 5688
f 5696 3627 6822
f 5695 7642 3625
f 3626 7643 6823
f 7644 3630 6818
f 7645 5693 3628
f 3629 5697 6820
f 7646 3633 5692
f 7647 7648 3631
f 3632 7649 5694
f 5702 3636 7650
f 5701 7651 3634
f 3635 7652 7653
f 6816 3639 7654
f 6815 5699 3637
f 3638 5703 7655
f 6825 3642 5698
f 6824 7656 3640
f 3641 7657 5700
f 5708 3645 7658
f 5707 6814 3643
f 3644 6817 7659
f 7660 3648 7661
f 7662 5705 3646
f 3647 5709 7663
f 7664 3651 5704
f 7665 6819 3649
f 3650 6821 5706
f 5714 3654 6834
f 5713 7666 3652
f 3653 7667 6835
f 7668 3657 6830
f 7669 5711 3655
f 3656 5715 6832
f 7670 3660 5710
f 7671 7672 3658
f 3659 7673 5712
f 5720 3663 7674
f 5719 7675 3661
f 3662 7676 7677
f 6828 3666 7678
f 6827 5717 3664
f 3665 5721 7679
f 6837 3669 5716
f 6836 7680 3667
f 3668 7681 5718
f 5726 3672 7682
f 5725 6826 3670
f 3671 6829 7683
f 7684 3675 7685
f 7686 5723 3673
f 3674 5727 7687
f 7688 3678 5722
f 7689 6831 3676
f 3677 6833 5724
f 5732 3681 6846
f 5731 7690 3679
f 3680 7691 6847
f 7692 3684 6842
f 7693 5729 3682
f 3683 5733 6844
f 7694 3687 5728
f 7695 7696 3685
f 3686 7697 5730
f 5738 3690 7698
f 5737 7699 3688
f 3689 7700 7701
f 6840 3693 7702
f 6839 5735 3691
f 3692 5739 7703
f 6849 3696 5734
f 6848 7704 3694
f 3695 7705 5736
f 5744 3699 7706
f 5743 6838 3697
f 3698 6841 7707
f 7708 3702 7709
f 7710 5741 3700
f 3701 5745 7711
f 7712 3705 5740
f 7713 6843 3703
f 3704 6845 5742
f 5750 3708 6858
f 5749 7714 3706
f 3707 7715 6859
f 7716 3711 6854
f 7717 5747 3709
f 3710 5751 6856
f 7718 3714 5746
f 7719 7720 3712
f 3713 7721 5748
f 5756 3717 7722
f 5755 7723 3715
f 3716 7724 7725
f 6852 3720 7726
f 6851 5753 3718
f 3719 5757 7727
f 6861 3723 5752
f 6860 7728 3721
f 3722 7729 5754
f 5762 3726 7730
f 5761 6850 3724
f 3725 6853 7731
f 7732 3729 7733
f 7734 5759 3727
f 3728 5763 7735
f 7736 3732 5758
f 7737 6855 3730
f 3731 6857 5760
f 5768 3735 6870
f 5767 7738 3733
f 3734 7739 6871
f 7740 3738 6866
f 7741 5765 3736
f 3737 5769 6868
f 7742 3741 5764
f 7743 7744 3739
f 3740 7745 5766
f 5774 3744 7746
f 5773 7747 3742
f 3743 7748 7749
f 6864 3747 7750
f 6863 5771 3745
f 3746 5775 7751
f 6873 3750 5770
f 6872 7752 3748
f 3749 7753 5772
f 5780 3753 7754
f 5779 6862 3751
f 3752 6865 7755
f 7756 3756 7757
f 7758 5777 3754
f 3755 5781 7759
f 7760 3759 5776
f 7761 6867 3757
f 3758 6869 5778
f 5786 3762 6882
f 5785 7762 3760
f 3761 7763 6883
f 7764 3765 6878
f 7765 5783 3763
f 3764 5787 6880
f 7766 3768 5782
f 7767 7768 3766
f 3767 7769 5784
f 5792 3771 7770
f 5791 7771 3769
f 3770 7772 7773
f 6876 3774 7774
f 6875 5789 3772
f 3773 5793 7775
f 6885 3777 5788
f 6884 7776 3775
f 3776 7777 5790
f 5798 3780 7778
f 5797 6874 3778
f 3779 6877 7779
f 7780 3783 7781
f 7782 5795 3781
f 3782 5799 7783
f 7784 3786 5794
f 7785 6879 3784
f 3785 6881 5796
f 5804 3789 6894
f 5803 7786 3787
f 3788 7787 6895
f 7788 3792 6890
f 7789 5801 3790
f 3791 5805 6892
f 7790 3795 5800
f 7791 7792 3793
f 3794 7793 5802
f 5810 3798 7794
f 5809 7795 3796
f 3797 7796 7797
f 6888 3801 7798
f 6887 5807 3799
f 3800 5811 7799
f 6897 3804 5806
f 6896 7800 3802
f 3803 7801 5808
f 5816 3807 7802
f 5815 6886 3805
f 3806 6889 7803
f 7804 3810 7805
f 7806 5813 3808
f 3809 5817 7807
f 7808 3813 5812
f 7809 6891 3811
f 3812 6893 5814
f 5822 3816 6906
f 5821 7810 3814
f 3815 7811 6907
f 7812 3819 6902
f 7813 5819 3817
f 3818 5823 6904
f 7814 3822 5818
f 7815 7816 3820
f 3821 7817 5820
f 5828 3825 7818
f 5827 7819 3823
f 3824 7820 7821
f 6900 3828 7822
f 6899 5825 3826
f 3827 5829 7823
f 6909 3831 5824
f 6908 7824 3829
f 3830 7825 5826
f 5834 3834 7826
f 5833 6898 3832
f 3833 6901 7827
f 7828 3837 7829
f 7830 5831 3835
f 3836 5835 7831
f 7832 3840 5830
f 7833 6903 3838
f 3839 6905 5832
f 5840 3843 6918
f 5839 7834 3841
f 3842 7835 6919
f 7836 3846 6914
f 7837 5837 3844
f 3845 5841 6916
f 7838 3849 5836
f 7839 7840 3847
f 3848 7841 5838
f 5846 3852 7842
f 5845 7843 3850
f 3851 7844 7845
f 6912 3855 7846
f 6911 5843 3853
f 3854 5847 7847
f 6921 3858 5842
f 6920 7848 3856
f 3857 7849 5844
f 5852 3861 7850
f 5851 6910 3859
f 3860 6913 7851
f 7852 3864 7853
f 7854 5849 3862
f 3863 5853 7855
f 7856 3867 5848
f 7857 6915 3865
f 3866 6917 5850
f 5858 3870 6930
f 5857 7858 3868
f 3869 7859 6931
f 7860 3873 6926
f 7861 5855 3871
f 3872 5859 6928
f 7862 3876 5854
f 7863 7864 3874
f 3875 7865 5856
f 5864 3879 7866
f 5863 7867 3877
f 3878 7868 7869
f 6924 3882 7870
f 6923 5861 3880
f 3881 5865 7871
f 6933 3885 5860
f 6932 7872 3883
f 3884 7873 5862
f 5870 3888 7874
f 5869 6922 3886
f 3887 6925 7875
f 7876 3891 7877
f 7878 5867 3889
f 3890 5871 7879
f 7880 3894 5866
f 7881 6927 3892
f 3893 6929 5868
f 5876 3897 6942
f 5875 7882 3895
f 3896 7883 6943
f 7884 3900 6938
f 7885 5873 3898
f 3899 5877 6940
f 7886 3903 5872
f 7887 7888 3901
f 3902 7889 5874
f 5882 3906 7890
f 5881 7891 3904
f 3905 7892 7893
f 6936 3909 7894
f 6935 5879 3907
f 3908 5883 7895
f 6945 3912 5878
f 6944 7896 3910
f 3911 7897 5880
f 5888 3915 7898
f 5887 6934 3913
f 3914 6937 7899
f 7900 3918 7901
f 7902 5885 3916
f 3917 5889 7903
f 7904 3921 5884
f 7905 6939 3919
f 3920 6941 5886
f 5894 3924 6954
f 5893 7538 3922
f 3923 7539 6955
f 7906 3927 6950
f 7907 5891 3925
f 3926 5895 6952
f 7908 3930 5890
f 7909 7541 3928
f 3929 7543 5892
f 5900 3933 7910
f 5899 7530 3931
f 3932 7533 7911
f 6948 3936 7912
f 6947 5897 3934
f 3935 5901 7913
f 6957 3939 5896
f 6956 7534 3937
f 3938 7535 5898
f 5906 3942 7914
f 5905 6946 3940
f 3941 6949 7915
f 7916 3945 7917
f 7918 5903 3943
f 3944 5907 7919
f 7920 3948 5902
f 7921 6951 3946
f 3947 6953 5904
f 5912 3951 6966
f 5911 7922 3949
f 3950 7923 6967
f 7924 3954 6962
f 7925 5909 3952
f 3953 5913 6964
f 7926 3957 5908
f 7927 7928 3955
f 3956 7929 5910
f 5918 3960 7526
f 5917 7930 3958
f 3959 7931 7527
f 6960 3963 7524
f 6959 5915 3961
f 3962 5919 7525
f 6969 3966 5914
f 6968 7932 3964
f 3965 7933 5916
f 5924 3969 7544
f 5923 6958 3967
f 3968 6961 7545
f 7934 3972 7540
f 7935 5921 3970
f 3971 5925 7542
f 7936 3975 5920
f 7937 6963 3973
f 3974 6965 5922
f 5930 3978 6978
f 5929 7938 3976
f 3977 7939 6979
f 7523 3981 6974
f 7522 5927 3979
f 3980 5931 6976
f 7529 3984 5926
f 7528 7940 3982
f 3983 7941 5928
f 5936 3987 7942
f 5935 7943 3985
f 3986 7944 7945
f 6972 3990 7946
f 6971 5933 3988
f 3989 5937 7947
f 6981 3993 5932
f 6980 7948 3991
f 3992 7949 5934
f 5942 3996 7950
f 5941 6970 3994
f 3995 6973 7951
f 7532 3999 7952
f 7531 5939 3997
f 3998 5943 7953
f 7537 4002 5938
f 7536 6975 4000
f 4001 6977 5940
f 5948 4005 6990
f 5947 7562 4003
f 4004 7563 6991
f 7954 4008 6986
f 7955 5945 4006
f 4007 5949 6988
f 7956 4011 5944
f 7957 7565 4009
f 4010 7567 5946
f 5954 4014 7958
f 5953 7554 4012
f 4013 7557 7959
f 6984 4017 7960
f 6983 5951 4015
f 4016 5955 7961
f 6993 4020 5950
f 6992 7558 4018
f 4019 7559 5952
f 5960 4023 7962
f 5959 6982 4021
f 4022 6985 7963
f 7964 4026 7965
f 7966 5957 4024
f 4025 5961 7967
f 7968 4029 5956
f 7969 6987 4027
f 4028 6989 5958
f 5966 4032 7002
f 5965 7970 4030
f 4031 7971 7003
f 7972 4035 6998
f 7973 5963 4033
f 4034 5967 7000
f 7974 4038 5962
f 7975 7976 4036
f 4037 7977 5964
f 5972 4041 7550
f 5971 7978 4039
f 4040 7979 7551
f 6996 4044 7548
f 6995 5969 4042
f 4043 5973 7549
f 7005 4047 5968
f 7004 7980 4045
f 4046 7981 5970
f 5978 4050 7568
f 5977 6994 4048
f 4049 6997 7569
f 7982 4053 7564
f 7983 5975 4051
f 4052 5979 7566
f 7984 4056 5974
f 7985 6999 4054
f 4055 7001 5976
f 5984 4059 7014
f 5983 7986 4057
f 4058 7987 7015
f 7547 4062 7010
f 7546 5981 4060
f 4061 5985 7012
f 7553 4065 5980
f 7552 7988 4063
f 4064 7989 5982
f 5990 4068 7990
f 5989 7991 4066
f 4067 7992 7993
f 7008 4071 7994
f 7007 5987 4069
f 4070 5991 7995
f 7017 4074 5986
f 7016 7996 4072
f 4073 7997 5988
f 5996 4077 7998
f 5995 7006 4075
f 4076 7009 7999
f 7556 4080 8000
f 7555 5993 4078
f 4079 5997 8001
f 7561 4083 5992
f 7560 7011 4081
f 4082 7013 5994
f 6002 4086 7026
f 6001 7586 4084
f 4085 7587 7027
f 8002 4089 7022
f 8003 5999 4087
f 4088 6003 7024
f 8004 4092 5998
f 8005 7589 4090
f 4091 7591 6000
f 6008 4095 8006
f 6007 7578 4093
f 4094 7581 8007
f 7020 4098 8008
f 7019 6005 4096
f 4097 6009 8009
f 7029 4101 6004
f 7028 7582 4099
f 4100 7583 6006
f 6014 4104 8010
f 6013 7018 4102
f 4103 7021 8011
f 8012 4107 8013
f 8014 6011 4105
f 4106 6015 8015
f 8016 4110 6010
f 8017 7023 4108
f 4109 7025 6012
f 6020 4113 7038
f 6019 8018 4111
f 4112 8019 7039
f 8020 4116 7034
f 8021 6017 4114
f 4115 6021 7036
f 8022 4119 6016
f 8023 8024 4117
f 4118 8025 6018
f 6026 4122 7574
f 6025 8026 4120
f 4121 8027 7575
f 7032 4125 7572
f 7031 6023 4123
f 4124 6027 7573
f 7041 4128 6022
f 7040 8028 4126
f 4127 8029 6024
f 6032 4131 7592
f 6031 7030 4129
f 4130 7033 7593
f 8030 4134 7588
f 8031 6029 4132
f 4133 6033 7590
f 8032 4137 6028
f 8033 7035 4135
f 4136 7037 6030
f 6038 4140 7050
f 6037 8034 4138
f 4139 8035 7051
f 7571 4143 7046
f 7570 6035 4141
f 4142 6039 7048
f 7577 4146 6034
f 7576 8036 4144
f 4145 8037 6036
f 6044 4149 8038
f 6043 8039 4147
f 4148 8040 8041
f 7044 4152 8042
f 7043 6041 4150
f 4151 6045 8043
f 7053 4155 6040
f 7052 8044 4153
f 4154 8045 6042
f 6050 4158 8046
f 6049 7042 4156
f 4157 7045 8047
f 7580 4161 8048
f 7579 6047 4159
f 4160 6051 8049
f 7585 4164 6046
f 7584 7047 4162
f 4163 7049 6048
f 6056 4167 7062
f 6055 7610 4165
f 4166 7611 7063
f 8050 4170 7058
f 8051 6053 4168
f 4169 6057 7060
f 8052 4173 6052
f 8053 7613 4171
f 4172 7615 6054
f 6062 4176 8054
f 6061 7602 4174
f 4175 7605 8055
f 7056 4179 8056
f 7055 6059 4177
f 4178 6063 8057
f 7065 4182 6058
f 7064 7606 4180
f 4181 7607 6060
f 6068 4185 8058
f 6067 7054 4183
f 4184 7057 8059
f 8060 4188 8061
f 8062 6065 4186
f 4187 6069 8063
f 8064 4191 6064
f 8065 7059 4189
f 4190 7061 6066
f 6074 4194 7074
f 6073 8066 4192
f 4193 8067 7075
f 8068 4197 7070
f 8069 6071 4195
f 4196 6075 7072
f 8070 4200 6070
f 8071 8072 4198
f 4199 8073 6072
f 6080 4203 7598
f 6079 8074 4201
f 4202 8075 7599
f 7068 4206 7596
f 7067 6077 4204
f 4205 6081 7597
f 7077 4209 6076
f 7076 8076 4207
f 4208 8077 6078
f 6086 4212 7616
f 6085 7066 4210
f 4211 7069 7617
f 8078 4215 7612
f 8079 6083 4213
f 4214 6087 7614
f 8080 4218 6082
f 8081 7071 4216
f 4217 7073 6084
f 6092 4221 7086
f 6091 8082 4219
f 4220 8083 7087
f 7595 4224 7082
f 7594 6089 4222
f 4223 6093 7084
f 7601 4227 6088
f 7600 8084 4225
f 4226 8085 6090
f 6098 4230 8086
f 6097 8087 4228
f 4229 8088 8089
f 7080 4233 8090
f 7079 6095 4231
f 4232 6099 8091
f 7089 4236 6094
f 7088 8092 4234
f 4235 8093 6096
f 6104 4239 8094
f 6103 7078 4237
f 4238 7081 8095
f 7604 4242 8096
f 7603 6101 4240
f 4241 6105 8097
f 7609 4245 6100
f 7608 7083 4243
f 4244 7085 6102
f 6110 4248 7098
f 6109 7634 4246
f 4247 7635 7099
f 7939 4251 7094
f 7938 6107 4249
f 4250 6111 7096
f 7941 4254 6106
f 7940 7637 4252
f 4253 7639 6108
f 6116 4257 8098
f 6115 7626 4255
f 4256 7629 8099
f 7092 4260 8100
f 7091 6113 4258
f 4259 6117 8101
f 7101 4263 6112
f 7100 7630 4261
f 4262 7631 6114
f 6122 4266 8102
f 6121 7090 4264
f 4265 7093 8103
f 7944 4269 8104
f 7943 6119 4267
f 4268 6123 8105
f 7949 4272 6118
f 7948 7095 4270
f 4271 7097 6120
f 6128 4275 7110
f 6127 8106 4273
f 4274 8107 7111
f 7923 4278 7106
f 7922 6125 4276
f 4277 6129 7108
f 7929 4281 6124
f 7928 8108 4279
f 4280 8109 6126
f 6134 4284 7622
f 6133 8110 4282
f 4283 8111 7623
f 7104 4287 7620
f 7103 6131 4285
f 4286 6135 7621
f 7113 4290 6130
f 7112 8112 4288
f 4289 8113 6132
f 6140 4293 7640
f 6139 7102 4291
f 4292 7105 7641
f 7931 4296 7636
f 7930 6137 4294
f 4295 6141 7638
f 7933 4299 6136
f 7932 7107 4297
f 4298 7109 6138
f 6146 4302 7122
f 6145 8114 4300
f 4301 8115 7123
f 7619 4305 7118
f 7618 6143 4303
f 4304 6147 7120
f 7625 4308 6142
f 7624 8116 4306
f 4307 8117 6144
f 6152 4311 8118
f 6151 8119 4309
f 4310 8120 8121
f 7116 4314 8122
f 7115 6149 4312
f 4313 6153 8123
f 7125 4317 6148
f 7124 8124 4315
f 4316 8125 6150
f 6158 4320 8126
f 6157 7114 4318
f 4319 7117 8127
f 7628 4323 8128
f 7627 6155 4321
f 4322 6159 8129
f 7633 4326 6154
f 7632 7119 4324
f 4325 7121 6156
f 6164 4329 7134
f 6163 7658 4327
f 4328 7659 7135
f 8130 4332 7130
f 8131 6161 4330
f 4331 6165 7132
f 8132 4335 6160
f 8133 7661 4333
f 4334 7663 6162
f 6170 4338 8134
f 6169 7650 4336
f 4337 7653 8135
f 7128 4341 8136
f 7127 6167 4339
f 4340 6171 8137
f 7137 4344 6166
f 7136 7654 4342
f 4343 7655 6168
f 6176 4347 8138
f 6175 7126 4345
f 4346 7129 8139
f 8140 4350 8141
f 8142 6173 4348
f 4349 6177 8143
f 8144 4353 6172
f 8145 7131 4351
f 4352 7133 6174
f 6182 4356 7146
f 6181 7914 4354
f 4355 7915 7147
f 8146 4359 7142
f 8147 6179 4357
f 4358 6183 7144
f 8148 4362 6178
f 8149 7917 4360
f 4361 7919 6180
f 6188 4365 7646
f 6187 7910 4363
f 4364 7911 7647
f 7140 4368 7644
f 7139 6185 4366
f 4367 6189 7645
f 7149 4371 6184
f 7148 7912 4369
f 4370 7913 6186
f 6194 4374 7664
f 6193 7138 4372
f 4373 7141 7665
f 8150 4377 7660
f 8151 6191 4375
f 4376 6195 7662
f 8152 4380 6190
f 8153 7143 4378
f 4379 7145 6192
f 6200 4383 7158
f 6199 7950 4381
f 4382 7951 7159
f 7643 4386 7154
f 7642 6197 4384
f 4385 6201 7156
f 7649 4389 6196
f 7648 7952 4387
f 4388 7953 6198
f 6206 4392 8154
f 6205 7942 4390
f 4391 7945 8155
f 7152 4395 8156
f 7151 6203 4393
f 4394 6207 8157
f 7161 4398 6202
f 7160 7946 4396
f 4397 7947 6204
f 6212 4401 8158
f 6211 7150 4399
f 4400 7153 8159
f 7652 4404 8160
f 7651 6209 4402
f 4403 6213 8161
f 7657 4407 6208
f 7656 7155 4405
f 4406 7157 6210
f 6218 4410 7170
f 6217 7682 4408
f 4409 7683 7171
f 8162 4413 7166
f 8163 6215 4411
f 4412 6219 7168
f 8164 4416 6214
f 8165 7685 4414
f 4415 7687 6216
f 6224 4419 7908
f 6223 7674 4417
f 4418 7677 7909
f 7164 4422 7906
f 7163 6221 4420
f 4421 6225 7907
f 7173 4425 6220
f 7172 7678 4423
f 4424 7679 6222
f 6230 4428 7920
f 6229 7162 4426
f 4427 7165 7921
f 8166 4431 7916
f 8167 6227 4429
f 4430 6231 7918
f 8168 4434 6226
f 8169 7167 4432
f 4433 7169 6228
f 6236 4437 7182
f 6235 8170 4435
f 4436 8171 7183
f 8172 4440 7178
f 8173 6233 4438
f 4439 6237 7180
f 8174 4443 6232
f 8175 8176 4441
f 4442 8177 6234
f 6242 4446 7670
f 6241 8178 4444
f 4445 8179 7671
f 7176 4449 7668
f 7175 6239 4447
f 4448 6243 7669
f 7185 4452 6238
f 7184 8180 4450
f 4451 8181 6240
f 6248 4455 7688
f 6247 7174 4453
f 4454 7177 7689
f 8182 4458 7684
f 8183 6245 4456
f 4457 6249 7686
f 8184 4461 6244
f 8185 7179 4459
f 4460 7181 6246
f 6254 4464 7194
f 6253 8186 4462
f 4463 8187 7195
f 7667 4467 7190
f 7666 6251 4465
f 4466 6255 7192
f 7673 4470 6250
f 7672 8188 4468
f 4469 8189 6252
f 6260 4473 7926
f 6259 8190 4471
f 4472 8191 7927
f 7188 4476 7924
f 7187 6257 4474
f 4475 6261 7925
f 7197 4479 6256
f 7196 8192 4477
f 4478 8193 6258
f 6266 4482 7936
f 6265 7186 4480
f 4481 7189 7937
f 7676 4485 7934
f 7675 6263 4483
f 4484 6267 7935
f 7681 4488 6262
f 7680 7191 4486
f 4487 7193 6264
f 6272 4491 7206
f 6271 7706 4489
f 4490 7707 7207
f 7987 4494 7202
f 7986 6269 4492
f 4493 6273 7204
f 7989 4497 6268
f 7988 7709 4495
f 4496 7711 6270
f 6278 4500 8164
f 6277 7698 4498
f 4499 7701 8165
f 7200 4503 8162
f 7199 6275 4501
f 4502 6279 8163
f 7209 4506 6274
f 7208 7702 4504
f 4505 7703 6276
f 6284 4509 8168
f 6283 7198 4507
f 4508 7201 8169
f 7992 4512 8166
f 7991 6281 4510
f 4511 6285 8167
f 7997 4515 6280
f 7996 7203 4513
f 4514 7205 6282
f 6290 4518 7218
f 6289 8194 4516
f 4517 8195 7219
f 7971 4521 7214
f 7970 6287 4519
f 4520 6291 7216
f 7977 4524 6286
f 7976 8196 4522
f 4523 8197 6288
f 6296 4527 7694
f 6295 8198 4525
f 4526 8199 7695
f 7212 4530 7692
f 7211 6293 4528
f 4529 6297 7693
f 7221 4533 6292
f 7220 8200 4531
f 4532 8201 6294
f 6302 4536 7712
f 6301 7210 4534
f 4535 7213 7713
f 7979 4539 7708
f 7978 6299 4537
f 4538 6303 7710
f 7981 4542 6298
f 7980 7215 4540
f 4541 7217 6300
f 6308 4545 7230
f 6307 8202 4543
f 4544 8203 7231
f 7691 4548 7226
f 7690 6305 4546
f 4547 6309 7228
f 7697 4551 6304
f 7696 8204 4549
f 4550 8205 6306
f 6314 4554 8174
f 6313 8206 4552
f 4553 8207 8175
f 7224 4557 8172
f 7223 6311 4555
f 4556 6315 8173
f 7233 4560 6310
f 7232 8208 4558
f 4559 8209 6312
f 6320 4563 8184
f 6319 7222 4561
f 4562 7225 8185
f 7700 4566 8182
f 7699 6317 4564
f 4565 6321 8183
f 7705 4569 6316
f 7704 7227 4567
f 4568 7229 6318
f 6326 4572 7242
f 6325 7730 4570
f 4571 7731 7243
f 8210 4575 7238
f 8211 6323 4573
f 4574 6327 7240
f 8212 4578 6322
f 8213 7733 4576
f 4577 7735 6324
f 6332 4581 8132
f 6331 7722 4579
f 4580 7725 8133
f 7236 4584 8130
f 7235 6329 4582
f 4583 6333 8131
f 7245 4587 6328
f 7244 7726 4585
f 4586 7727 6330
f 6338 4590 8144
f 6337 7234 4588
f 4589 7237 8145
f 8214 4593 8140
f 8215 6335 4591
f 4592 6339 8142
f 8216 4596 6334
f 8217 7239 4594
f 4595 7241 6336
f 6344 4599 7254
f 6343 7962 4597
f 4598 7963 7255
f 8218 4602 7250
f 8219 6341 4600
f 4601 6345 7252
f 8220 4605 6340
f 8221 7965 4603
f 4604 7967 6342
f 6350 4608 7718
f 6349 7958 4606
f 4607 7959 7719
f 7248 4611 7716
f 7247 6347 4609
f 4610 6351 7717
f 7257 4614 6346
f 7256 7960 4612
f 4613 7961 6348
f 6356 4617 7736
f 6355 7246 4615
f 4616 7249 7737
f 8222 4620 7732
f 8223 6353 4618
f 4619 6357 7734
f 8224 4623 6352
f 8225 7251 4621
f 4622 7253 6354
f 6362 4626 7266
f 6361 7998 4624
f 4625 7999 7267
f 7715 4629 7262
f 7714 6359 4627
f 4628 6363 7264
f 7721 4632 6358
f 7720 8000 4630
f 4631 8001 6360
f 6368 4635 8148
f 6367 7990 4633
f 4634 7993 8149
f 7260 4638 8146
f 7259 6365 4636
f 4637 6369 8147
f 7269 4641 6364
f 7268 7994 4639
f 4640 7995 6366
f 6374 4644 8152
f 6373 7258 4642
f 4643 7261 8153
f 7724 4647 8150
f 7723 6371 4645
f 4646 6375 8151
f 7729 4650 6370
f 7728 7263 4648
f 4649 7265 6372
f 6380 4653 7278
f 6379 7754 4651
f 4652 7755 7279
f 8226 4656 7274
f 8227 6377 4654
f 4655 6381 7276
f 8228 4659 6376
f 8229 7757 4657
f 4658 7759 6378
f 6386 4662 7956
f 6385 7746 4660
f 4661 7749 7957
f 7272 4665 7954
f 7271 6383 4663
f 4664 6387 7955
f 7281 4668 6382
f 7280 7750 4666
f 4667 7751 6384
f 6392 4671 7968
f 6391 7270 4669
f 4670 7273 7969
f 8230 4674 7964
f 8231 6389 4672
f 4673 6393 7966
f 8232 4677 6388
f 8233 7275 4675
f 4676 7277 6390
f 6398 4680 7290
f 6397 8234 4678
f 4679 8235 7291
f 8236 4683 7286
f 8237 6395 4681
f 4682 6399 7288
f 8238 4686 6394
f 8239 8240 4684
f 4685 8241 6396
f 6404 4689 7742
f 6403 8242 4687
f 4688 8243 7743
f 7284 4692 7740
f 7283 6401 4690
f 4691 6405 7741
f 7293 4695 6400
f 7292 8244 4693
f 4694 8245 6402
f 6410 4698 7760
f 6409 7282 4696
f 4697 7285 7761
f 8246 4701 7756
f 8247 6407 4699
f 4700 6411 7758
f 8248 4704 6406
f 8249 7287 4702
f 4703 7289 6408
f 6416 4707 7302
f 6415 8250 4705
f 4706 8251 7303
f 7739 4710 7298
f 7738 6413 4708
f 4709 6417 7300
f 7745 4713 6412
f 7744 8252 4711
f 4712 8253 6414
f 6422 4716 7974
f 6421 8254 4714
f 4715 8255 7975
f 7296 4719 7972
f 7295 6419 4717
f 4718 6423 7973
f 7305 4722 6418
f 7304 8256 4720
f 4721 8257 6420
f 6428 4725 7984
f 6427 7294 4723
f 4724 7297 7985
f 7748 4728 7982
f 7747 6425 4726
f 4727 6429 7983
f 7753 4731 6424
f 7752 7299 4729
f 4730 7301 6426
f 6434 4734 7314
f 6433 7778 4732
f 4733 7779 7315
f 8035 4737 7310
f 8034 6431 4735
f 4736 6435 7312
f 8037 4740 6430
f 8036 7781 4738
f 4739 7783 6432
f 6440 4743 8258
f 6439 7770 4741
f 4742 7773 8259
f 7308 4746 8260
f 7307 6437 4744
f 4745 6441 8261
f 7317 4749 6436
f 7316 7774 4747
f 4748 7775 6438
f 6446 4752 8262
f 6445 7306 4750
f 4751 7309 8263
f 8040 4755 8264
f 8039 6443 4753
f 4754 6447 8265
f 8045 4758 6442
f 8044 7311 4756
f 4757 7313 6444
f 6452 4761 7326
f 6451 8266 4759
f 4760 8267 7327
f 8019 4764 7322
f 8018 6449 4762
f 4763 6453 7324
f 8025 4767 6448
f 8024 8268 4765
f 4766 8269 6450
f 6458 4770 7766
f 6457 8270 4768
f 4769 8271 7767
f 7320 4773 7764
f 7319 6455 4771
f 4772 6459 7765
f 7329 4776 6454
f 7328 8272 4774
f 4775 8273 6456
f 6464 4779 7784
f 6463 7318 4777
f 4778 7321 7785
f 8027 4782 7780
f 8026 6461 4780
f 4781 6465 7782
f 8029 4785 6460
f 8028 7323 4783
f 4784 7325 6462
f 6470 4788 7338
f 6469 8274 4786
f 4787 8275 7339
f 7763 4791 7334
f 7762 6467 4789
f 4790 6471 7336
f 7769 4794 6466
f 7768 8276 4792
f 4793 8277 6468
f 6476 4797 8278
f 6475 8279 4795
f 4796 8280 8281
f 7332 4800 8282
f 7331 6473 4798
f 4799 6477 8283
f 7341 4803 6472
f 7340 8284 4801
f 4802 8285 6474
f 6482 4806 8286
f 6481 7330 4804
f 4805 7333 8287
f 7772 4809 8288
f 7771 6479 4807
f 4808 6483 8289
f 7777 4812 6478
f 7776 7335 4810
f 4811 7337 6480
f 6488 4815 7350
f 6487 7802 4813
f 4814 7803 7351
f 8115 4818 7346
f 8114 6485 4816
f 4817 6489 7348
f 8117 4821 6484
f 8116 7805 4819
f 4820 7807 6486
f 6494 4824 8290
f 6493 7794 4822
f 4823 7797 8291
f 7344 4827 8292
f 7343 6491 4825
f 4826 6495 8293
f 7353 4830 6490
f 7352 7798 4828
f 4829 7799 6492
f 6500 4833 8294
f 6499 7342 4831
f 4832 7345 8295
f 8120 4836 8296
f 8119 6497 4834
f 4835 6501 8297
f 8125 4839 6496
f 8124 7347 4837
f 4838 7349 6498
f 6506 4842 7362
f 6505 8010 4840
f 4841 8011 7363
f 8107 4845 7358
f 8106 6503 4843
f 4844 6507 7360
f 8109 4848 6502
f 8108 8013 4846
f 4847 8015 6504
f 6512 4851 7790
f 6511 8006 4849
f 4850 8007 7791
f 7356 4854 7788
f 7355 6509 4852
f 4853 6513 7789
f 7365 4857 6508
f 7364 8008 4855
f 4856 8009 6510
f 6518 4860 7808
f 6517 7354 4858
f 4859 7357 7809
f 8111 4863 7804
f 8110 6515 4861
f 4862 6519 7806
f 8113 4866 6514
f 8112 7359 4864
f 4865 7361 6516
f 6524 4869 7374
f 6523 8046 4867
f 4868 8047 7375
f 7787 4872 7370
f 7786 6521 4870
f 4871 6525 7372
f 7793 4875 6520
f 7792 8048 4873
f 4874 8049 6522
f 6530 4878 8298
f 6529 8038 4876
f 4877 8041 8299
f 7368 4881 8300
f 7367 6527 4879
f 4880 6531 8301
f 7377 4884 6526
f 7376 8042 4882
f 4883 8043 6528
f 6536 4887 8302
f 6535 7366 4885
f 4886 7369 8303
f 7796 4890 8304
f 7795 6533 4888
f 4889 6537 8305
f 7801 4893 6532
f 7800 7371 4891
f 4892 7373 6534
f 6542 4896 7386
f 6541 7826 4894
f 4895 7827 7387
f 8187 4899 7382
f 8186 6539 4897
f 4898 6543 7384
f 8189 4902 6538
f 8188 7829 4900
f 4901 7831 6540
f 6548 4905 8004
f 6547 7818 4903
f 4904 7821 8005
f 7380 4908 8002
f 7379 6545 4906
f 4907 6549 8003
f 7389 4911 6544
f 7388 7822 4909
f 4910 7823 6546
f 6554 4914 8016
f 6553 7378 4912
f 4913 7381 8017
f 8191 4917 8012
f 8190 6551 4915
f 4916 6555 8014
f 8193 4920 6550
f 8192 7383 4918
f 4919 7385 6552
f 6560 4923 7398
f 6559 8306 4921
f 4922 8307 7399
f 8171 4926 7394
f 8170 6557 4924
f 4925 6561 7396
f 8177 4929 6556
f 8176 8308 4927
f 4928 8309 6558
f 6566 4932 7814
f 6565 8310 4930
f 4931 8311 7815
f 7392 4935 7812
f 7391 6563 4933
f 4934 6567 7813
f 7401 4938 6562
f 7400 8312 4936
f 4937 8313 6564
f 6572 4941 7832
f 6571 7390 4939
f 4940 7393 7833
f 8179 4944 7828
f 8178 6569 4942
f 4943 6573 7830
f 8181 4947 6568
f 8180 7395 4945
f 4946 7397 6570
f 6578 4950 7410
f 6577 8314 4948
f 4949 8315 7411
f 7811 4953 7406
f 7810 6575 4951
f 4952 6579 7408
f 7817 4956 6574
f 7816 8316 4954
f 4955 8317 6576
f 6584 4959 8022
f 6583 8318 4957
f 4958 8319 8023
f 7404 4962 8020
f 7403 6581 4960
f 4961 6585 8021
f 7413 4965 6580
f 7412 8320 4963
f 4964 8321 6582
f 6590 4968 8032
f 6589 7402 4966
f 4967 7405 8033
f 7820 4971 8030
f 7819 6587 4969
f 4970 6591 8031
f 7825 4974 6586
f 7824 7407 4972
f 4973 7409 6588
f 6596 4977 7422
f 6595 7850 4975
f 4976 7851 7423
f 8083 4980 7418
f 8082 6593 4978
f 4979 6597 7420
f 8085 4983 6592
f 8084 7853 4981
f 4982 7855 6594
f 6602 4986 8322
f 6601 7842 4984
f 4985 7845 8323
f 7416 4989 8324
f 7415 6599 4987
f 4988 6603 8325
f 7425 4992 6598
f 7424 7846 4990
f 4991 7847 6600
f 6608 4995 8326
f 6607 7414 4993
f 4994 7417 8327
f 8088 4998 8328
f 8087 6605 4996
f 4997 6609 8329
f 8093 5001 6604
f 8092 7419 4999
f 5000 7421 6606
f 6614 5004 7434
f 6613 8102 5002
f 5003 8103 7435
f 8067 5007 7430
f 8066 6611 5005
f 5006 6615 7432
f 8073 5010 6610
f 8072 8104 5008
f 5009 8105 6612
f 6620 5013 7838
f 6619 8098 5011
f 5012 8099 7839
f 7428 5016 7836
f 7427 6617 5014
f 5015 6621 7837
f 7437 5019 6616
f 7436 8100 5017
f 5018 8101 6618
f 6626 5022 7856
f 6625 7426 5020
f 5021 7429 7857
f 8075 5025 7852
f 8074 6623 5023
f 5024 6627 7854
f 8077 5028 6622
f 8076 7431 5026
f 5027 7433 6624
f 6632 5031 7446
f 6631 8126 5029
f 5030 8127 7447
f 7835 5034 7442
f 7834 6629 5032
f 5033 6633 7444
f 7841 5037 6628
f 7840 8128 5035
f 5036 8129 6630
f 6638 5040 8330
f 6637 8118 5038
f 5039 8121 8331
f 7440 5043 8332
f 7439 6635 5041
f 5042 6639 8333
f 7449 5046 6634
f 7448 8122 5044
f 5045 8123 6636
f 6644 5049 8334
f 6643 7438 5047
f 5048 7441 8335
f 7844 5052 8336
f 7843 6641 5050
f 5051 6645 8337
f 7849 5055 6640
f 7848 7443 5053
f 5054 7445 6642
f 6650 5058 7458
f 6649 7874 5056
f 5057 7875 7459
f 8338 5061 7454
f 8339 6647 5059
f 5060 6651 7456
f 8340 5064 6646
f 8341 7877 5062
f 5063 7879 6648
f 6656 5067 8342
f 6655 7866 5065
f 5066 7869 8343
f 7452 5070 8344
f 7451 6653 5068
f 5069 6657 8345
f 7461 5073 6652
f 7460 7870 5071
f 5072 7871 6654
f 6662 5076 8346
f 6661 7450 5074
f 5075 7453 8347
f 8348 5079 8349
f 8350 6659 5077
f 5078 6663 8351
f 8352 5082 6658
f 8353 7455 5080
f 5081 7457 6660
f 6668 5085 7470
f 6667 8058 5083
f 5084 8059 7471
f 8354 5088 7466
f 8355 6665 5086
f 5087 6669 7468
f 8356 5091 6664
f 8357 8061 5089
f 5090 8063 6666
f 6674 5094 7862
f 6673 8054 5092
f 5093 8055 7863
f 7464 5097 7860
f 7463 6671 5095
f 5096 6675 7861
f 7473 5100 6670
f 7472 8056 5098
f 5099 8057 6672
f 6680 5103 7880
f 6679 7462 5101
f 5102 7465 7881
f 8358 5106 7876
f 8359 6677 5104
f 5105 6681 7878
f 8360 5109 6676
f 8361 7467 5107
f 5108 7469 6678
f 6686 5112 7482
f 6685 8094 5110
f 5111 8095 7483
f 7859 5115 7478
f 7858 6683 5113
f 5114 6687 7480
f 7865 5118 6682
f 7864 8096 5116
f 5117 8097 6684
f 6692 5121 8362
f 6691 8086 5119
f 5120 8089 8363
f 7476 5124 8364
f 7475 6689 5122
f 5123 6693 8365
f 7485 5127 6688
f 7484 8090 5125
f 5126 8091 6690
f 6698 5130 8366
f 6697 7474 5128
f 5129 7477 8367
f 7868 5133 8368
f 7867 6695 5131
f 5132 6699 8369
f 7873 5136 6694
f 7872 7479 5134
f 5135 7481 6696
f 6704 5139 7494
f 6703 7898 5137
f 5138 7899 7495
f 8370 5142 7490
f 8371 6701 5140
f 5141 6705 7492
f 8372 5145 6700
f 8373 7901 5143
f 5144 7903 6702
f 6710 5148 8052
f 6709 7890 5146
f 5147 7893 8053
f 7488 5151 8050
f 7487 6707 5149
f 5150 6711 8051
f 7497 5154 6706
f 7496 7894 5152
f 5153 7895 6708
f 6716 5157 8064
f 6715 7486 5155
f 5156 7489 8065
f 8374 5160 8060
f 8375 6713 5158
f 5159 6717 8062
f 8376 5163 6712
f 8377 7491 5161
f 5162 7493 6714
f 6722 5166 7506
f 6721 8138 5164
f 5165 8139 7507
f 8378 5169 7502
f 8379 6719 5167
f 5168 6723 7504
f 8380 5172 6718
f 8381 8141 5170
f 5171 8143 6720
f 6728 5175 7886
f 6727 8134 5173
f 5174 8135 7887
f 7500 5178 7884
f 7499 6725 5176
f 5177 6729 7885
f 7509 5181 6724
f 7508 8136 5179
f 5180 8137 6726
f 6734 5184 7904
f 6733 7498 5182
f 5183 7501 7905
f 8382 5187 7900
f 8383 6731 5185
f 5186 6735 7902
f 8384 5190 6730
f 8385 7503 5188
f 5189 7505 6732
f 6740 5193 7518
f 6739 8158 5191
f 5192 8159 7519
f 7883 5196 7514
f 7882 6737 5194
f 5195 6741 7516
f 7889 5199 6736
f 7888 8160 5197
f 5198 8161 6738
f 6746 5202 8070
f 6745 8154 5200
f 5201 8155 8071
f 7512 5205 8068
f 7511 6743 5203
f 5204 6747 8069
f 7521 5208 6742
f 7520 8156 5206
f 5207 8157 6744
f 6752 5211 8080
f 6751 7510 5209
f 5210 7513 8081
f 7892 5214 8078
f 7891 6749 5212
f 5213 6753 8079
f 7897 5217 6748
f 7896 7515 5215
f 5216 7517 6750
f 2146 564 2147
f 2148 2147 562
f 563 2146 2148
f 2149 567 2150
f 2151 2150 565
f 566 2149 2151
f 2152 570 2153
f 2154 2153 568
f 569 2152 2154
f 2155 573 2156
f 2157 2156 571
f 572 2155 2157
f 2158 576 2159
f 2160 2159 574
f 575 2158 2160
f 2161 579 2162
f 2163 2162 577
f 578 2161 2163
f 2164 582 2165
f 2166 2165 580
f 581 2164 2166
f 2167 585 2168
f 2169 2168 583
f 584 2167 2169
f 2170 588 2171
f 2172 2171 586
f 587 2170 2172
f 2173 591 2174
f 2175 2174 589
f 590 2173 2175
f 2176 594 2177
f 2178 2177 592
f 593 2176 2178
f 2179 597 2180
f 2181 2180 595
f 596 2179 2181
f 2182 600 2183
f 2184 2183 598
f 599 2182 2184
f 2185 603 2186
f 2187 2186 601
f 602 2185 2187
f 2188 606 2189
f 2190 2189 604
f 605 2188 2190
f 2191 609 2192
f 2193 2192 607
f 608 2191 2193
f 2194 612 2195
f 2196 2195 610
f 611 2194 2196
f 2197 615 2198
f 2199 2198 613
f 614 2197 2199
f 2200 618 2201
f 2202 2201 616
f 617 2200 2202
f 2203 621 2204
f 2205 2204 619
f 620 2203 2205
f 2206 624 2207
f 2208 2207 622
f 623 2206 2208
f 2209 627 2210
f 2211 2210 625
f 626 2209 2211
f 2212 630 2213
f 2214 2213 628
f 629 2212 2214
f 2215 633 2216
f 2217 2216 631
f 632 2215 2217
f 2218 636 2219
f 2220 2219 634
f 635 2218 2220
f 2221 639 2222
f 2223 2222 637
f 638 2221 2223
f 2224 642 2225
f 2226 2225 640
f 641 2224 2226
f 2227 645 2228
f 2229 2228 643
f 644 2227 2229
f 2230 648 2231
f 2232 2231 646
f 647 2230 2232
f 2233 651 2234
f 2235 2234 649
f 650 2233 2235
f 2236 654 2237
f 2238 2237 652
f 653 2236 2238
f 2239 657 2240
f 2241 2240 655
f 656 2239 2241
f 2242 660 2243
f 2244 2243 658
f 659 2242 2244
f 2245 663 2246
f 2247 2246 661
f 662 2245 2247
f 2248 666 2249
f 2250 2249 664
f 665 2248 2250
f 2251 669 2252
f 2253 2252 667
f 668 2251 2253
f 2254 672 2255
f 2256 2255 670
f 671 2254 2256
f 2257 675 2258
f 2259 2258 673
f 674 2257 2259
f 2260 678 2261
f 2262 2261 676
f 677 2260 2262
f 2263 681 2264
f 2265 2264 679
f 680 2263 2265
f 2266 684 2267
f 2268 2267 682
f 683 2266 2268
f 2269 687 2270
f 2271 2270 685
f 686 2269 2271
f 2272 690 2273
f 2274 2273 688
f 689 2272 2274
f 2275 693 2276
f 2277 2276 691
f 692 2275 2277
f 2278 696 2279
f 2280 2279 694
f 695 2278 2280
f 2281 699 2282
f 2283 2282 697
f 698 2281 2283
f 2284 702 2285
f 2286 2285 700
f 701 2284 2286
f 2287 705 2288
f 2289 2288 703
f 704 2287 2289
f 2290 708 2291
f 2292 2291 706
f 707 2290 2292
f 2293 711 2294
f 2295 2294 709
f 710 2293 2295
f 2296 714 2297
f 2298 2297 712
f 713 2296 2298
f 2299 717 2300
f 2301 2300 715
f 716 2299 2301
f 2302 720 2303
f 2304 2303 718
f 719 2302 2304
f 2305 723 2306
f 2307 2306 721
f 722 2305 2307
f 2308 726 2309
f 2310 2309 724
f 725 2308 2310
f 2311 729 2312
f 2313 2312 727
f 728 2311 2313
f 2314 732 2315
f 2316 2315 730
f 731 2314 2316
f 2317 735 2318
f 2319 2318 733
f 734 2317 2319
f 2320 738 2321
f 2322 2321 736
f 737 2320 2322
f 2323 741 2324
f 2325 2324 739
f 740 2323 2325
f 2326 744 2327
f 2328 2327 742
f 743 2326 2328
f 2329 747 2330
f 2331 2330 745
f 746 2329 2331
f 2332 750 2333
f 2334 2333 748
f 749 2332 2334
f 2335 753 2336
f 2337 2336 751
f 752 2335 2337
f 2338 756 2339
f 2340 2339 754
f 755 2338 2340
f 2341 759 2342
f 2343 2342 757
f 758 2341 2343
f 2344 762 2345
f 2346 2345 760
f 761 2344 2346
f 2347 765 2348
f 2349 2348 763
f 764 2347 2349
f 2350 768 2351
f 2352 2351 766
f 767 2350 2352
f 2353 771 2354
f 2355 2354 769
f 770 2353 2355
f 2356 774 2357
f 2358 2357 772
f 773 2356 2358
f 2359 777 2360
f 2361 2360 775
f 776 2359 2361
f 2362 780 2363
f 2364 2363 778
f 779 2362 2364
f 2365 783 2366
f 2367 2366 781
f 782 2365 2367
f 2368 786 2369
f 2370 2369 784
f 785 2368 2370
f 2371 789 2372
f 2373 2372 787
f 788 2371 2373
f 2374 792 2375
f 2376 2375 790
f 791 2374 2376
f 2377 795 2378
f 2379 2378 793
f 794 2377 2379
f 2380 798 2381
f 2382 2381 796
f 797 2380 2382
f 2383 801 2384
f 2385 2384 799
f 800 2383 2385
f 2386 804 2387
f 2388 2387 802
f 803 2386 2388
f 2389 807 2390
f 2391 2390 805
f 806 2389 2391
f 2392 810 2393
f 2394 2393 808
f 809 2392 2394
f 2395 813 2396
f 2397 2396 811
f 812 2395 2397
f 2398 816 2399
f 2400 2399 814
f 815 2398 2400
f 2401 819 2402
f 2403 2402 817
f 818 2401 2403
f 2404 822 2405
f 2406 2405 820
f 821 2404 2406
f 2407 825 2408
f 2409 2408 823
f 824 2407 2409
f 2410 828 2411
f 2412 2411 826
f 827 2410 2412
f 2413 831 2414
f 2415 2414 829
f 830 2413 2415
f 2416 834 2417
f 2418 2417 832
f 833 2416 2418
f 2419 837 2420
f 2421 2420 835
f 836 2419 2421
f 2422 840 2423
f 2424 2423 838
f 839 2422 2424
f 2425 843 2426
f 2427 2426 841
f 842 2425 2427
f 2428 846 2429
f 2430 2429 844
f 845 2428 2430
f 2431 849 2432
f 2433 2432 847
f 848 2431 2433
f 2434 852 2435
f 2436 2435 850
f 851 2434 2436
f 2437 855 2438
f 2439 2438 853
f 854 2437 2439
f 2440 858 2441
f 2442 2441 856
f 857 2440 2442
f 2443 861 2444
f 2445 2444 859
f 860 2443 2445
f 2446 864 2447
f 2448 2447 862
f 863 2446 2448
f 2449 867 2450
f 2451 2450 865
f 866 2449 2451
f 2452 870 2453
f 2454 2453 868
f 869 2452 2454
f 2455 873 2456
f 2457 2456 871
f 872 2455 2457
f 2458 876 2459
f 2460 2459 874
f 875 2458 2460
f 2461 879 2462
f 2463 2462 877
f 878 2461 2463
f 2464 882 2465
f 2466 2465 880
f 881 2464 2466
f 2467 885 2468
f 2469 2468 883
f 884 2467 2469
f 2470 888 2471
f 2472 2471 886
f 887 2470 2472
f 2473 891 2474
f 2475 2474 889
f 890 2473 2475
f 2476 894 2477
f 2478 2477 892
f 893 2476 2478
f 2479 897 2480
f 2481 2480 895
f 896 2479 2481
f 2482 900 2483
f 2484 2483 898
f 899 2482 2484
f 2485 903 2486
f 2487 2486 901
f 902 2485 2487
f 2488 906 2489
f 2490 2489 904
f 905 2488 2490
f 2491 909 2492
f 2493 2492 907
f 908 2491 2493
f 2494 912 2495
f 2496 2495 910
f 911 2494 2496
f 2497 915 2498
f 2499 2498 913
f 914 2497 2499
f 2500 918 2501
f 2502 2501 916
f 917 2500 2502
f 2503 921 2504
f 2505 2504 919
f 920 2503 2505
f 2506 924 2507
f 2508 2507 922
f 923 2506 2508
f 2509 927 2510
f 2511 2510 925
f 926 2509 2511
f 2512 930 2513
f 2514 2513 928
f 929 2512 2514
f 2515 933 2516
f 2517 2516 931
f 932 2515 2517
f 2518 936 2519
f 2520 2519 934
f 935 2518 2520
f 2521 939 2522
f 2523 2522 937
f 938 2521 2523
f 2524 942 2525
f 2526 2525 940
f 941 2524 2526
f 2527 945 2528
f 2529 2528 943
f 944 2527 2529
f 2530 948 2531
f 2532 2531 946
f 947 2530 2532
f 2533 951 2534
f 2535 2534 949
f 950 2533 2535
f 2536 954 2537
f 2538 2537 952
f 953 2536 2538
f 2539 957 2540
f 2541 2540 955
f 956 2539 2541
f 2542 960 2543
f 2544 2543 958
f 959 2542 2544
f 2545 963 2546
f 2547 2546 961
f 962 2545 2547
f 2548 966 2549
f 2550 2549 964
f 965 2548 2550
f 2551 969 2552
f 2553 2552 967
f 968 2551 2553
f 2554 972 2555
f 2556 2555 970
f 971 2554 2556
f 2557 975 2558
f 2559 2558 973
f 974 2557 2559
f 2560 978 2561
f 2562 2561 976
f 977 2560 2562
f 2563 981 2564
f 2565 2564 979
f 980 2563 2565
f 2566 984 2567
f 2568 2567 982
f 983 2566 2568
f 2569 987 2570
f 2571 2570 985
f 986 2569 2571
f 2572 990 2573
f 2574 2573 988
f 989 2572 2574
f 2575 993 2576
f 2577 2576 991
f 992 2575 2577
f 2578 996 2579
f 2580 2579 994
f 995 2578 2580
f 2581 999 2582
f 2583 2582 997
f 998 2581 2583
f 2584 1002 2585
f 2586 2585 1000
f 1001 2584 2586
f 2587 1005 2588
f 2589 2588 1003
f 1004 2587 2589
f 2590 1008 2591
f 2592 2591 1006
f 1007 2590 2592
f 2593 1011 2594
f 2595 2594 1009
f 1010 2593 2595
f 2596 1014 2597
f 2598 2597 1012
f 1013 2596 2598
f 2599 1017 2600
f 2601 2600 1015
f 1016 2599 2601
f 2602 1020 2603
f 2604 2603 1018
f 1019 2602 2604
f 2605 1023 2606
f 2607 2606 1021
f 1022 2605 2607
f 2608 1026 2609
f 2610 2609 1024
f 1025 2608 2610
f 2611 1029 2612
f 2613 2612 1027
f 1028 2611 2613
f 2614 1032 2615
f 2616 2615 1030
f 1031 2614 2616
f 2617 1035 2618
f 2619 2618 1033
f 1034 2617 2619
f 2620 1038 2621
f 2622 2621 1036
f 1037 2620 2622
f 2623 1041 2624
f 2625 2624 1039
f 1040 2623 2625
f 2626 1044 2627
f 2628 2627 1042
f 1043 2626 2628
f 2629 1047 2630
f 2631 2630 1045
f 1046 2629 2631
f 2632 1050 2633
f 2634 2633 1048
f 1049 2632 2634
f 2635 1053 2636
f 2637 2636 1051
f 1052 2635 2637
f 2638 1056 2639
f 2640 2639 1054
f 1055 2638 2640
f 2641 1059 2642
f 2643 2642 1057
f 1058 2641 2643
f 2644 1062 2645
f 2646 2645 1060
f 1061 2644 2646
f 2647 1065 2648
f 2649 2648 1063
f 1064 2647 2649
f 2650 1068 2651
f 2652 2651 1066
f 1067 2650 2652
f 2653 1071 2654
f 2655 2654 1069
f 1070 2653 2655
f 2656 1074 2657
f 2658 2657 1072
f 1073 2656 2658
f 2659 1077 2660
f 2661 2660 1075
f 1076 2659 2661
f 2662 1080 2663
f 2664 2663 1078
f 1079 2662 2664
f 2665 1083 2666
f 2667 2666 1081
f 1082 2665 2667
f 2668 1086 2669
f 2670 2669 1084
f 1085 2668 2670
f 2671 1089 2672
f 2673 2672 1087
f 1088 2671 2673
f 2674 1092 2675
f 2676 2675 1090
f 1091 2674 2676
f 2677 1095 2678
f 2679 2678 1093
f 1094 2677 2679
f 2680 1098 2681
f 2682 2681 1096
f 1097 2680 2682
f 2683 1101 2684
f 2685 2684 1099
f 1100 2683 2685
f 2686 1104 2687
f 2688 2687 1102
f 1103 2686 2688
f 2689 1107 2690
f 2691 2690 1105
f 1106 2689 2691
f 2692 1110 2693
f 2694 2693 1108
f 1109 2692 2694
f 2695 1113 2696
f 2697 2696 1111
f 1112 2695 2697
f 2698 1116 2699
f 2700 2699 1114
f 1115 2698 2700
f 2701 1119 2702
f 2703 2702 1117
f 1118 2701 2703
f 2704 1122 2705
f 2706 2705 1120
f 1121 2704 2706
f 2707 1125 2708
f 2709 2708 1123
f 1124 2707 2709
f 2710 1128 2711
f 2712 2711 1126
f 1127 2710 2712
f 2713 1131 2714
f 2715 2714 1129
f 1130 2713 2715
f 2716 1134 2717
f 2718 2717 1132
f 1133 2716 2718
f 2719 1137 2720
f 2721 2720 1135
f 1136 2719 2721
f 2722 1140 2723
f 2724 2723 1138
f 1139 2722 2724
f 2725 1143 2726
f 2727 2726 1141
f 1142 2725 2727
f 2728 1146 2729
f 2730 2729 1144
f 1145 2728 2730
f 2731 1149 2732
f 2733 2732 1147
f 1148 2731 2733
f 2734 1152 2735
f 2736 2735 1150
f 1151 2734 2736
f 2737 1155 2738
f 2739 2738 1153
f 1154 2737 2739
f 2740 1158 2741
f 2742 2741 1156
f 1157 2740 2742
f 2743 1161 2744
f 2745 2744 1159
f 1160 2743 2745
f 2746 1164 2747
f 2748 2747 1162
f 1163 2746 2748
f 2749 1167 2750
f 2751 2750 1165
f 1166 2749 2751
f 2752 1170 2753
f 2754 2753 1168
f 1169 2752 2754
f 2755 1173 2756
f 2757 2756 1171
f 1172 2755 2757
f 2758 1176 2759
f 2760 2759 1174
f 1175 2758 2760
f 2761 1179 2762
f 2763 2762 1177
f 1178 2761 2763
f 2764 1182 2765
f 2766 2765 1180
f 1181 2764 2766
f 2767 1185 2768
f 2769 2768 1183
f 1184 2767 2769
f 2770 1188 2771
f 2772 2771 1186
f 1187 2770 2772
f 2773 1191 2774
f 2775 2774 1189
f 1190 2773 2775
f 2776 1194 2777
f 2778 2777 1192
f 1193 2776 2778
f 2779 1197 2780
f 2781 2780 1195
f 1196 2779 2781
f 2782 1200 2783
f 2784 2783 1198
f 1199 2782 2784
f 2785 1203 2786
f 2787 2786 1201
f 1202 2785 2787
f 2788 1206 2789
f 2790 2789 1204
f 1205 2788 2790
f 2791 1209 2792
f 2793 2792 1207
f 1208 2791 2793
f 2794 1212 2795
f 2796 2795 1210
f 1211 2794 2796
f 2797 1215 2798
f 2799 2798 1213
f 1214 2797 2799
f 2800 1218 2801
f 2802 2801 1216
f 1217 2800 2802
f 2803 1221 2804
f 2805 2804 1219
f 1220 2803 2805
f 2806 1224 2807
f 2808 2807 1222
f 1223 2806 2808
f 2809 1227 2810
f 2811 2810 1225
f 1226 2809 2811
f 2812 1230 2813
f 2814 2813 1228
f 1229 2812 2814
f 2815 1233 2816
f 2817 2816 1231
f 1232 2815 2817
f 2818 1236 2819
f 2820 2819 1234
f 1235 2818 2820
f 2821 1239 2822
f 2823 2822 1237
f 1238 2821 2823
f 2824 1242 2825
f 2826 2825 1240
f 1241 2824 2826
f 2827 1245 2828
f 2829 2828 1243
f 1244 2827 2829
f 2830 1248 2831
f 2832 2831 1246
f 1247 2830 2832
f 2833 1251 2834
f 2835 2834 1249
f 1250 2833 2835
f 2836 1254 2837
f 2838 2837 1252
f 1253 2836 2838
f 2839 1257 2840
f 2841 2840 1255
f 1256 2839 2841
f 2842 1260 2843
f 2844 2843 1258
f 1259 2842 2844
f 2845 1263 2846
f 2847 2846 1261
f 1262 2845 2847
f 2848 1266 2849
f 2850 2849 1264
f 1265 2848 2850
f 2851 1269 2852
f 2853 2852 1267
f 1268 2851 2853
f 2854 1272 2855
f 2856 2855 1270
f 1271 2854 2856
f 2857 1275 2858
f 2859 2858 1273
f 1274 2857 2859
f 2860 1278 2861
f 2862 2861 1276
f 1277 2860 2862
f 2863 1281 2864
f 2865 2864 1279
f 1280 2863 2865
f 2866 1284 2867
f 2868 2867 1282
f 1283 2866 2868
f 2869 1287 2870
f 2871 2870 1285
f 1286 2869 2871
f 2872 1290 2873
f 2874 2873 1288
f 1289 2872 2874
f 2875 1293 2876
f 2877 2876 1291
f 1292 2875 2877
f 2878 1296 2879
f 2880 2879 1294
f 1295 2878 2880
f 2881 1299 2882
f 2883 2882 1297
f 1298 2881 2883
f 2884 1302 2885
f 2886 2885 1300
f 1301 2884 2886
f 2887 1305 2888
f 2889 2888 1303
f 1304 2887 2889
f 2890 1308 2891
f 2892 2891 1306
f 1307 2890 2892
f 2893 1311 2894
f 2895 2894 1309
f 1310 2893 2895
f 2896 1314 2897
f 2898 2897 1312
f 1313 2896 2898
f 2899 1317 2900
f 2901 2900 1315
f 1316 2899 2901
f 2902 1320 2903
f 2904 2903 1318
f 1319 2902 2904
f 2905 1323 2906
f 2907 2906 1321
f 1322 2905 2907
f 2908 1326 2909
f 2910 2909 1324
f 1325 2908 2910
f 2911 1329 2912
f 2913 2912 1327
f 1328 2911 2913
f 2914 1331 2915
f 2916 2915 1330
f 564 2914 2916
f 2917 562 2918
f 2919 2918 1332
f 1333 2917 2919
f 2920 1335 2921
f 2922 2921 563
f 1334 2920 2922
f 2923 1337 2924
f 2925 2924 1336
f 567 2923 2925
f 2926 565 2927
f 2928 2927 1338
f 1339 2926 2928
f 2929 1341 2930
f 2931 2930 566
f 1340 2929 2931
f 2932 1343 2933
f 2934 2933 1342
f 570 2932 2934
f 2935 568 2936
f 2937 2936 1344
f 1345 2935 2937
f 2938 1347 2939
f 2940 2939 569
f 1346 2938 2940
f 2941 1349 2942
f 2943 2942 1348
f 573 2941 2943
f 2944 571 2945
f 2946 2945 1350
f 1351 2944 2946
f 2947 1353 2948
f 2949 2948 572
f 1352 2947 2949
f 2950 1355 2951
f 2952 2951 1354
f 576 2950 2952
f 2953 574 2954
f 2955 2954 1356
f 1357 2953 2955
f 2956 1359 2957
f 2958 2957 575
f 1358 2956 2958
f 2959 1361 2960
f 2961 2960 1360
f 579 2959 2961
f 2962 577 2963
f 2964 2963 1362
f 1363 2962 2964
f 2965 1365 2966
f 2967 2966 578
f 1364 2965 2967
f 2968 1367 2969
f 2970 2969 1366
f 582 2968 2970
f 2971 580 2972
f 2973 2972 1368
f 1369 2971 2973
f 2974 1371 2975
f 2976 2975 581
f 1370 2974 2976
f 2977 1373 2978
f 2979 2978 1372
f 585 2977 2979
f 2980 583 2981
f 2982 2981 1374
f 1375 2980 2982
f 2983 1377 2984
f 2985 2984 584
f 1376 2983 2985
f 2986 1379 2987
f 2988 2987 1378
f 588 2986 2988
f 2989 586 2990
f 2991 2990 1380
f 1381 2989 2991
f 2992 1383 2993
f 2994 2993 587
f 1382 2992 2994
f 2995 1385 2996
f 2997 2996 1384
f 591 2995 2997
f 2998 589 2999
f 3000 2999 1386
f 1387 2998 3000
f 3001 1389 3002
f 3003 3002 590
f 1388 3001 3003
f 3004 1391 3005
f 3006 3005 1390
f 594 3004 3006
f 3007 592 3008
f 3009 3008 1392
f 1393 3007 3009
f 3010 1395 3011
f 3012 3011 593
f 1394 3010 3012
f 3013 1397 3014
f 3015 3014 1396
f 597 3013 3015
f 3016 595 3017
f 3018 3017 1398
f 1399 3016 3018
f 3019 1401 3020
f 3021 3020 596
f 1400 3019 3021
f 3022 1403 3023
f 3024 3023 1402
f 600 3022 3024
f 3025 598 3026
f 3027 3026 1404
f 1405 3025 3027
f 3028 1407 3029
f 3030 3029 599
f 1406 3028 3030
f 3031 1409 3032
f 3033 3032 1408
f 603 3031 3033
f 3034 601 3035
f 3036 3035 1410
f 1411 3034 3036
f 3037 1413 3038
f 3039 3038 602
f 1412 3037 3039
f 3040 1415 3041
f 3042 3041 1414
f 606 3040 3042
f 3043 604 3044
f 3045 3044 1416
f 1417 3043 3045
f 3046 1419 3047
f 3048 3047 605
f 1418 3046 3048
f 3049 1421 3050
f 3051 3050 1420
f 609 3049 3051
f 3052 607 3053
f 3054 3053 1422
f 1423 3052 3054
f 3055 1425 3056
f 3057 3056 608
f 1424 3055 3057
f 3058 1427 3059
f 3060 3059 1426
f 612 3058 3060
f 3061 610 3062
f 3063 3062 1428
f 1429 3061 3063
f 3064 1431 3065
f 3066 3065 611
f 1430 3064 3066
f 3067 1433 3068
f 3069 3068 1432
f 615 3067 3069
f 3070 613 3071
f 3072 3071 1434
f 1435 3070 3072
f 3073 1437 3074
f 3075 3074 614
f 1436 3073 3075
f 3076 1439 3077
f 3078 3077 1438
f 618 3076 3078
f 3079 616 3080
f 3081 3080 1440
f 1441 3079 3081
f 3082 1443 3083
f 3084 3083 617
f 1442 3082 3084
f 3085 1445 3086
f 3087 3086 1444
f 621 3085 3087
f 3088 619 3089
f 3090 3089 1446
f 1447 3088 3090
f 3091 1449 3092
f 3093 3092 620
f 1448 3091 3093
f 3094 1451 3095
f 3096 3095 1450
f 624 3094 3096
f 3097 622 3098
f 3099 3098 1452
f 1453 3097 3099
f 3100 1455 3101
f 3102 3101 623
f 1454 3100 3102
f 3103 1457 3104
f 3105 3104 1456
f 627 3103 3105
f 3106 625 3107
f 3108 3107 1458
f 1459 3106 3108
f 3109 1461 3110
f 3111 3110 626
f 1460 3109 3111
f 3112 1463 3113
f 3114 3113 1462
f 630 3112 3114
f 3115 628 3116
f 3117 3116 1464
f 1465 3115 3117
f 3118 1467 3119
f 3120 3119 629
f 1466 3118 3120
f 3121 1469 3122
f 3123 3122 1468
f 633 3121 3123
f 3124 631 3125
f 3126 3125 1470
f 1471 3124 3126
f 3127 1473 3128
f 3129 3128 632
f 1472 3127 3129
f 3130 1475 3131
f 3132 3131 1474
f 636 3130 3132
f 3133 634 3134
f 3135 3134 1476
f 1477 3133 3135
f 3136 1479 3137
f 3138 3137 635
f 1478 3136 3138
f 3139 1481 3140
f 3141 3140 1480
f 639 3139 3141
f 3142 637 3143
f 3144 3143 1482
f 1483 3142 3144
f 3145 1485 3146
f 3147 3146 638
f 1484 3145 3147
f 3148 1487 3149
f 3150 3149 1486
f 642 3148 3150
f 3151 640 3152
f 3153 3152 1488
f 1489 3151 3153
f 3154 1491 3155
f 3156 3155 641
f 1490 3154 3156
f 3157 1493 3158
f 3159 3158 1492
f 645 3157 3159
f 3160 643 3161
f 3162 3161 1494
f 1495 3160 3162
f 3163 1497 3164
f 3165 3164 644
f 1496 3163 3165
f 3166 1499 3167
f 3168 3167 1498
f 648 3166 3168
f 3169 646 3170
f 3171 3170 1500
f 1501 3169 3171
f 3172 1503 3173
f 3174 3173 647
f 1502 3172 3174
f 3175 1505 3176
f 3177 3176 1504
f 651 3175 3177
f 3178 649 3179
f 3180 3179 1506
f 1507 3178 3180
f 3181 1509 3182
f 3183 3182 650
f 1508 3181 3183
f 3184 1511 3185
f 3186 3185 1510
f 654 3184 3186
f 3187 652 3188
f 3189 3188 1512
f 1513 3187 3189
f 3190 1515 3191
f 3192 3191 653
f 1514 3190 3192
f 3193 1517 3194
f 3195 3194 1516
f 657 3193 3195
f 3196 655 3197
f 3198 3197 1518
f 1519 3196 3198
f 3199 1521 3200
f 3201 3200 656
f 1520 3199 3201
f 3202 1523 3203
f 3204 3203 1522
f 660 3202 3204
f 3205 658 3206
f 3207 3206 1524
f 1525 3205 3207
f 3208 1527 3209
f 3210 3209 659
f 1526 3208 3210
f 3211 1529 3212
f 3213 3212 1528
f 663 3211 3213
f 3214 661 3215
f 3216 3215 1530
f 1531 3214 3216
f 3217 1533 3218
f 3219 3218 662
f 1532 3217 3219
f 3220 1535 3221
f 3222 3221 1534
f 666 3220 3222
f 3223 664 3224
f 3225 3224 1536
f 1537 3223 3225
f 3226 1539 3227
f 3228 3227 665
f 1538 3226 3228
f 3229 1541 3230
f 3231 3230 1540
f 669 3229 3231
f 3232 667 3233
f 3234 3233 1542
f 1543 3232 3234
f 3235 1545 3236
f 3237 3236 668
f 1544 3235 3237
f 3238 1547 3239
f 3240 3239 1546
f 672 3238 3240
f 3241 670 3242
f 3243 3242 1548
f 1549 3241 3243
f 3244 1551 3245
f 3246 3245 671
f 1550 3244 3246
f 3247 1553 3248
f 3249 3248 1552
f 675 3247 3249
f 3250 673 3251
f 3252 3251 1554
f 1555 3250 3252
f 3253 1557 3254
f 3255 3254 674
f 1556 3253 3255
f 3256 1559 3257
f 3258 3257 1558
f 678 3256 3258
f 3259 676 3260
f 3261 3260 1560
f 1561 3259 3261
f 3262 1563 3263
f 3264 3263 677
f 1562 3262 3264
f 3265 1565 3266
f 3267 3266 1564
f 681 3265 3267
f 3268 679 3269
f 3270 3269 1566
f 1567 3268 3270
f 3271 1569 3272
f 3273 3272 680
f 1568 3271 3273
f 3274 1571 3275
f 3276 3275 1570
f 684 3274 3276
f 3277 682 3278
f 3279 3278 1572
f 1573 3277 3279
f 3280 1575 3281
f 3282 3281 683
f 1574 3280 3282
f 3283 1577 3284
f 3285 3284 1576
f 687 3283 3285
f 3286 685 3287
f 3288 3287 1578
f 1579 3286 3288
f 3289 1581 3290
f 3291 3290 686
f 1580 3289 3291
f 3292 1583 3293
f 3294 3293 1582
f 690 3292 3294
f 3295 688 3296
f 3297 3296 1584
f 1585 3295 3297
f 3298 1587 3299
f 3300 3299 689
f 1586 3298 3300
f 3301 1589 3302
f 3303 3302 1588
f 693 3301 3303
f 3304 691 3305
f 3306 3305 1590
f 1591 3304 3306
f 3307 1593 3308
f 3309 3308 692
f 1592 3307 3309
f 3310 1595 3311
f 3312 3311 1594
f 696 3310 3312
f 3313 694 3314
f 3315 3314 1596
f 1597 3313 3315
f 3316 1599 3317
f 3318 3317 695
f 1598 3316 3318
f 3319 1601 3320
f 3321 3320 1600
f 699 3319 3321
f 3322 697 3323
f 3324 3323 1602
f 1603 3322 3324
f 3325 1605 3326
f 3327 3326 698
f 1604 3325 3327
f 3328 1607 3329
f 3330 3329 1606
f 702 3328 3330
f 3331 700 3332
f 3333 3332 1608
f 1609 3331 3333
f 3334 1611 3335
f 3336 3335 701
f 1610 3334 3336
f 3337 1613 3338
f 3339 3338 1612
f 705 3337 3339
f 3340 703 3341
f 3342 3341 1614
f 1615 3340 3342
f 3343 1617 3344
f 3345 3344 704
f 1616 3343 3345
f 3346 1619 3347
f 3348 3347 1618
f 708 3346 3348
f 3349 706 3350
f 3351 3350 1620
f 1621 3349 3351
f 3352 1623 3353
f 3354 3353 707
f 1622 3352 3354
f 3355 1625 3356
f 3357 3356 1624
f 711 3355 3357
f 3358 709 3359
f 3360 3359 1626
f 1627 3358 3360
f 3361 1629 3362
f 3363 3362 710
f 1628 3361 3363
f 3364 1631 3365
f 3366 3365 1630
f 714 3364 3366
f 3367 712 3368
f 3369 3368 1632
f 1633 3367 3369
f 3370 1635 3371
f 3372 3371 713
f 1634 3370 3372
f 3373 1637 3374
f 3375 3374 1636
f 717 3373 3375
f 3376 715 3377
f 3378 3377 1638
f 1639 3376 3378
f 3379 1641 3380
f 3381 3380 716
f 1640 3379 3381
f 3382 1643 3383
f 3384 3383 1642
f 720 3382 3384
f 3385 718 3386
f 3387 3386 1644
f 1645 3385 3387
f 3388 1647 3389
f 3390 3389 719
f 1646 3388 3390
f 3391 1649 3392
f 3393 3392 1648
f 723 3391 3393
f 3394 721 3395
f 3396 3395 1650
f 1651 3394 3396
f 3397 1653 3398
f 3399 3398 722
f 1652 3397 3399
f 3400 1655 3401
f 3402 3401 1654
f 726 3400 3402
f 3403 724 3404
f 3405 3404 1656
f 1657 3403 3405
f 3406 1659 3407
f 3408 3407 725
f 1658 3406 3408
f 3409 1661 3410
f 3411 3410 1660
f 729 3409 3411
f 3412 727 3413
f 3414 3413 1662
f 1663 3412 3414
f 3415 1665 3416
f 3417 3416 728
f 1664 3415 3417
f 3418 1667 3419
f 3420 3419 1666
f 732 3418 3420
f 3421 730 3422
f 3423 3422 1668
f 1669 3421 3423
f 3424 1671 3425
f 3426 3425 731
f 1670 3424 3426
f 3427 1673 3428
f 3429 3428 1672
f 735 3427 3429
f 3430 733 3431
f 3432 3431 1674
f 1675 3430 3432
f 3433 1677 3434
f 3435 3434 734
f 1676 3433 3435
f 3436 1679 3437
f 3438 3437 1678
f 738 3436 3438
f 3439 736 3440
f 3441 3440 1680
f 1681 3439 3441
f 3442 1683 3443
f 3444 3443 737
f 1682 3442 3444
f 3445 1685 3446
f 3447 3446 1684
f 741 3445 3447
f 3448 739 3449
f 3450 3449 1686
f 1687 3448 3450
f 3451 1689 3452
f 3453 3452 740
f 1688 3451 3453
f 3454 1691 3455
f 3456 3455 1690
f 744 3454 3456
f 3457 742 3458
f 3459 3458 1692
f 1693 3457 3459
f 3460 1695 3461
f 3462 3461 743
f 1694 3460 3462
f 3463 1697 3464
f 3465 3464 1696
f 747 3463 3465
f 3466 745 3467
f 3468 3467 1698
f 1699 3466 3468
f 3469 1701 3470
f 3471 3470 746
f 1700 3469 3471
f 3472 1703 3473
f 3474 3473 1702
f 750 3472 3474
f 3475 748 3476
f 3477 3476 1704
f 1705 3475 3477
f 3478 1707 3479
f 3480 3479 749
f 1706 3478 3480
f 3481 1709 3482
f 3483 3482 1708
f 753 3481 3483
f 3484 751 3485
f 3486 3485 1710
f 1711 3484 3486
f 3487 1713 3488
f 3489 3488 752
f 1712 3487 3489
f 3490 1714 3491
f 3492 3491 1334
f 756 3490 3492
f 3493 754 3494
f 3495 3494 1333
f 1715 3493 3495
f 3496 1717 3497
f 3498 3497 755
f 1716 3496 3498
f 3499 1719 3500
f 3501 3500 1718
f 759 3499 3501
f 3502 757 3503
f 3504 3503 1720
f 1331 3502 3504
f 3505 1721 3506
f 3507 3506 758
f 1335 3505 3507
f 3508 1330 3509
f 3510 3509 1722
f 762 3508 3510
f 3511 760 3512
f 3513 3512 1723
f 1724 3511 3513
f 3514 1332 3515
f 3516 3515 761
f 1725 3514 3516
f 3517 1726 3518
f 3519 3518 1340
f 765 3517 3519
f 3520 763 3521
f 3522 3521 1339
f 1727 3520 3522
f 3523 1729 3524
f 3525 3524 764
f 1728 3523 3525
f 3526 1731 3527
f 3528 3527 1730
f 768 3526 3528
f 3529 766 3530
f 3531 3530 1732
f 1337 3529 3531
f 3532 1733 3533
f 3534 3533 767
f 1341 3532 3534
f 3535 1336 3536
f 3537 3536 1734
f 771 3535 3537
f 3538 769 3539
f 3540 3539 1735
f 1736 3538 3540
f 3541 1338 3542
f 3543 3542 770
f 1737 3541 3543
f 3544 1738 3545
f 3546 3545 1346
f 774 3544 3546
f 3547 772 3548
f 3549 3548 1345
f 1739 3547 3549
f 3550 1741 3551
f 3552 3551 773
f 1740 3550 3552
f 3553 1743 3554
f 3555 3554 1742
f 777 3553 3555
f 3556 775 3557
f 3558 3557 1744
f 1343 3556 3558
f 3559 1745 3560
f 3561 3560 776
f 1347 3559 3561
f 3562 1342 3563
f 3564 3563 1746
f 780 3562 3564
f 3565 778 3566
f 3567 3566 1747
f 1748 3565 3567
f 3568 1344 3569
f 3570 3569 779
f 1749 3568 3570
f 3571 1750 3572
f 3573 3572 1352
f 783 3571 3573
f 3574 781 3575
f 3576 3575 1351
f 1751 3574 3576
f 3577 1753 3578
f 3579 3578 782
f 1752 3577 3579
f 3580 1755 3581
f 3582 3581 1754
f 786 3580 3582
f 3583 784 3584
f 3585 3584 1756
f 1349 3583 3585
f 3586 1757 3587
f 3588 3587 785
f 1353 3586 3588
f 3589 1348 3590
f 3591 3590 1758
f 789 3589 3591
f 3592 787 3593
f 3594 3593 1759
f 1760 3592 3594
f 3595 1350 3596
f 3597 3596 788
f 1761 3595 3597
f 3598 1762 3599
f 3600 3599 1358
f 792 3598 3600
f 3601 790 3602
f 3603 3602 1357
f 1763 3601 3603
f 3604 1765 3605
f 3606 3605 791
f 1764 3604 3606
f 3607 1767 3608
f 3609 3608 1766
f 795 3607 3609
f 3610 793 3611
f 3612 3611 1768
f 1355 3610 3612
f 3613 1769 3614
f 3615 3614 794
f 1359 3613 3615
f 3616 1354 3617
f 3618 3617 1770
f 798 3616 3618
f 3619 796 3620
f 3621 3620 1771
f 1772 3619 3621
f 3622 1356 3623
f 3624 3623 797
f 1773 3622 3624
f 3625 1774 3626
f 3627 3626 1364
f 801 3625 3627
f 3628 799 3629
f 3630 3629 1363
f 1775 3628 3630
f 3631 1777 3632
f 3633 3632 800
f 1776 3631 3633
f 3634 1779 3635
f 3636 3635 1778
f 804 3634 3636
f 3637 802 3638
f 3639 3638 1780
f 1361 3637 3639
f 3640 1781 3641
f 3642 3641 803
f 1365 3640 3642
f 3643 1360 3644
f 3645 3644 1782
f 807 3643 3645
f 3646 805 3647
f 3648 3647 1783
f 1784 3646 3648
f 3649 1362 3650
f 3651 3650 806
f 1785 3649 3651
f 3652 1786 3653
f 3654 3653 1370
f 810 3652 3654
f 3655 808 3656
f 3657 3656 1369
f 1787 3655 3657
f 3658 1789 3659
f 3660 3659 809
f 1788 3658 3660
f 3661 1791 3662
f 3663 3662 1790
f 813 3661 3663
f 3664 811 3665
f 3666 3665 1792
f 1367 3664 3666
f 3667 1793 3668
f 3669 3668 812
f 1371 3667 3669
f 3670 1366 3671
f 3672 3671 1794
f 816 3670 3672
f 3673 814 3674
f 3675 3674 1795
f 1796 3673 3675
f 3676 1368 3677
f 3678 3677 815
f 1797 3676 3678
f 3679 1798 3680
f 3681 3680 1376
f 819 3679 3681
f 3682 817 3683
f 3684 3683 1375
f 1799 3682 3684
f 3685 1801 3686
f 3687 3686 818
f 1800 3685 3687
f 3688 1803 3689
f 3690 3689 1802
f 822 3688 3690
f 3691 820 3692
f 3693 3692 1804
f 1373 3691 3693
f 3694 1805 3695
f 3696 3695 821
f 1377 3694 3696
f 3697 1372 3698
f 3699 3698 1806
f 825 3697 3699
f 3700 823 3701
f 3702 3701 1807
f 1808 3700 3702
f 3703 1374 3704
f 3705 3704 824
f 1809 3703 3705
f 3706 1810 3707
f 3708 3707 1382
f 828 3706 3708
f 3709 826 3710
f 3711 3710 1381
f 1811 3709 3711
f 3712 1813 3713
f 3714 3713 827
f 1812 3712 3714
f 3715 1815 3716
f 3717 3716 1814
f 831 3715 3717
f 3718 829 3719
f 3720 3719 1816
f 1379 3718 3720
f 3721 1817 3722
f 3723 3722 830
f 1383 3721 3723
f 3724 1378 3725
f 3726 3725 1818
f 834 3724 3726
f 3727 832 3728
f 3729 3728 1819
f 1820 3727 3729
f 3730 1380 3731
f 3732 3731 833
f 1821 3730 3732
f 3733 1822 3734
f 3735 3734 1388
f 837 3733 3735
f 3736 835 3737
f 3738 3737 1387
f 1823 3736 3738
f 3739 1825 3740
f 3741 3740 836
f 1824 3739 3741
f 3742 1827 3743
f 3744 3743 1826
f 840 3742 3744
f 3745 838 3746
f 3747 3746 1828
f 1385 3745 3747
f 3748 1829 3749
f 3750 3749 839
f 1389 3748 3750
f 3751 1384 3752
f 3753 3752 1830
f 843 3751 3753
f 3754 841 3755
f 3756 3755 1831
f 1832 3754 3756
f 3757 1386 3758
f 3759 3758 842
f 1833 3757 3759
f 3760 1834 3761
f 3762 3761 1394
f 846 3760 3762
f 3763 844 3764
f 3765 3764 1393
f 1835 3763 3765
f 3766 1837 3767
f 3768 3767 845
f 1836 3766 3768
f 3769 1839 3770
f 3771 3770 1838
f 849 3769 3771
f 3772 847 3773
f 3774 3773 1840
f 1391 3772 3774
f 3775 1841 3776
f 3777 3776 848
f 1395 3775 3777
f 3778 1390 3779
f 3780 3779 1842
f 852 3778 3780
f 3781 850 3782
f 3783 3782 1843
f 1844 3781 3783
f 3784 1392 3785
f 3786 3785 851
f 1845 3784 3786
f 3787 1846 3788
f 3789 3788 1400
f 855 3787 3789
f 3790 853 3791
f 3792 3791 1399
f 1847 3790 3792
f 3793 1849 3794
f 3795 3794 854
f 1848 3793 3795
f 3796 1851 3797
f 3798 3797 1850
f 858 3796 3798
f 3799 856 3800
f 3801 3800 1852
f 1397 3799 3801
f 3802 1853 3803
f 3804 3803 857
f 1401 3802 3804
f 3805 1396 3806
f 3807 3806 1854
f 861 3805 3807
f 3808 859 3809
f 3810 3809 1855
f 1856 3808 3810
f 3811 1398 3812
f 3813 3812 860
f 1857 3811 3813
f 3814 1858 3815
f 3816 3815 1406
f 864 3814 3816
f 3817 862 3818
f 3819 3818 1405
f 1859 3817 3819
f 3820 1861 3821
f 3822 3821 863
f 1860 3820 3822
f 3823 1863 3824
f 3825 3824 1862
f 867 3823 3825
f 3826 865 3827
f 3828 3827 1864
f 1403 3826 3828
f 3829 1865 3830
f 3831 3830 866
f 1407 3829 3831
f 3832 1402 3833
f 3834 3833 1866
f 870 3832 3834
f 3835 868 3836
f 3837 3836 1867
f 1868 3835 3837
f 3838 1404 3839
f 3840 3839 869
f 1869 3838 3840
f 3841 1870 3842
f 3843 3842 1412
f 873 3841 3843
f 3844 871 3845
f 3846 3845 1411
f 1871 3844 3846
f 3847 1873 3848
f 3849 3848 872
f 1872 3847 3849
f 3850 1875 3851
f 3852 3851 1874
f 876 3850 3852
f 3853 874 3854
f 3855 3854 1876
f 1409 3853 3855
f 3856 1877 3857
f 3858 3857 875
f 1413 3856 3858
f 3859 1408 3860
f 3861 3860 1878
f 879 3859 3861
f 3862 877 3863
f 3864 3863 1879
f 1880 3862 3864
f 3865 1410 3866
f 3867 3866 878
f 1881 3865 3867
f 3868 1882 3869
f 3870 3869 1418
f 882 3868 3870
f 3871 880 3872
f 3873 3872 1417
f 1883 3871 3873
f 3874 1885 3875
f 3876 3875 881
f 1884 3874 3876
f 3877 1887 3878
f 3879 3878 1886
f 885 3877 3879
f 3880 883 3881
f 3882 3881 1888
f 1415 3880 3882
f 3883 1889 3884
f 3885 3884 884
f 1419 3883 3885
f 3886 1414 3887
f 3888 3887 1890
f 888 3886 3888
f 3889 886 3890
f 3891 3890 1891
f 1892 3889 3891
f 3892 1416 3893
f 3894 3893 887
f 1893 3892 3894
f 3895 1894 3896
f 3897 3896 1424
f 891 3895 3897
f 3898 889 3899
f 3900 3899 1423
f 1895 3898 3900
f 3901 1897 3902
f 3903 3902 890
f 1896 3901 3903
f 3904 1899 3905
f 3906 3905 1898
f 894 3904 3906
f 3907 892 3908
f 3909 3908 1900
f 1421 3907 3909
f 3910 1901 3911
f 3912 3911 893
f 1425 3910 3912
f 3913 1420 3914
f 3915 3914 1902
f 897 3913 3915
f 3916 895 3917
f 3918 3917 1903
f 1904 3916 3918
f 3919 1422 3920
f 3921 3920 896
f 1905 3919 3921
f 3922 1722 3923
f 3924 3923 1430
f 900 3922 3924
f 3925 898 3926
f 3927 3926 1429
f 1906 3925 3927
f 3928 1723 3929
f 3930 3929 899
f 1907 3928 3930
f 3931 1718 3932
f 3933 3932 1908
f 903 3931 3933
f 3934 901 3935
f 3936 3935 1909
f 1427 3934 3936
f 3937 1720 3938
f 3939 3938 902
f 1431 3937 3939
f 3940 1426 3941
f 3942 3941 1910
f 906 3940 3942
f 3943 904 3944
f 3945 3944 1911
f 1912 3943 3945
f 3946 1428 3947
f 3948 3947 905
f 1913 3946 3948
f 3949 1914 3950
f 3951 3950 1436
f 909 3949 3951
f 3952 907 3953
f 3954 3953 1435
f 1915 3952 3954
f 3955 1917 3956
f 3957 3956 908
f 1916 3955 3957
f 3958 1918 3959
f 3960 3959 1716
f 912 3958 3960
f 3961 910 3962
f 3963 3962 1715
f 1433 3961 3963
f 3964 1919 3965
f 3966 3965 911
f 1437 3964 3966
f 3967 1432 3968
f 3969 3968 1725
f 915 3967 3969
f 3970 913 3971
f 3972 3971 1724
f 1920 3970 3972
f 3973 1434 3974
f 3975 3974 914
f 1921 3973 3975
f 3976 1922 3977
f 3978 3977 1442
f 918 3976 3978
f 3979 916 3980
f 3981 3980 1441
f 1714 3979 3981
f 3982 1923 3983
f 3984 3983 917
f 1717 3982 3984
f 3985 1925 3986
f 3987 3986 1924
f 921 3985 3987
f 3988 919 3989
f 3990 3989 1926
f 1439 3988 3990
f 3991 1927 3992
f 3993 3992 920
f 1443 3991 3993
f 3994 1438 3995
f 3996 3995 1928
f 924 3994 3996
f 3997 922 3998
f 3999 3998 1929
f 1719 3997 3999
f 4000 1440 4001
f 4002 4001 923
f 1721 4000 4002
f 4003 1734 4004
f 4005 4004 1448
f 927 4003 4005
f 4006 925 4007
f 4008 4007 1447
f 1930 4006 4008
f 4009 1735 4010
f 4011 4010 926
f 1931 4009 4011
f 4012 1730 4013
f 4014 4013 1932
f 930 4012 4014
f 4015 928 4016
f 4017 4016 1933
f 1445 4015 4017
f 4018 1732 4019
f 4020 4019 929
f 1449 4018 4020
f 4021 1444 4022
f 4023 4022 1934
f 933 4021 4023
f 4024 931 4025
f 4026 4025 1935
f 1936 4024 4026
f 4027 1446 4028
f 4029 4028 932
f 1937 4027 4029
f 4030 1938 4031
f 4032 4031 1454
f 936 4030 4032
f 4033 934 4034
f 4035 4034 1453
f 1939 4033 4035
f 4036 1941 4037
f 4038 4037 935
f 1940 4036 4038
f 4039 1942 4040
f 4041 4040 1728
f 939 4039 4041
f 4042 937 4043
f 4044 4043 1727
f 1451 4042 4044
f 4045 1943 4046
f 4047 4046 938
f 1455 4045 4047
f 4048 1450 4049
f 4050 4049 1737
f 942 4048 4050
f 4051 940 4052
f 4053 4052 1736
f 1944 4051 4053
f 4054 1452 4055
f 4056 4055 941
f 1945 4054 4056
f 4057 1946 4058
f 4059 4058 1460
f 945 4057 4059
f 4060 943 4061
f 4062 4061 1459
f 1726 4060 4062
f 4063 1947 4064
f 4065 4064 944
f 1729 4063 4065
f 4066 1949 4067
f 4068 4067 1948
f 948 4066 4068
f 4069 946 4070
f 4071 4070 1950
f 1457 4069 4071
f 4072 1951 4073
f 4074 4073 947
f 1461 4072 4074
f 4075 1456 4076
f 4077 4076 1952
f 951 4075 4077
f 4078 949 4079
f 4080 4079 1953
f 1731 4078 4080
f 4081 1458 4082
f 4083 4082 950
f 1733 4081 4083
f 4084 1746 4085
f 4086 4085 1466
f 954 4084 4086
f 4087 952 4088
f 4089 4088 1465
f 1954 4087 4089
f 4090 1747 4091
f 4092 4091 953
f 1955 4090 4092
f 4093 1742 4094
f 4095 4094 1956
f 957 4093 4095
f 4096 955 4097
f 4098 4097 1957
f 1463 4096 4098
f 4099 1744 4100
f 4101 4100 956
f 1467 4099 4101
f 4102 1462 4103
f 4104 4103 1958
f 960 4102 4104
f 4105 958 4106
f 4107 4106 1959
f 1960 4105 4107
f 4108 1464 4109
f 4110 4109 959
f 1961 4108 4110
f 4111 1962 4112
f 4113 4112 1472
f 963 4111 4113
f 4114 961 4115
f 4116 4115 1471
f 1963 4114 4116
f 4117 1965 4118
f 4119 4118 962
f 1964 4117 4119
f 4120 1966 4121
f 4122 4121 1740
f 966 4120 4122
f 4123 964 4124
f 4125 4124 1739
f 1469 4123 4125
f 4126 1967 4127
f 4128 4127 965
f 1473 4126 4128
f 4129 1468 4130
f 4131 4130 1749
f 969 4129 4131
f 4132 967 4133
f 4134 4133 1748
f 1968 4132 4134
f 4135 1470 4136
f 4137 4136 968
f 1969 4135 4137
f 4138 1970 4139
f 4140 4139 1478
f 972 4138 4140
f 4141 970 4142
f 4143 4142 1477
f 1738 4141 4143
f 4144 1971 4145
f 4146 4145 971
f 1741 4144 4146
f 4147 1973 4148
f 4149 4148 1972
f 975 4147 4149
f 4150 973 4151
f 4152 4151 1974
f 1475 4150 4152
f 4153 1975 4154
f 4155 4154 974
f 1479 4153 4155
f 4156 1474 4157
f 4158 4157 1976
f 978 4156 4158
f 4159 976 4160
f 4161 4160 1977
f 1743 4159 4161
f 4162 1476 4163
f 4164 4163 977
f 1745 4162 4164
f 4165 1758 4166
f 4167 4166 1484
f 981 4165 4167
f 4168 979 4169
f 4170 4169 1483
f 1978 4168 4170
f 4171 1759 4172
f 4173 4172 980
f 1979 4171 4173
f 4174 1754 4175
f 4176 4175 1980
f 984 4174 4176
f 4177 982 4178
f 4179 4178 1981
f 1481 4177 4179
f 4180 1756 4181
f 4182 4181 983
f 1485 4180 4182
f 4183 1480 4184
f 4185 4184 1982
f 987 4183 4185
f 4186 985 4187
f 4188 4187 1983
f 1984 4186 4188
f 4189 1482 4190
f 4191 4190 986
f 1985 4189 4191
f 4192 1986 4193
f 4194 4193 1490
f 990 4192 4194
f 4195 988 4196
f 4197 4196 1489
f 1987 4195 4197
f 4198 1989 4199
f 4200 4199 989
f 1988 4198 4200
f 4201 1990 4202
f 4203 4202 1752
f 993 4201 4203
f 4204 991 4205
f 4206 4205 1751
f 1487 4204 4206
f 4207 1991 4208
f 4209 4208 992
f 1491 4207 4209
f 4210 1486 4211
f 4212 4211 1761
f 996 4210 4212
f 4213 994 4214
f 4215 4214 1760
f 1992 4213 4215
f 4216 1488 4217
f 4218 4217 995
f 1993 4216 4218
f 4219 1994 4220
f 4221 4220 1496
f 999 4219 4221
f 4222 997 4223
f 4224 4223 1495
f 1750 4222 4224
f 4225 1995 4226
f 4227 4226 998
f 1753 4225 4227
f 4228 1997 4229
f 4230 4229 1996
f 1002 4228 4230
f 4231 1000 4232
f 4233 4232 1998
f 1493 4231 4233
f 4234 1999 4235
f 4236 4235 1001
f 1497 4234 4236
f 4237 1492 4238
f 4239 4238 2000
f 1005 4237 4239
f 4240 1003 4241
f 4242 4241 2001
f 1755 4240 4242
f 4243 1494 4244
f 4245 4244 1004
f 1757 4243 4245
f 4246 1770 4247
f 4248 4247 1502
f 1008 4246 4248
f 4249 1006 4250
f 4251 4250 1501
f 1922 4249 4251
f 4252 1771 4253
f 4254 4253 1007
f 1923 4252 4254
f 4255 1766 4256
f 4257 4256 2002
f 1011 4255 4257
f 4258 1009 4259
f 4260 4259 2003
f 1499 4258 4260
f 4261 1768 4262
f 4263 4262 1010
f 1503 4261 4263
f 4264 1498 4265
f 4266 4265 2004
f 1014 4264 4266
f 4267 1012 4268
f 4269 4268 2005
f 1925 4267 4269
f 4270 1500 4271
f 4272 4271 1013
f 1927 4270 4272
f 4273 2006 4274
f 4275 4274 1508
f 1017 4273 4275
f 4276 1015 4277
f 4278 4277 1507
f 1914 4276 4278
f 4279 2007 4280
f 4281 4280 1016
f 1917 4279 4281
f 4282 2008 4283
f 4284 4283 1764
f 1020 4282 4284
f 4285 1018 4286
f 4287 4286 1763
f 1505 4285 4287
f 4288 2009 4289
f 4290 4289 1019
f 1509 4288 4290
f 4291 1504 4292
f 4293 4292 1773
f 1023 4291 4293
f 4294 1021 4295
f 4296 4295 1772
f 1918 4294 4296
f 4297 1506 4298
f 4299 4298 1022
f 1919 4297 4299
f 4300 2010 4301
f 4302 4301 1514
f 1026 4300 4302
f 4303 1024 4304
f 4305 4304 1513
f 1762 4303 4305
f 4306 2011 4307
f 4308 4307 1025
f 1765 4306 4308
f 4309 2013 4310
f 4311 4310 2012
f 1029 4309 4311
f 4312 1027 4313
f 4314 4313 2014
f 1511 4312 4314
f 4315 2015 4316
f 4317 4316 1028
f 1515 4315 4317
f 4318 1510 4319
f 4320 4319 2016
f 1032 4318 4320
f 4321 1030 4322
f 4323 4322 2017
f 1767 4321 4323
f 4324 1512 4325
f 4326 4325 1031
f 1769 4324 4326
f 4327 1782 4328
f 4329 4328 1520
f 1035 4327 4329
f 4330 1033 4331
f 4332 4331 1519
f 2018 4330 4332
f 4333 1783 4334
f 4335 4334 1034
f 2019 4333 4335
f 4336 1778 4337
f 4338 4337 2020
f 1038 4336 4338
f 4339 1036 4340
f 4341 4340 2021
f 1517 4339 4341
f 4342 1780 4343
f 4344 4343 1037
f 1521 4342 4344
f 4345 1516 4346
f 4347 4346 2022
f 1041 4345 4347
f 4348 1039 4349
f 4350 4349 2023
f 2024 4348 4350
f 4351 1518 4352
f 4353 4352 1040
f 2025 4351 4353
f 4354 1910 4355
f 4356 4355 1526
f 1044 4354 4356
f 4357 1042 4358
f 4359 4358 1525
f 2026 4357 4359
f 4360 1911 4361
f 4362 4361 1043
f 2027 4360 4362
f 4363 1908 4364
f 4365 4364 1776
f 1047 4363 4365
f 4366 1045 4367
f 4368 4367 1775
f 1523 4366 4368
f 4369 1909 4370
f 4371 4370 1046
f 1527 4369 4371
f 4372 1522 4373
f 4374 4373 1785
f 1050 4372 4374
f 4375 1048 4376
f 4377 4376 1784
f 2028 4375 4377
f 4378 1524 4379
f 4380 4379 1049
f 2029 4378 4380
f 4381 1928 4382
f 4383 4382 1532
f 1053 4381 4383
f 4384 1051 4385
f 4386 4385 1531
f 1774 4384 4386
f 4387 1929 4388
f 4389 4388 1052
f 1777 4387 4389
f 4390 1924 4391
f 4392 4391 2030
f 1056 4390 4392
f 4393 1054 4394
f 4395 4394 2031
f 1529 4393 4395
f 4396 1926 4397
f 4398 4397 1055
f 1533 4396 4398
f 4399 1528 4400
f 4401 4400 2032
f 1059 4399 4401
f 4402 1057 4403
f 4404 4403 2033
f 1779 4402 4404
f 4405 1530 4406
f 4407 4406 1058
f 1781 4405 4407
f 4408 1794 4409
f 4410 4409 1538
f 1062 4408 4410
f 4411 1060 4412
f 4413 4412 1537
f 2034 4411 4413
f 4414 1795 4415
f 4416 4415 1061
f 2035 4414 4416
f 4417 1790 4418
f 4419 4418 1907
f 1065 4417 4419
f 4420 1063 4421
f 4422 4421 1906
f 1535 4420 4422
f 4423 1792 4424
f 4425 4424 1064
f 1539 4423 4425
f 4426 1534 4427
f 4428 4427 1913
f 1068 4426 4428
f 4429 1066 4430
f 4431 4430 1912
f 2036 4429 4431
f 4432 1536 4433
f 4434 4433 1067
f 2037 4432 4434
f 4435 2038 4436
f 4437 4436 1544
f 1071 4435 4437
f 4438 1069 4439
f 4440 4439 1543
f 2039 4438 4440
f 4441 2041 4442
f 4443 4442 1070
f 2040 4441 4443
f 4444 2042 4445
f 4446 4445 1788
f 1074 4444 4446
f 4447 1072 4448
f 4449 4448 1787
f 1541 4447 4449
f 4450 2043 4451
f 4452 4451 1073
f 1545 4450 4452
f 4453 1540 4454
f 4455 4454 1797
f 1077 4453 4455
f 4456 1075 4457
f 4458 4457 1796
f 2044 4456 4458
f 4459 1542 4460
f 4461 4460 1076
f 2045 4459 4461
f 4462 2046 4463
f 4464 4463 1550
f 1080 4462 4464
f 4465 1078 4466
f 4467 4466 1549
f 1786 4465 4467
f 4468 2047 4469
f 4470 4469 1079
f 1789 4468 4470
f 4471 2048 4472
f 4473 4472 1916
f 1083 4471 4473
f 4474 1081 4475
f 4476 4475 1915
f 1547 4474 4476
f 4477 2049 4478
f 4479 4478 1082
f 1551 4477 4479
f 4480 1546 4481
f 4482 4481 1921
f 1086 4480 4482
f 4483 1084 4484
f 4485 4484 1920
f 1791 4483 4485
f 4486 1548 4487
f 4488 4487 1085
f 1793 4486 4488
f 4489 1806 4490
f 4491 4490 1556
f 1089 4489 4491
f 4492 1087 4493
f 4494 4493 1555
f 1946 4492 4494
f 4495 1807 4496
f 4497 4496 1088
f 1947 4495 4497
f 4498 1802 4499
f 4500 4499 2035
f 1092 4498 4500
f 4501 1090 4502
f 4503 4502 2034
f 1553 4501 4503
f 4504 1804 4505
f 4506 4505 1091
f 1557 4504 4506
f 4507 1552 4508
f 4509 4508 2037
f 1095 4507 4509
f 4510 1093 4511
f 4512 4511 2036
f 1949 4510 4512
f 4513 1554 4514
f 4515 4514 1094
f 1951 4513 4515
f 4516 2050 4517
f 4518 4517 1562
f 1098 4516 4518
f 4519 1096 4520
f 4521 4520 1561
f 1938 4519 4521
f 4522 2051 4523
f 4524 4523 1097
f 1941 4522 4524
f 4525 2052 4526
f 4527 4526 1800
f 1101 4525 4527
f 4528 1099 4529
f 4530 4529 1799
f 1559 4528 4530
f 4531 2053 4532
f 4533 4532 1100
f 1563 4531 4533
f 4534 1558 4535
f 4536 4535 1809
f 1104 4534 4536
f 4537 1102 4538
f 4539 4538 1808
f 1942 4537 4539
f 4540 1560 4541
f 4542 4541 1103
f 1943 4540 4542
f 4543 2054 4544
f 4545 4544 1568
f 1107 4543 4545
f 4546 1105 4547
f 4548 4547 1567
f 1798 4546 4548
f 4549 2055 4550
f 4551 4550 1106
f 1801 4549 4551
f 4552 2056 4553
f 4554 4553 2040
f 1110 4552 4554
f 4555 1108 4556
f 4557 4556 2039
f 1565 4555 4557
f 4558 2057 4559
f 4560 4559 1109
f 1569 4558 4560
f 4561 1564 4562
f 4563 4562 2045
f 1113 4561 4563
f 4564 1111 4565
f 4566 4565 2044
f 1803 4564 4566
f 4567 1566 4568
f 4569 4568 1112
f 1805 4567 4569
f 4570 1818 4571
f 4572 4571 1574
f 1116 4570 4572
f 4573 1114 4574
f 4575 4574 1573
f 2058 4573 4575
f 4576 1819 4577
f 4578 4577 1115
f 2059 4576 4578
f 4579 1814 4580
f 4581 4580 2019
f 1119 4579 4581
f 4582 1117 4583
f 4584 4583 2018
f 1571 4582 4584
f 4585 1816 4586
f 4587 4586 1118
f 1575 4585 4587
f 4588 1570 4589
f 4590 4589 2025
f 1122 4588 4590
f 4591 1120 4592
f 4593 4592 2024
f 2060 4591 4593
f 4594 1572 4595
f 4596 4595 1121
f 2061 4594 4596
f 4597 1934 4598
f 4599 4598 1580
f 1125 4597 4599
f 4600 1123 4601
f 4602 4601 1579
f 2062 4600 4602
f 4603 1935 4604
f 4605 4604 1124
f 2063 4603 4605
f 4606 1932 4607
f 4608 4607 1812
f 1128 4606 4608
f 4609 1126 4610
f 4611 4610 1811
f 1577 4609 4611
f 4612 1933 4613
f 4614 4613 1127
f 1581 4612 4614
f 4615 1576 4616
f 4617 4616 1821
f 1131 4615 4617
f 4618 1129 4619
f 4620 4619 1820
f 2064 4618 4620
f 4621 1578 4622
f 4623 4622 1130
f 2065 4621 4623
f 4624 1952 4625
f 4626 4625 1586
f 1134 4624 4626
f 4627 1132 4628
f 4629 4628 1585
f 1810 4627 4629
f 4630 1953 4631
f 4632 4631 1133
f 1813 4630 4632
f 4633 1948 4634
f 4635 4634 2027
f 1137 4633 4635
f 4636 1135 4637
f 4638 4637 2026
f 1583 4636 4638
f 4639 1950 4640
f 4641 4640 1136
f 1587 4639 4641
f 4642 1582 4643
f 4644 4643 2029
f 1140 4642 4644
f 4645 1138 4646
f 4647 4646 2028
f 1815 4645 4647
f 4648 1584 4649
f 4650 4649 1139
f 1817 4648 4650
f 4651 1830 4652
f 4653 4652 1592
f 1143 4651 4653
f 4654 1141 4655
f 4656 4655 1591
f 2066 4654 4656
f 4657 1831 4658
f 4659 4658 1142
f 2067 4657 4659
f 4660 1826 4661
f 4662 4661 1931
f 1146 4660 4662
f 4663 1144 4664
f 4665 4664 1930
f 1589 4663 4665
f 4666 1828 4667
f 4668 4667 1145
f 1593 4666 4668
f 4669 1588 4670
f 4671 4670 1937
f 1149 4669 4671
f 4672 1147 4673
f 4674 4673 1936
f 2068 4672 4674
f 4675 1590 4676
f 4677 4676 1148
f 2069 4675 4677
f 4678 2070 4679
f 4680 4679 1598
f 1152 4678 4680
f 4681 1150 4682
f 4683 4682 1597
f 2071 4681 4683
f 4684 2073 4685
f 4686 4685 1151
f 2072 4684 4686
f 4687 2074 4688
f 4689 4688 1824
f 1155 4687 4689
f 4690 1153 4691
f 4692 4691 1823
f 1595 4690 4692
f 4693 2075 4694
f 4695 4694 1154
f 1599 4693 4695
f 4696 1594 4697
f 4698 4697 1833
f 1158 4696 4698
f 4699 1156 4700
f 4701 4700 1832
f 2076 4699 4701
f 4702 1596 4703
f 4704 4703 1157
f 2077 4702 4704
f 4705 2078 4706
f 4707 4706 1604
f 1161 4705 4707
f 4708 1159 4709
f 4710 4709 1603
f 1822 4708 4710
f 4711 2079 4712
f 4713 4712 1160
f 1825 4711 4713
f 4714 2080 4715
f 4716 4715 1940
f 1164 4714 4716
f 4717 1162 4718
f 4719 4718 1939
f 1601 4717 4719
f 4720 2081 4721
f 4722 4721 1163
f 1605 4720 4722
f 4723 1600 4724
f 4725 4724 1945
f 1167 4723 4725
f 4726 1165 4727
f 4728 4727 1944
f 1827 4726 4728
f 4729 1602 4730
f 4731 4730 1166
f 1829 4729 4731
f 4732 1842 4733
f 4734 4733 1610
f 1170 4732 4734
f 4735 1168 4736
f 4737 4736 1609
f 1970 4735 4737
f 4738 1843 4739
f 4740 4739 1169
f 1971 4738 4740
f 4741 1838 4742
f 4743 4742 2082
f 1173 4741 4743
f 4744 1171 4745
f 4746 4745 2083
f 1607 4744 4746
f 4747 1840 4748
f 4749 4748 1172
f 1611 4747 4749
f 4750 1606 4751
f 4752 4751 2084
f 1176 4750 4752
f 4753 1174 4754
f 4755 4754 2085
f 1973 4753 4755
f 4756 1608 4757
f 4758 4757 1175
f 1975 4756 4758
f 4759 2086 4760
f 4761 4760 1616
f 1179 4759 4761
f 4762 1177 4763
f 4764 4763 1615
f 1962 4762 4764
f 4765 2087 4766
f 4767 4766 1178
f 1965 4765 4767
f 4768 2088 4769
f 4770 4769 1836
f 1182 4768 4770
f 4771 1180 4772
f 4773 4772 1835
f 1613 4771 4773
f 4774 2089 4775
f 4776 4775 1181
f 1617 4774 4776
f 4777 1612 4778
f 4779 4778 1845
f 1185 4777 4779
f 4780 1183 4781
f 4782 4781 1844
f 1966 4780 4782
f 4783 1614 4784
f 4785 4784 1184
f 1967 4783 4785
f 4786 2090 4787
f 4788 4787 1622
f 1188 4786 4788
f 4789 1186 4790
f 4791 4790 1621
f 1834 4789 4791
f 4792 2091 4793
f 4794 4793 1187
f 1837 4792 4794
f 4795 2093 4796
f 4797 4796 2092
f 1191 4795 4797
f 4798 1189 4799
f 4800 4799 2094
f 1619 4798 4800
f 4801 2095 4802
f 4803 4802 1190
f 1623 4801 4803
f 4804 1618 4805
f 4806 4805 2096
f 1194 4804 4806
f 4807 1192 4808
f 4809 4808 2097
f 1839 4807 4809
f 4810 1620 4811
f 4812 4811 1193
f 1841 4810 4812
f 4813 1854 4814
f 4815 4814 1628
f 1197 4813 4815
f 4816 1195 4817
f 4818 4817 1627
f 2010 4816 4818
f 4819 1855 4820
f 4821 4820 1196
f 2011 4819 4821
f 4822 1850 4823
f 4824 4823 2098
f 1200 4822 4824
f 4825 1198 4826
f 4827 4826 2099
f 1625 4825 4827
f 4828 1852 4829
f 4830 4829 1199
f 1629 4828 4830
f 4831 1624 4832
f 4833 4832 2100
f 1203 4831 4833
f 4834 1201 4835
f 4836 4835 2101
f 2013 4834 4836
f 4837 1626 4838
f 4839 4838 1202
f 2015 4837 4839
f 4840 1958 4841
f 4842 4841 1634
f 1206 4840 4842
f 4843 1204 4844
f 4845 4844 1633
f 2006 4843 4845
f 4846 1959 4847
f 4848 4847 1205
f 2007 4846 4848
f 4849 1956 4850
f 4851 4850 1848
f 1209 4849 4851
f 4852 1207 4853
f 4854 4853 1847
f 1631 4852 4854
f 4855 1957 4856
f 4857 4856 1208
f 1635 4855 4857
f 4858 1630 4859
f 4860 4859 1857
f 1212 4858 4860
f 4861 1210 4862
f 4863 4862 1856
f 2008 4861 4863
f 4864 1632 4865
f 4866 4865 1211
f 2009 4864 4866
f 4867 1976 4868
f 4869 4868 1640
f 1215 4867 4869
f 4870 1213 4871
f 4872 4871 1639
f 1846 4870 4872
f 4873 1977 4874
f 4875 4874 1214
f 1849 4873 4875
f 4876 1972 4877
f 4878 4877 2102
f 1218 4876 4878
f 4879 1216 4880
f 4881 4880 2103
f 1637 4879 4881
f 4882 1974 4883
f 4884 4883 1217
f 1641 4882 4884
f 4885 1636 4886
f 4887 4886 2104
f 1221 4885 4887
f 4888 1219 4889
f 4890 4889 2105
f 1851 4888 4890
f 4891 1638 4892
f 4893 4892 1220
f 1853 4891 4893
f 4894 1866 4895
f 4896 4895 1646
f 1224 4894 4896
f 4897 1222 4898
f 4899 4898 1645
f 2046 4897 4899
f 4900 1867 4901
f 4902 4901 1223
f 2047 4900 4902
f 4903 1862 4904
f 4905 4904 1955
f 1227 4903 4905
f 4906 1225 4907
f 4908 4907 1954
f 1643 4906 4908
f 4909 1864 4910
f 4911 4910 1226
f 1647 4909 4911
f 4912 1642 4913
f 4914 4913 1961
f 1230 4912 4914
f 4915 1228 4916
f 4917 4916 1960
f 2048 4915 4917
f 4918 1644 4919
f 4920 4919 1229
f 2049 4918 4920
f 4921 2106 4922
f 4923 4922 1652
f 1233 4921 4923
f 4924 1231 4925
f 4926 4925 1651
f 2038 4924 4926
f 4927 2107 4928
f 4929 4928 1232
f 2041 4927 4929
f 4930 2108 4931
f 4932 4931 1860
f 1236 4930 4932
f 4933 1234 4934
f 4935 4934 1859
f 1649 4933 4935
f 4936 2109 4937
f 4938 4937 1235
f 1653 4936 4938
f 4939 1648 4940
f 4941 4940 1869
f 1239 4939 4941
f 4942 1237 4943
f 4944 4943 1868
f 2042 4942 4944
f 4945 1650 4946
f 4947 4946 1238
f 2043 4945 4947
f 4948 2110 4949
f 4950 4949 1658
f 1242 4948 4950
f 4951 1240 4952
f 4953 4952 1657
f 1858 4951 4953
f 4954 2111 4955
f 4956 4955 1241
f 1861 4954 4956
f 4957 2112 4958
f 4959 4958 1964
f 1245 4957 4959
f 4960 1243 4961
f 4962 4961 1963
f 1655 4960 4962
f 4963 2113 4964
f 4965 4964 1244
f 1659 4963 4965
f 4966 1654 4967
f 4968 4967 1969
f 1248 4966 4968
f 4969 1246 4970
f 4971 4970 1968
f 1863 4969 4971
f 4972 1656 4973
f 4974 4973 1247
f 1865 4972 4974
f 4975 1878 4976
f 4977 4976 1664
f 1251 4975 4977
f 4978 1249 4979
f 4980 4979 1663
f 1994 4978 4980
f 4981 1879 4982
f 4983 4982 1250
f 1995 4981 4983
f 4984 1874 4985
f 4986 4985 2114
f 1254 4984 4986
f 4987 1252 4988
f 4989 4988 2115
f 1661 4987 4989
f 4990 1876 4991
f 4992 4991 1253
f 1665 4990 4992
f 4993 1660 4994
f 4995 4994 2116
f 1257 4993 4995
f 4996 1255 4997
f 4998 4997 2117
f 1997 4996 4998
f 4999 1662 5000
f 5001 5000 1256
f 1999 4999 5001
f 5002 2004 5003
f 5004 5003 1670
f 1260 5002 5004
f 5005 1258 5006
f 5007 5006 1669
f 1986 5005 5007
f 5008 2005 5009
f 5010 5009 1259
f 1989 5008 5010
f 5011 2002 5012
f 5013 5012 1872
f 1263 5011 5013
f 5014 1261 5015
f 5016 5015 1871
f 1667 5014 5016
f 5017 2003 5018
f 5019 5018 1262
f 1671 5017 5019
f 5020 1666 5021
f 5022 5021 1881
f 1266 5020 5022
f 5023 1264 5024
f 5025 5024 1880
f 1990 5023 5025
f 5026 1668 5027
f 5028 5027 1265
f 1991 5026 5028
f 5029 2016 5030
f 5031 5030 1676
f 1269 5029 5031
f 5032 1267 5033
f 5034 5033 1675
f 1870 5032 5034
f 5035 2017 5036
f 5037 5036 1268
f 1873 5035 5037
f 5038 2012 5039
f 5040 5039 2118
f 1272 5038 5040
f 5041 1270 5042
f 5043 5042 2119
f 1673 5041 5043
f 5044 2014 5045
f 5046 5045 1271
f 1677 5044 5046
f 5047 1672 5048
f 5049 5048 2120
f 1275 5047 5049
f 5050 1273 5051
f 5052 5051 2121
f 1875 5050 5052
f 5053 1674 5054
f 5055 5054 1274
f 1877 5053 5055
f 5056 1890 5057
f 5058 5057 1682
f 1278 5056 5058
f 5059 1276 5060
f 5061 5060 1681
f 2122 5059 5061
f 5062 1891 5063
f 5064 5063 1277
f 2123 5062 5064
f 5065 1886 5066
f 5067 5066 2124
f 1281 5065 5067
f 5068 1279 5069
f 5070 5069 2125
f 1679 5068 5070
f 5071 1888 5072
f 5073 5072 1280
f 1683 5071 5073
f 5074 1678 5075
f 5076 5075 2126
f 1284 5074 5076
f 5077 1282 5078
f 5079 5078 2127
f 2128 5077 5079
f 5080 1680 5081
f 5082 5081 1283
f 2129 5080 5082
f 5083 1982 5084
f 5085 5084 1688
f 1287 5083 5085
f 5086 1285 5087
f 5088 5087 1687
f 2130 5086 5088
f 5089 1983 5090
f 5091 5090 1286
f 2131 5089 5091
f 5092 1980 5093
f 5094 5093 1884
f 1290 5092 5094
f 5095 1288 5096
f 5097 5096 1883
f 1685 5095 5097
f 5098 1981 5099
f 5100 5099 1289
f 1689 5098 5100
f 5101 1684 5102
f 5103 5102 1893
f 1293 5101 5103
f 5104 1291 5105
f 5106 5105 1892
f 2132 5104 5106
f 5107 1686 5108
f 5109 5108 1292
f 2133 5107 5109
f 5110 2000 5111
f 5112 5111 1694
f 1296 5110 5112
f 5113 1294 5114
f 5115 5114 1693
f 1882 5113 5115
f 5116 2001 5117
f 5118 5117 1295
f 1885 5116 5118
f 5119 1996 5120
f 5121 5120 2134
f 1299 5119 5121
f 5122 1297 5123
f 5124 5123 2135
f 1691 5122 5124
f 5125 1998 5126
f 5127 5126 1298
f 1695 5125 5127
f 5128 1690 5129
f 5130 5129 2136
f 1302 5128 5130
f 5131 1300 5132
f 5133 5132 2137
f 1887 5131 5133
f 5134 1692 5135
f 5136 5135 1301
f 1889 5134 5136
f 5137 1902 5138
f 5139 5138 1700
f 1305 5137 5139
f 5140 1303 5141
f 5142 5141 1699
f 2138 5140 5142
f 5143 1903 5144
f 5145 5144 1304
f 2139 5143 5145
f 5146 1898 5147
f 5148 5147 1979
f 1308 5146 5148
f 5149 1306 5150
f 5151 5150 1978
f 1697 5149 5151
f 5152 1900 5153
f 5154 5153 1307
f 1701 5152 5154
f 5155 1696 5156
f 5157 5156 1985
f 1311 5155 5157
f 5158 1309 5159
f 5160 5159 1984
f 2140 5158 5160
f 5161 1698 5162
f 5163 5162 1310
f 2141 5161 5163
f 5164 2022 5165
f 5166 5165 1706
f 1314 5164 5166
f 5167 1312 5168
f 5169 5168 1705
f 2142 5167 5169
f 5170 2023 5171
f 5172 5171 1313
f 2143 5170 5172
f 5173 2020 5174
f 5175 5174 1896
f 1317 5173 5175
f 5176 1315 5177
f 5178 5177 1895
f 1703 5176 5178
f 5179 2021 5180
f 5181 5180 1316
f 1707 5179 5181
f 5182 1702 5183
f 5184 5183 1905
f 1320 5182 5184
f 5185 1318 5186
f 5187 5186 1904
f 2144 5185 5187
f 5188 1704 5189
f 5190 5189 1319
f 2145 5188 5190
f 5191 2032 5192
f 5193 5192 1712
f 1323 5191 5193
f 5194 1321 5195
f 5196 5195 1711
f 1894 5194 5196
f 5197 2033 5198
f 5199 5198 1322
f 1897 5197 5199
f 5200 2030 5201
f 5202 5201 1988
f 1326 5200 5202
f 5203 1324 5204
f 5205 5204 1987
f 1709 5203 5205
f 5206 2031 5207
f 5208 5207 1325
f 1713 5206 5208
f 5209 1708 5210
f 5211 5210 1993
f 1329 5209 5211
f 5212 1327 5213
f 5214 5213 1992
f 1899 5212 5214
f 5215 1710 5216
f 5217 5216 1328
f 1901 5215 5217
f 5218 563 2148
f 5219 2148 562
f 156 5218 5219
f 5220 154 5221
f 2146 5221 564
f 563 5220 2146
f 2147 564 5222
f 5223 5222 155
f 562 2147 5223
f 5224 566 2151
f 5225 2151 565
f 159 5224 5225
f 5226 157 5227
f 2149 5227 567
f 566 5226 2149
f 2150 567 5228
f 5229 5228 158
f 565 2150 5229
f 5230 569 2154
f 5231 2154 568
f 162 5230 5231
f 5232 160 5233
f 2152 5233 570
f 569 5232 2152
f 2153 570 5234
f 5235 5234 161
f 568 2153 5235
f 5236 572 2157
f 5237 2157 571
f 165 5236 5237
f 5238 163 5239
f 2155 5239 573
f 572 5238 2155
f 2156 573 5240
f 5241 5240 164
f 571 2156 5241
f 5242 575 2160
f 5243 2160 574
f 168 5242 5243
f 5244 166 5245
f 2158 5245 576
f 575 5244 2158
f 2159 576 5246
f 5247 5246 167
f 574 2159 5247
f 5248 578 2163
f 5249 2163 577
f 171 5248 5249
f 5250 169 5251
f 2161 5251 579
f 578 5250 2161
f 2162 579 5252
f 5253 5252 170
f 577 2162 5253
f 5254 581 2166
f 5255 2166 580
f 174 5254 5255
f 5256 172 5257
f 2164 5257 582
f 581 5256 2164
f 2165 582 5258
f 5259 5258 173
f 580 2165 5259
f 5260 584 2169
f 5261 2169 583
f 177 5260 5261
f 5262 175 5263
f 2167 5263 585
f 584 5262 2167
f 2168 585 5264
f 5265 5264 176
f 583 2168 5265
f 5266 587 2172
f 5267 2172 586
f 180 5266 5267
f 5268 178 5269
f 2170 5269 588
f 587 5268 2170
f 2171 588 5270
f 5271 5270 179
f 586 2171 5271
f 5272 590 2175
f 5273 2175 589
f 183 5272 5273
f 5274 181 5275
f 2173 5275 591
f 590 5274 2173
f 2174 591 5276
f 5277 5276 182
f 589 2174 5277
f 5278 593 2178
f 5279 2178 592
f 186 5278 5279
f 5280 184 5281
f 2176 5281 594
f 593 5280 2176
f 2177 594 5282
f 5283 5282 185
f 592 2177 5283
f 5284 596 2181
f 5285 2181 595
f 189 5284 5285
f 5286 187 5287
f 2179 5287 597
f 596 5286 2179
f 2180 597 5288
f 5289 5288 188
f 595 2180 5289
f 5290 599 2184
f 5291 2184 598
f 192 5290 5291
f 5292 190 5293
f 2182 5293 600
f 599 5292 2182
f 2183 600 5294
f 5295 5294 191
f 598 2183 5295
f 5296 602 2187
f 5297 2187 601
f 195 5296 5297
f 5298 193 5299
f 2185 5299 603
f 602 5298 2185
f 2186 603 5300
f 5301 5300 194
f 601 2186 5301
f 5302 605 2190
f 5303 2190 604
f 198 5302 5303
f 5304 196 5305
f 2188 5305 606
f 605 5304 2188
f 2189 606 5306
f 5307 5306 197
f 604 2189 5307
f 5308 608 2193
f 5309 2193 607
f 201 5308 5309
f 5310 199 5311
f 2191 5311 609
f 608 5310 2191
f 2192 609 5312
f 5313 5312 200
f 607 2192 5313
f 5314 611 2196
f 5315 2196 610
f 204 5314 5315
f 5316 202 5317
f 2194 5317 612
f 611 5316 2194
f 2195 612 5318
f 5319 5318 203
f 610 2195 5319
f 5320 614 2199
f 5321 2199 613
f 207 5320 5321
f 5322 205 5323
f 2197 5323 615
f 614 5322 2197
f 2198 615 5324
f 5325 5324 206
f 613 2198 5325
f 5326 617 2202
f 5327 2202 616
f 210 5326 5327
f 5328 208 5329
f 2200 5329 618
f 617 5328 2200
f 2201 618 5330
f 5331 5330 209
f 616 2201 5331
f 5332 620 2205
f 5333 2205 619
f 213 5332 5333
f 5334 211 5335
f 2203 5335 621
f 620 5334 2203
f 2204 621 5336
f 5337 5336 212
f 619 2204 5337
f 5338 623 2208
f 5339 2208 622
f 216 5338 5339
f 5340 214 5341
f 2206 5341 624
f 623 5340 2206
f 2207 624 5342
f 5343 5342 215
f 622 2207 5343
f 5344 626 2211
f 5345 2211 625
f 219 5344 5345
f 5346 217 5347
f 2209 5347 627
f 626 5346 2209
f 2210 627 5348
f 5349 5348 218
f 625 2210 5349
f 5350 629 2214
f 5351 2214 628
f 222 5350 5351
f 5352 220 5353
f 2212 5353 630
f 629 5352 2212
f 2213 630 5354
f 5355 5354 221
f 628 2213 5355
f 5356 632 2217
f 5357 2217 631
f 225 5356 5357
f 5358 223 5359
f 2215 5359 633
f 632 5358 2215
f 2216 633 5360
f 5361 5360 224
f 631 2216 5361
f 5362 635 2220
f 5363 2220 634
f 228 5362 5363
f 5364 226 5365
f 2218 5365 636
f 635 5364 2218
f 2219 636 5366
f 5367 5366 227
f 634 2219 5367
f 5368 638 2223
f 5369 2223 637
f 231 5368 5369
f 5370 229 5371
f 2221 5371 639
f 638 5370 2221
f 2222 639 5372
f 5373 5372 230
f 637 2222 5373
f 5374 641 2226
f 5375 2226 640
f 234 5374 5375
f 5376 232 5377
f 2224 5377 642
f 641 5376 2224
f 2225 642 5378
f 5379 5378 233
f 640 2225 5379
f 5380 644 2229
f 5381 2229 643
f 237 5380 5381
f 5382 235 5383
f 2227 5383 645
f 644 5382 2227
f 2228 645 5384
f 5385 5384 236
f 643 2228 5385
f 5386 647 2232
f 5387 2232 646
f 240 5386 5387
f 5388 238 5389
f 2230 5389 648
f 647 5388 2230
f 2231 648 5390
f 5391 5390 239
f 646 2231 5391
f 5392 650 2235
f 5393 2235 649
f 243 5392 5393
f 5394 241 5395
f 2233 5395 651
f 650 5394 2233
f 2234 651 5396
f 5397 5396 242
f 649 2234 5397
f 5398 653 2238
f 5399 2238 652
f 246 5398 5399
f 5400 244 5401
f 2236 5401 654
f 653 5400 2236
f 2237 654 5402
f 5403 5402 245
f 652 2237 5403
f 5404 656 2241
f 5405 2241 655
f 249 5404 5405
f 5406 247 5407
f 2239 5407 657
f 656 5406 2239
f 2240 657 5408
f 5409 5408 248
f 655 2240 5409
f 5410 659 2244
f 5411 2244 658
f 252 5410 5411
f 5412 250 5413
f 2242 5413 660
f 659 5412 2242
f 2243 660 5414
f 5415 5414 251
f 658 2243 5415
f 5416 662 2247
f 5417 2247 661
f 255 5416 5417
f 5418 253 5419
f 2245 5419 663
f 662 5418 2245
f 2246 663 5420
f 5421 5420 254
f 661 2246 5421
f 5422 665 2250
f 5423 2250 664
f 258 5422 5423
f 5424 256 5425
f 2248 5425 666
f 665 5424 2248
f 2249 666 5426
f 5427 5426 257
f 664 2249 5427
f 5428 668 2253
f 5429 2253 667
f 261 5428 5429
f 5430 259 5431
f 2251 5431 669
f 668 5430 2251
f 2252 669 5432
f 5433 5432 260
f 667 2252 5433
f 5434 671 2256
f 5435 2256 670
f 264 5434 5435
f 5436 262 5437
f 2254 5437 672
f 671 5436 2254
f 2255 672 5438
f 5439 5438 263
f 670 2255 5439
f 5440 674 2259
f 5441 2259 673
f 267 5440 5441
f 5442 265 5443
f 2257 5443 675
f 674 5442 2257
f 2258 675 5444
f 5445 5444 266
f 673 2258 5445
f 5446 677 2262
f 5447 2262 676
f 270 5446 5447
f 5448 268 5449
f 2260 5449 678
f 677 5448 2260
f 2261 678 5450
f 5451 5450 269
f 676 2261 5451
f 5452 680 2265
f 5453 2265 679
f 273 5452 5453
f 5454 271 5455
f 2263 5455 681
f 680 5454 2263
f 2264 681 5456
f 5457 5456 272
f 679 2264 5457
f 5458 683 2268
f 5459 2268 682
f 276 5458 5459
f 5460 274 5461
f 2266 5461 684
f 683 5460 2266
f 2267 684 5462
f 5463 5462 275
f 682 2267 5463
f 5464 686 2271
f 5465 2271 685
f 279 5464 5465
f 5466 277 5467
f 2269 5467 687
f 686 5466 2269
f 2270 687 5468
f 5469 5468 278
f 685 2270 5469
f 5470 689 2274
f 5471 2274 688
f 282 5470 5471
f 5472 280 5473
f 2272 5473 690
f 689 5472 2272
f 2273 690 5474
f 5475 5474 281
f 688 2273 5475
f 5476 692 2277
f 5477 2277 691
f 285 5476 5477
f 5478 283 5479
f 2275 5479 693
f 692 5478 2275
f 2276 693 5480
f 5481 5480 284
f 691 2276 5481
f 5482 695 2280
f 5483 2280 694
f 288 5482 5483
f 5484 286 5485
f 2278 5485 696
f 695 5484 2278
f 2279 696 5486
f 5487 5486 287
f 694 2279 5487
f 5488 698 2283
f 5489 2283 697
f 291 5488 5489
f 5490 289 5491
f 2281 5491 699
f 698 5490 2281
f 2282 699 5492
f 5493 5492 290
f 697 2282 5493
f 5494 701 2286
f 5495 2286 700
f 294 5494 5495
f 5496 292 5497
f 2284 5497 702
f 701 5496 2284
f 2285 702 5498
f 5499 5498 293
f 700 2285 5499
f 5500 704 2289
f 5501 2289 703
f 297 5500 5501
f 5502 295 5503
f 2287 5503 705
f 704 5502 2287
f 2288 705 5504
f 5505 5504 296
f 703 2288 5505
f 5506 707 2292
f 5507 2292 706
f 300 5506 5507
f 5508 298 5509
f 2290 5509 708
f 707 5508 2290
f 2291 708 5510
f 5511 5510 299
f 706 2291 5511
f 5512 710 2295
f 5513 2295 709
f 303 5512 5513
f 5514 301 5515
f 2293 5515 711
f 710 5514 2293
f 2294 711 5516
f 5517 5516 302
f 709 2294 5517
f 5518 713 2298
f 5519 2298 712
f 306 5518 5519
f 5520 304 5521
f 2296 5521 714
f 713 5520 2296
f 2297 714 5522
f 5523 5522 305
f 712 2297 5523
f 5524 716 2301
f 5525 2301 715
f 309 5524 5525
f 5526 307 5527
f 2299 5527 717
f 716 5526 2299
f 2300 717 5528
f 5529 5528 308
f 715 2300 5529
f 5530 719 2304
f 5531 2304 718
f 312 5530 5531
f 5532 310 5533
f 2302 5533 720
f 719 5532 2302
f 2303 720 5534
f 5535 5534 311
f 718 2303 5535
f 5536 722 2307
f 5537 2307 721
f 315 5536 5537
f 5538 313 5539
f 2305 5539 723
f 722 5538 2305
f 2306 723 5540
f 5541 5540 314
f 721 2306 5541
f 5542 725 2310
f 5543 2310 724
f 318 5542 5543
f 5544 316 5545
f 2308 5545 726
f 725 5544 2308
f 2309 726 5546
f 5547 5546 317
f 724 2309 5547
f 5548 728 2313
f 5549 2313 727
f 321 5548 5549
f 5550 319 5551
f 2311 5551 729
f 728 5550 2311
f 2312 729 5552
f 5553 5552 320
f 727 2312 5553
f 5554 731 2316
f 5555 2316 730
f 324 5554 5555
f 5556 322 5557
f 2314 5557 732
f 731 5556 2314
f 2315 732 5558
f 5559 5558 323
f 730 2315 5559
f 5560 734 2319
f 5561 2319 733
f 327 5560 5561
f 5562 325 5563
f 2317 5563 735
f 734 5562 2317
f 2318 735 5564
f 5565 5564 326
f 733 2318 5565
f 5566 737 2322
f 5567 2322 736
f 330 5566 5567
f 5568 328 5569
f 2320 5569 738
f 737 5568 2320
f 2321 738 5570
f 5571 5570 329
f 736 2321 5571
f 5572 740 2325
f 5573 2325 739
f 333 5572 5573
f 5574 331 5575
f 2323 5575 741
f 740 5574 2323
f 2324 741 5576
f 5577 5576 332
f 739 2324 5577
f 5578 743 2328
f 5579 2328 742
f 336 5578 5579
f 5580 334 5581
f 2326 5581 744
f 743 5580 2326
f 2327 744 5582
f 5583 5582 335
f 742 2327 5583
f 5584 746 2331
f 5585 2331 745
f 339 5584 5585
f 5586 337 5587
f 2329 5587 747
f 746 5586 2329
f 2330 747 5588
f 5589 5588 338
f 745 2330 5589
f 5590 749 2334
f 5591 2334 748
f 342 5590 5591
f 5592 340 5593
f 2332 5593 750
f 749 5592 2332
f 2333 750 5594
f 5595 5594 341
f 748 2333 5595
f 5596 752 2337
f 5597 2337 751
f 345 5596 5597
f 5598 343 5599
f 2335 5599 753
f 752 5598 2335
f 2336 753 5600
f 5601 5600 344
f 751 2336 5601
f 5602 755 2340
f 5603 2340 754
f 347 5602 5603
f 5604 346 5605
f 2338 5605 756
f 755 5604 2338
f 2339 756 5606
f 5607 5606 156
f 754 2339 5607
f 5608 758 2343
f 5609 2343 757
f 154 5608 5609
f 5610 348 5611
f 2341 5611 759
f 758 5610 2341
f 2342 759 5612
f 5613 5612 349
f 757 2342 5613
f 5614 761 2346
f 5615 2346 760
f 351 5614 5615
f 5616 155 5617
f 2344 5617 762
f 761 5616 2344
f 2345 762 5618
f 5619 5618 350
f 760 2345 5619
f 5620 764 2349
f 5621 2349 763
f 353 5620 5621
f 5622 352 5623
f 2347 5623 765
f 764 5622 2347
f 2348 765 5624
f 5625 5624 159
f 763 2348 5625
f 5626 767 2352
f 5627 2352 766
f 157 5626 5627
f 5628 354 5629
f 2350 5629 768
f 767 5628 2350
f 2351 768 5630
f 5631 5630 355
f 766 2351 5631
f 5632 770 2355
f 5633 2355 769
f 357 5632 5633
f 5634 158 5635
f 2353 5635 771
f 770 5634 2353
f 2354 771 5636
f 5637 5636 356
f 769 2354 5637
f 5638 773 2358
f 5639 2358 772
f 359 5638 5639
f 5640 358 5641
f 2356 5641 774
f 773 5640 2356
f 2357 774 5642
f 5643 5642 162
f 772 2357 5643
f 5644 776 2361
f 5645 2361 775
f 160 5644 5645
f 5646 360 5647
f 2359 5647 777
f 776 5646 2359
f 2360 777 5648
f 5649 5648 361
f 775 2360 5649
f 5650 779 2364
f 5651 2364 778
f 363 5650 5651
f 5652 161 5653
f 2362 5653 780
f 779 5652 2362
f 2363 780 5654
f 5655 5654 362
f 778 2363 5655
f 5656 782 2367
f 5657 2367 781
f 365 5656 5657
f 5658 364 5659
f 2365 5659 783
f 782 5658 2365
f 2366 783 5660
f 5661 5660 165
f 781 2366 5661
f 5662 785 2370
f 5663 2370 784
f 163 5662 5663
f 5664 366 5665
f 2368 5665 786
f 785 5664 2368
f 2369 786 5666
f 5667 5666 367
f 784 2369 5667
f 5668 788 2373
f 5669 2373 787
f 369 5668 5669
f 5670 164 5671
f 2371 5671 789
f 788 5670 2371
f 2372 789 5672
f 5673 5672 368
f 787 2372 5673
f 5674 791 2376
f 5675 2376 790
f 371 5674 5675
f 5676 370 5677
f 2374 5677 792
f 791 5676 2374
f 2375 792 5678
f 5679 5678 168
f 790 2375 5679
f 5680 794 2379
f 5681 2379 793
f 166 5680 5681
f 5682 372 5683
f 2377 5683 795
f 794 5682 2377
f 2378 795 5684
f 5685 5684 373
f 793 2378 5685
f 5686 797 2382
f 5687 2382 796
f 375 5686 5687
f 5688 167 5689
f 2380 5689 798
f 797 5688 2380
f 2381 798 5690
f 5691 5690 374
f 796 2381 5691
f 5692 800 2385
f 5693 2385 799
f 377 5692 5693
f 5694 376 5695
f 2383 5695 801
f 800 5694 2383
f 2384 801 5696
f 5697 5696 171
f 799 2384 5697
f 5698 803 2388
f 5699 2388 802
f 169 5698 5699
f 5700 378 5701
f 2386 5701 804
f 803 5700 2386
f 2387 804 5702
f 5703 5702 379
f 802 2387 5703
f 5704 806 2391
f 5705 2391 805
f 381 5704 5705
f 5706 170 5707
f 2389 5707 807
f 806 5706 2389
f 2390 807 5708
f 5709 5708 380
f 805 2390 5709
f 5710 809 2394
f 5711 2394 808
f 383 5710 5711
f 5712 382 5713
f 2392 5713 810
f 809 5712 2392
f 2393 810 5714
f 5715 5714 174
f 808 2393 5715
f 5716 812 2397
f 5717 2397 811
f 172 5716 5717
f 5718 384 5719
f 2395 5719 813
f 812 5718 2395
f 2396 813 5720
f 5721 5720 385
f 811 2396 5721
f 5722 815 2400
f 5723 2400 814
f 387 5722 5723
f 5724 173 5725
f 2398 5725 816
f 815 5724 2398
f 2399 816 5726
f 5727 5726 386
f 814 2399 5727
f 5728 818 2403
f 5729 2403 817
f 389 5728 5729
f 5730 388 5731
f 2401 5731 819
f 818 5730 2401
f 2402 819 5732
f 5733 5732 177
f 817 2402 5733
f 5734 821 2406
f 5735 2406 820
f 175 5734 5735
f 5736 390 5737
f 2404 5737 822
f 821 5736 2404
f 2405 822 5738
f 5739 5738 391
f 820 2405 5739
f 5740 824 2409
f 5741 2409 823
f 393 5740 5741
f 5742 176 5743
f 2407 5743 825
f 824 5742 2407
f 2408 825 5744
f 5745 5744 392
f 823 2408 5745
f 5746 827 2412
f 5747 2412 826
f 395 5746 5747
f 5748 394 5749
f 2410 5749 828
f 827 5748 2410
f 2411 828 5750
f 5751 5750 180
f 826 2411 5751
f 5752 830 2415
f 5753 2415 829
f 178 5752 5753
f 5754 396 5755
f 2413 5755 831
f 830 5754 2413
f 2414 831 5756
f 5757 5756 397
f 829 2414 5757
f 5758 833 2418
f 5759 2418 832
f 399 5758 5759
f 5760 179 5761
f 2416 5761 834
f 833 5760 2416
f 2417 834 5762
f 5763 5762 398
f 832 2417 5763
f 5764 836 2421
f 5765 2421 835
f 401 5764 5765
f 5766 400 5767
f 2419 5767 837
f 836 5766 2419
f 2420 837 5768
f 5769 5768 183
f 835 2420 5769
f 5770 839 2424
f 5771 2424 838
f 181 5770 5771
f 5772 402 5773
f 2422 5773 840
f 839 5772 2422
f 2423 840 5774
f 5775 5774 403
f 838 2423 5775
f 5776 842 2427
f 5777 2427 841
f 405 5776 5777
f 5778 182 5779
f 2425 5779 843
f 842 5778 2425
f 2426 843 5780
f 5781 5780 404
f 841 2426 5781
f 5782 845 2430
f 5783 2430 844
f 407 5782 5783
f 5784 406 5785
f 2428 5785 846
f 845 5784 2428
f 2429 846 5786
f 5787 5786 186
f 844 2429 5787
f 5788 848 2433
f 5789 2433 847
f 184 5788 5789
f 5790 408 5791
f 2431 5791 849
f 848 5790 2431
f 2432 849 5792
f 5793 5792 409
f 847 2432 5793
f 5794 851 2436
f 5795 2436 850
f 411 5794 5795
f 5796 185 5797
f 2434 5797 852
f 851 5796 2434
f 2435 852 5798
f 5799 5798 410
f 850 2435 5799
f 5800 854 2439
f 5801 2439 853
f 413 5800 5801
f 5802 412 5803
f 2437 5803 855
f 854 5802 2437
f 2438 855 5804
f 5805 5804 189
f 853 2438 5805
f 5806 857 2442
f 5807 2442 856
f 187 5806 5807
f 5808 414 5809
f 2440 5809 858
f 857 5808 2440
f 2441 858 5810
f 5811 5810 415
f 856 2441 5811
f 5812 860 2445
f 5813 2445 859
f 417 5812 5813
f 5814 188 5815
f 2443 5815 861
f 860 5814 2443
f 2444 861 5816
f 5817 5816 416
f 859 2444 5817
f 5818 863 2448
f 5819 2448 862
f 419 5818 5819
f 5820 418 5821
f 2446 5821 864
f 863 5820 2446
f 2447 864 5822
f 5823 5822 192
f 862 2447 5823
f 5824 866 2451
f 5825 2451 865
f 190 5824 5825
f 5826 420 5827
f 2449 5827 867
f 866 5826 2449
f 2450 867 5828
f 5829 5828 421
f 865 2450 5829
f 5830 869 2454
f 5831 2454 868
f 423 5830 5831
f 5832 191 5833
f 2452 5833 870
f 869 5832 2452
f 2453 870 5834
f 5835 5834 422
f 868 2453 5835
f 5836 872 2457
f 5837 2457 871
f 425 5836 5837
f 5838 424 5839
f 2455 5839 873
f 872 5838 2455
f 2456 873 5840
f 5841 5840 195
f 871 2456 5841
f 5842 875 2460
f 5843 2460 874
f 193 5842 5843
f 5844 426 5845
f 2458 5845 876
f 875 5844 2458
f 2459 876 5846
f 5847 5846 427
f 874 2459 5847
f 5848 878 2463
f 5849 2463 877
f 429 5848 5849
f 5850 194 5851
f 2461 5851 879
f 878 5850 2461
f 2462 879 5852
f 5853 5852 428
f 877 2462 5853
f 5854 881 2466
f 5855 2466 880
f 431 5854 5855
f 5856 430 5857
f 2464 5857 882
f 881 5856 2464
f 2465 882 5858
f 5859 5858 198
f 880 2465 5859
f 5860 884 2469
f 5861 2469 883
f 196 5860 5861
f 5862 432 5863
f 2467 5863 885
f 884 5862 2467
f 2468 885 5864
f 5865 5864 433
f 883 2468 5865
f 5866 887 2472
f 5867 2472 886
f 435 5866 5867
f 5868 197 5869
f 2470 5869 888
f 887 5868 2470
f 2471 888 5870
f 5871 5870 434
f 886 2471 5871
f 5872 890 2475
f 5873 2475 889
f 437 5872 5873
f 5874 436 5875
f 2473 5875 891
f 890 5874 2473
f 2474 891 5876
f 5877 5876 201
f 889 2474 5877
f 5878 893 2478
f 5879 2478 892
f 199 5878 5879
f 5880 438 5881
f 2476 5881 894
f 893 5880 2476
f 2477 894 5882
f 5883 5882 439
f 892 2477 5883
f 5884 896 2481
f 5885 2481 895
f 441 5884 5885
f 5886 200 5887
f 2479 5887 897
f 896 5886 2479
f 2480 897 5888
f 5889 5888 440
f 895 2480 5889
f 5890 899 2484
f 5891 2484 898
f 442 5890 5891
f 5892 350 5893
f 2482 5893 900
f 899 5892 2482
f 2483 900 5894
f 5895 5894 204
f 898 2483 5895
f 5896 902 2487
f 5897 2487 901
f 202 5896 5897
f 5898 349 5899
f 2485 5899 903
f 902 5898 2485
f 2486 903 5900
f 5901 5900 443
f 901 2486 5901
f 5902 905 2490
f 5903 2490 904
f 445 5902 5903
f 5904 203 5905
f 2488 5905 906
f 905 5904 2488
f 2489 906 5906
f 5907 5906 444
f 904 2489 5907
f 5908 908 2493
f 5909 2493 907
f 447 5908 5909
f 5910 446 5911
f 2491 5911 909
f 908 5910 2491
f 2492 909 5912
f 5913 5912 207
f 907 2492 5913
f 5914 911 2496
f 5915 2496 910
f 205 5914 5915
f 5916 448 5917
f 2494 5917 912
f 911 5916 2494
f 2495 912 5918
f 5919 5918 347
f 910 2495 5919
f 5920 914 2499
f 5921 2499 913
f 449 5920 5921
f 5922 206 5923
f 2497 5923 915
f 914 5922 2497
f 2498 915 5924
f 5925 5924 351
f 913 2498 5925
f 5926 917 2502
f 5927 2502 916
f 346 5926 5927
f 5928 450 5929
f 2500 5929 918
f 917 5928 2500
f 2501 918 5930
f 5931 5930 210
f 916 2501 5931
f 5932 920 2505
f 5933 2505 919
f 208 5932 5933
f 5934 451 5935
f 2503 5935 921
f 920 5934 2503
f 2504 921 5936
f 5937 5936 452
f 919 2504 5937
f 5938 923 2508
f 5939 2508 922
f 348 5938 5939
f 5940 209 5941
f 2506 5941 924
f 923 5940 2506
f 2507 924 5942
f 5943 5942 453
f 922 2507 5943
f 5944 926 2511
f 5945 2511 925
f 454 5944 5945
f 5946 356 5947
f 2509 5947 927
f 926 5946 2509
f 2510 927 5948
f 5949 5948 213
f 925 2510 5949
f 5950 929 2514
f 5951 2514 928
f 211 5950 5951
f 5952 355 5953
f 2512 5953 930
f 929 5952 2512
f 2513 930 5954
f 5955 5954 455
f 928 2513 5955
f 5956 932 2517
f 5957 2517 931
f 457 5956 5957
f 5958 212 5959
f 2515 5959 933
f 932 5958 2515
f 2516 933 5960
f 5961 5960 456
f 931 2516 5961
f 5962 935 2520
f 5963 2520 934
f 459 5962 5963
f 5964 458 5965
f 2518 5965 936
f 935 5964 2518
f 2519 936 5966
f 5967 5966 216
f 934 2519 5967
f 5968 938 2523
f 5969 2523 937
f 214 5968 5969
f 5970 460 5971
f 2521 5971 939
f 938 5970 2521
f 2522 939 5972
f 5973 5972 353
f 937 2522 5973
f 5974 941 2526
f 5975 2526 940
f 461 5974 5975
f 5976 215 5977
f 2524 5977 942
f 941 5976 2524
f 2525 942 5978
f 5979 5978 357
f 940 2525 5979
f 5980 944 2529
f 5981 2529 943
f 352 5980 5981
f 5982 462 5983
f 2527 5983 945
f 944 5982 2527
f 2528 945 5984
f 5985 5984 219
f 943 2528 5985
f 5986 947 2532
f 5987 2532 946
f 217 5986 5987
f 5988 463 5989
f 2530 5989 948
f 947 5988 2530
f 2531 948 5990
f 5991 5990 464
f 946 2531 5991
f 5992 950 2535
f 5993 2535 949
f 354 5992 5993
f 5994 218 5995
f 2533 5995 951
f 950 5994 2533
f 2534 951 5996
f 5997 5996 465
f 949 2534 5997
f 5998 953 2538
f 5999 2538 952
f 466 5998 5999
f 6000 362 6001
f 2536 6001 954
f 953 6000 2536
f 2537 954 6002
f 6003 6002 222
f 952 2537 6003
f 6004 956 2541
f 6005 2541 955
f 220 6004 6005
f 6006 361 6007
f 2539 6007 957
f 956 6006 2539
f 2540 957 6008
f 6009 6008 467
f 955 2540 6009
f 6010 959 2544
f 6011 2544 958
f 469 6010 6011
f 6012 221 6013
f 2542 6013 960
f 959 6012 2542
f 2543 960 6014
f 6015 6014 468
f 958 2543 6015
f 6016 962 2547
f 6017 2547 961
f 471 6016 6017
f 6018 470 6019
f 2545 6019 963
f 962 6018 2545
f 2546 963 6020
f 6021 6020 225
f 961 2546 6021
f 6022 965 2550
f 6023 2550 964
f 223 6022 6023
f 6024 472 6025
f 2548 6025 966
f 965 6024 2548
f 2549 966 6026
f 6027 6026 359
f 964 2549 6027
f 6028 968 2553
f 6029 2553 967
f 473 6028 6029
f 6030 224 6031
f 2551 6031 969
f 968 6030 2551
f 2552 969 6032
f 6033 6032 363
f 967 2552 6033
f 6034 971 2556
f 6035 2556 970
f 358 6034 6035
f 6036 474 6037
f 2554 6037 972
f 971 6036 2554
f 2555 972 6038
f 6039 6038 228
f 970 2555 6039
f 6040 974 2559
f 6041 2559 973
f 226 6040 6041
f 6042 475 6043
f 2557 6043 975
f 974 6042 2557
f 2558 975 6044
f 6045 6044 476
f 973 2558 6045
f 6046 977 2562
f 6047 2562 976
f 360 6046 6047
f 6048 227 6049
f 2560 6049 978
f 977 6048 2560
f 2561 978 6050
f 6051 6050 477
f 976 2561 6051
f 6052 980 2565
f 6053 2565 979
f 478 6052 6053
f 6054 368 6055
f 2563 6055 981
f 980 6054 2563
f 2564 981 6056
f 6057 6056 231
f 979 2564 6057
f 6058 983 2568
f 6059 2568 982
f 229 6058 6059
f 6060 367 6061
f 2566 6061 984
f 983 6060 2566
f 2567 984 6062
f 6063 6062 479
f 982 2567 6063
f 6064 986 2571
f 6065 2571 985
f 481 6064 6065
f 6066 230 6067
f 2569 6067 987
f 986 6066 2569
f 2570 987 6068
f 6069 6068 480
f 985 2570 6069
f 6070 989 2574
f 6071 2574 988
f 483 6070 6071
f 6072 482 6073
f 2572 6073 990
f 989 6072 2572
f 2573 990 6074
f 6075 6074 234
f 988 2573 6075
f 6076 992 2577
f 6077 2577 991
f 232 6076 6077
f 6078 484 6079
f 2575 6079 993
f 992 6078 2575
f 2576 993 6080
f 6081 6080 365
f 991 2576 6081
f 6082 995 2580
f 6083 2580 994
f 485 6082 6083
f 6084 233 6085
f 2578 6085 996
f 995 6084 2578
f 2579 996 6086
f 6087 6086 369
f 994 2579 6087
f 6088 998 2583
f 6089 2583 997
f 364 6088 6089
f 6090 486 6091
f 2581 6091 999
f 998 6090 2581
f 2582 999 6092
f 6093 6092 237
f 997 2582 6093
f 6094 1001 2586
f 6095 2586 1000
f 235 6094 6095
f 6096 487 6097
f 2584 6097 1002
f 1001 6096 2584
f 2585 1002 6098
f 6099 6098 488
f 1000 2585 6099
f 6100 1004 2589
f 6101 2589 1003
f 366 6100 6101
f 6102 236 6103
f 2587 6103 1005
f 1004 6102 2587
f 2588 1005 6104
f 6105 6104 489
f 1003 2588 6105
f 6106 1007 2592
f 6107 2592 1006
f 450 6106 6107
f 6108 374 6109
f 2590 6109 1008
f 1007 6108 2590
f 2591 1008 6110
f 6111 6110 240
f 1006 2591 6111
f 6112 1010 2595
f 6113 2595 1009
f 238 6112 6113
f 6114 373 6115
f 2593 6115 1011
f 1010 6114 2593
f 2594 1011 6116
f 6117 6116 490
f 1009 2594 6117
f 6118 1013 2598
f 6119 2598 1012
f 451 6118 6119
f 6120 239 6121
f 2596 6121 1014
f 1013 6120 2596
f 2597 1014 6122
f 6123 6122 491
f 1012 2597 6123
f 6124 1016 2601
f 6125 2601 1015
f 446 6124 6125
f 6126 492 6127
f 2599 6127 1017
f 1016 6126 2599
f 2600 1017 6128
f 6129 6128 243
f 1015 2600 6129
f 6130 1019 2604
f 6131 2604 1018
f 241 6130 6131
f 6132 493 6133
f 2602 6133 1020
f 1019 6132 2602
f 2603 1020 6134
f 6135 6134 371
f 1018 2603 6135
f 6136 1022 2607
f 6137 2607 1021
f 448 6136 6137
f 6138 242 6139
f 2605 6139 1023
f 1022 6138 2605
f 2606 1023 6140
f 6141 6140 375
f 1021 2606 6141
f 6142 1025 2610
f 6143 2610 1024
f 370 6142 6143
f 6144 494 6145
f 2608 6145 1026
f 1025 6144 2608
f 2609 1026 6146
f 6147 6146 246
f 1024 2609 6147
f 6148 1028 2613
f 6149 2613 1027
f 244 6148 6149
f 6150 495 6151
f 2611 6151 1029
f 1028 6150 2611
f 2612 1029 6152
f 6153 6152 496
f 1027 2612 6153
f 6154 1031 2616
f 6155 2616 1030
f 372 6154 6155
f 6156 245 6157
f 2614 6157 1032
f 1031 6156 2614
f 2615 1032 6158
f 6159 6158 497
f 1030 2615 6159
f 6160 1034 2619
f 6161 2619 1033
f 498 6160 6161
f 6162 380 6163
f 2617 6163 1035
f 1034 6162 2617
f 2618 1035 6164
f 6165 6164 249
f 1033 2618 6165
f 6166 1037 2622
f 6167 2622 1036
f 247 6166 6167
f 6168 379 6169
f 2620 6169 1038
f 1037 6168 2620
f 2621 1038 6170
f 6171 6170 499
f 1036 2621 6171
f 6172 1040 2625
f 6173 2625 1039
f 501 6172 6173
f 6174 248 6175
f 2623 6175 1041
f 1040 6174 2623
f 2624 1041 6176
f 6177 6176 500
f 1039 2624 6177
f 6178 1043 2628
f 6179 2628 1042
f 502 6178 6179
f 6180 444 6181
f 2626 6181 1044
f 1043 6180 2626
f 2627 1044 6182
f 6183 6182 252
f 1042 2627 6183
f 6184 1046 2631
f 6185 2631 1045
f 250 6184 6185
f 6186 443 6187
f 2629 6187 1047
f 1046 6186 2629
f 2630 1047 6188
f 6189 6188 377
f 1045 2630 6189
f 6190 1049 2634
f 6191 2634 1048
f 503 6190 6191
f 6192 251 6193
f 2632 6193 1050
f 1049 6192 2632
f 2633 1050 6194
f 6195 6194 381
f 1048 2633 6195
f 6196 1052 2637
f 6197 2637 1051
f 376 6196 6197
f 6198 453 6199
f 2635 6199 1053
f 1052 6198 2635
f 2636 1053 6200
f 6201 6200 255
f 1051 2636 6201
f 6202 1055 2640
f 6203 2640 1054
f 253 6202 6203
f 6204 452 6205
f 2638 6205 1056
f 1055 6204 2638
f 2639 1056 6206
f 6207 6206 504
f 1054 2639 6207
f 6208 1058 2643
f 6209 2643 1057
f 378 6208 6209
f 6210 254 6211
f 2641 6211 1059
f 1058 6210 2641
f 2642 1059 6212
f 6213 6212 505
f 1057 2642 6213
f 6214 1061 2646
f 6215 2646 1060
f 506 6214 6215
f 6216 386 6217
f 2644 6217 1062
f 1061 6216 2644
f 2645 1062 6218
f 6219 6218 258
f 1060 2645 6219
f 6220 1064 2649
f 6221 2649 1063
f 256 6220 6221
f 6222 385 6223
f 2647 6223 1065
f 1064 6222 2647
f 2648 1065 6224
f 6225 6224 442
f 1063 2648 6225
f 6226 1067 2652
f 6227 2652 1066
f 507 6226 6227
f 6228 257 6229
f 2650 6229 1068
f 1067 6228 2650
f 2651 1068 6230
f 6231 6230 445
f 1066 2651 6231
f 6232 1070 2655
f 6233 2655 1069
f 509 6232 6233
f 6234 508 6235
f 2653 6235 1071
f 1070 6234 2653
f 2654 1071 6236
f 6237 6236 261
f 1069 2654 6237
f 6238 1073 2658
f 6239 2658 1072
f 259 6238 6239
f 6240 510 6241
f 2656 6241 1074
f 1073 6240 2656
f 2657 1074 6242
f 6243 6242 383
f 1072 2657 6243
f 6244 1076 2661
f 6245 2661 1075
f 511 6244 6245
f 6246 260 6247
f 2659 6247 1077
f 1076 6246 2659
f 2660 1077 6248
f 6249 6248 387
f 1075 2660 6249
f 6250 1079 2664
f 6251 2664 1078
f 382 6250 6251
f 6252 512 6253
f 2662 6253 1080
f 1079 6252 2662
f 2663 1080 6254
f 6255 6254 264
f 1078 2663 6255
f 6256 1082 2667
f 6257 2667 1081
f 262 6256 6257
f 6258 513 6259
f 2665 6259 1083
f 1082 6258 2665
f 2666 1083 6260
f 6261 6260 447
f 1081 2666 6261
f 6262 1085 2670
f 6263 2670 1084
f 384 6262 6263
f 6264 263 6265
f 2668 6265 1086
f 1085 6264 2668
f 2669 1086 6266
f 6267 6266 449
f 1084 2669 6267
f 6268 1088 2673
f 6269 2673 1087
f 462 6268 6269
f 6270 392 6271
f 2671 6271 1089
f 1088 6270 2671
f 2672 1089 6272
f 6273 6272 267
f 1087 2672 6273
f 6274 1091 2676
f 6275 2676 1090
f 265 6274 6275
f 6276 391 6277
f 2674 6277 1092
f 1091 6276 2674
f 2675 1092 6278
f 6279 6278 506
f 1090 2675 6279
f 6280 1094 2679
f 6281 2679 1093
f 463 6280 6281
f 6282 266 6283
f 2677 6283 1095
f 1094 6282 2677
f 2678 1095 6284
f 6285 6284 507
f 1093 2678 6285
f 6286 1097 2682
f 6287 2682 1096
f 458 6286 6287
f 6288 514 6289
f 2680 6289 1098
f 1097 6288 2680
f 2681 1098 6290
f 6291 6290 270
f 1096 2681 6291
f 6292 1100 2685
f 6293 2685 1099
f 268 6292 6293
f 6294 515 6295
f 2683 6295 1101
f 1100 6294 2683
f 2684 1101 6296
f 6297 6296 389
f 1099 2684 6297
f 6298 1103 2688
f 6299 2688 1102
f 460 6298 6299
f 6300 269 6301
f 2686 6301 1104
f 1103 6300 2686
f 2687 1104 6302
f 6303 6302 393
f 1102 2687 6303
f 6304 1106 2691
f 6305 2691 1105
f 388 6304 6305
f 6306 516 6307
f 2689 6307 1107
f 1106 6306 2689
f 2690 1107 6308
f 6309 6308 273
f 1105 2690 6309
f 6310 1109 2694
f 6311 2694 1108
f 271 6310 6311
f 6312 517 6313
f 2692 6313 1110
f 1109 6312 2692
f 2693 1110 6314
f 6315 6314 509
f 1108 2693 6315
f 6316 1112 2697
f 6317 2697 1111
f 390 6316 6317
f 6318 272 6319
f 2695 6319 1113
f 1112 6318 2695
f 2696 1113 6320
f 6321 6320 511
f 1111 2696 6321
f 6322 1115 2700
f 6323 2700 1114
f 518 6322 6323
f 6324 398 6325
f 2698 6325 1116
f 1115 6324 2698
f 2699 1116 6326
f 6327 6326 276
f 1114 2699 6327
f 6328 1118 2703
f 6329 2703 1117
f 274 6328 6329
f 6330 397 6331
f 2701 6331 1119
f 1118 6330 2701
f 2702 1119 6332
f 6333 6332 498
f 1117 2702 6333
f 6334 1121 2706
f 6335 2706 1120
f 519 6334 6335
f 6336 275 6337
f 2704 6337 1122
f 1121 6336 2704
f 2705 1122 6338
f 6339 6338 501
f 1120 2705 6339
f 6340 1124 2709
f 6341 2709 1123
f 520 6340 6341
f 6342 456 6343
f 2707 6343 1125
f 1124 6342 2707
f 2708 1125 6344
f 6345 6344 279
f 1123 2708 6345
f 6346 1127 2712
f 6347 2712 1126
f 277 6346 6347
f 6348 455 6349
f 2710 6349 1128
f 1127 6348 2710
f 2711 1128 6350
f 6351 6350 395
f 1126 2711 6351
f 6352 1130 2715
f 6353 2715 1129
f 521 6352 6353
f 6354 278 6355
f 2713 6355 1131
f 1130 6354 2713
f 2714 1131 6356
f 6357 6356 399
f 1129 2714 6357
f 6358 1133 2718
f 6359 2718 1132
f 394 6358 6359
f 6360 465 6361
f 2716 6361 1134
f 1133 6360 2716
f 2717 1134 6362
f 6363 6362 282
f 1132 2717 6363
f 6364 1136 2721
f 6365 2721 1135
f 280 6364 6365
f 6366 464 6367
f 2719 6367 1137
f 1136 6366 2719
f 2720 1137 6368
f 6369 6368 502
f 1135 2720 6369
f 6370 1139 2724
f 6371 2724 1138
f 396 6370 6371
f 6372 281 6373
f 2722 6373 1140
f 1139 6372 2722
f 2723 1140 6374
f 6375 6374 503
f 1138 2723 6375
f 6376 1142 2727
f 6377 2727 1141
f 522 6376 6377
f 6378 404 6379
f 2725 6379 1143
f 1142 6378 2725
f 2726 1143 6380
f 6381 6380 285
f 1141 2726 6381
f 6382 1145 2730
f 6383 2730 1144
f 283 6382 6383
f 6384 403 6385
f 2728 6385 1146
f 1145 6384 2728
f 2729 1146 6386
f 6387 6386 454
f 1144 2729 6387
f 6388 1148 2733
f 6389 2733 1147
f 523 6388 6389
f 6390 284 6391
f 2731 6391 1149
f 1148 6390 2731
f 2732 1149 6392
f 6393 6392 457
f 1147 2732 6393
f 6394 1151 2736
f 6395 2736 1150
f 525 6394 6395
f 6396 524 6397
f 2734 6397 1152
f 1151 6396 2734
f 2735 1152 6398
f 6399 6398 288
f 1150 2735 6399
f 6400 1154 2739
f 6401 2739 1153
f 286 6400 6401
f 6402 526 6403
f 2737 6403 1155
f 1154 6402 2737
f 2738 1155 6404
f 6405 6404 401
f 1153 2738 6405
f 6406 1157 2742
f 6407 2742 1156
f 527 6406 6407
f 6408 287 6409
f 2740 6409 1158
f 1157 6408 2740
f 2741 1158 6410
f 6411 6410 405
f 1156 2741 6411
f 6412 1160 2745
f 6413 2745 1159
f 400 6412 6413
f 6414 528 6415
f 2743 6415 1161
f 1160 6414 2743
f 2744 1161 6416
f 6417 6416 291
f 1159 2744 6417
f 6418 1163 2748
f 6419 2748 1162
f 289 6418 6419
f 6420 529 6421
f 2746 6421 1164
f 1163 6420 2746
f 2747 1164 6422
f 6423 6422 459
f 1162 2747 6423
f 6424 1166 2751
f 6425 2751 1165
f 402 6424 6425
f 6426 290 6427
f 2749 6427 1167
f 1166 6426 2749
f 2750 1167 6428
f 6429 6428 461
f 1165 2750 6429
f 6430 1169 2754
f 6431 2754 1168
f 474 6430 6431
f 6432 410 6433
f 2752 6433 1170
f 1169 6432 2752
f 2753 1170 6434
f 6435 6434 294
f 1168 2753 6435
f 6436 1172 2757
f 6437 2757 1171
f 292 6436 6437
f 6438 409 6439
f 2755 6439 1173
f 1172 6438 2755
f 2756 1173 6440
f 6441 6440 530
f 1171 2756 6441
f 6442 1175 2760
f 6443 2760 1174
f 475 6442 6443
f 6444 293 6445
f 2758 6445 1176
f 1175 6444 2758
f 2759 1176 6446
f 6447 6446 531
f 1174 2759 6447
f 6448 1178 2763
f 6449 2763 1177
f 470 6448 6449
f 6450 532 6451
f 2761 6451 1179
f 1178 6450 2761
f 2762 1179 6452
f 6453 6452 297
f 1177 2762 6453
f 6454 1181 2766
f 6455 2766 1180
f 295 6454 6455
f 6456 533 6457
f 2764 6457 1182
f 1181 6456 2764
f 2765 1182 6458
f 6459 6458 407
f 1180 2765 6459
f 6460 1184 2769
f 6461 2769 1183
f 472 6460 6461
f 6462 296 6463
f 2767 6463 1185
f 1184 6462 2767
f 2768 1185 6464
f 6465 6464 411
f 1183 2768 6465
f 6466 1187 2772
f 6467 2772 1186
f 406 6466 6467
f 6468 534 6469
f 2770 6469 1188
f 1187 6468 2770
f 2771 1188 6470
f 6471 6470 300
f 1186 2771 6471
f 6472 1190 2775
f 6473 2775 1189
f 298 6472 6473
f 6474 535 6475
f 2773 6475 1191
f 1190 6474 2773
f 2774 1191 6476
f 6477 6476 536
f 1189 2774 6477
f 6478 1193 2778
f 6479 2778 1192
f 408 6478 6479
f 6480 299 6481
f 2776 6481 1194
f 1193 6480 2776
f 2777 1194 6482
f 6483 6482 537
f 1192 2777 6483
f 6484 1196 2781
f 6485 2781 1195
f 494 6484 6485
f 6486 416 6487
f 2779 6487 1197
f 1196 6486 2779
f 2780 1197 6488
f 6489 6488 303
f 1195 2780 6489
f 6490 1199 2784
f 6491 2784 1198
f 301 6490 6491
f 6492 415 6493
f 2782 6493 1200
f 1199 6492 2782
f 2783 1200 6494
f 6495 6494 538
f 1198 2783 6495
f 6496 1202 2787
f 6497 2787 1201
f 495 6496 6497
f 6498 302 6499
f 2785 6499 1203
f 1202 6498 2785
f 2786 1203 6500
f 6501 6500 539
f 1201 2786 6501
f 6502 1205 2790
f 6503 2790 1204
f 492 6502 6503
f 6504 468 6505
f 2788 6505 1206
f 1205 6504 2788
f 2789 1206 6506
f 6507 6506 306
f 1204 2789 6507
f 6508 1208 2793
f 6509 2793 1207
f 304 6508 6509
f 6510 467 6511
f 2791 6511 1209
f 1208 6510 2791
f 2792 1209 6512
f 6513 6512 413
f 1207 2792 6513
f 6514 1211 2796
f 6515 2796 1210
f 493 6514 6515
f 6516 305 6517
f 2794 6517 1212
f 1211 6516 2794
f 2795 1212 6518
f 6519 6518 417
f 1210 2795 6519
f 6520 1214 2799
f 6521 2799 1213
f 412 6520 6521
f 6522 477 6523
f 2797 6523 1215
f 1214 6522 2797
f 2798 1215 6524
f 6525 6524 309
f 1213 2798 6525
f 6526 1217 2802
f 6527 2802 1216
f 307 6526 6527
f 6528 476 6529
f 2800 6529 1218
f 1217 6528 2800
f 2801 1218 6530
f 6531 6530 540
f 1216 2801 6531
f 6532 1220 2805
f 6533 2805 1219
f 414 6532 6533
f 6534 308 6535
f 2803 6535 1221
f 1220 6534 2803
f 2804 1221 6536
f 6537 6536 541
f 1219 2804 6537
f 6538 1223 2808
f 6539 2808 1222
f 512 6538 6539
f 6540 422 6541
f 2806 6541 1224
f 1223 6540 2806
f 2807 1224 6542
f 6543 6542 312
f 1222 2807 6543
f 6544 1226 2811
f 6545 2811 1225
f 310 6544 6545
f 6546 421 6547
f 2809 6547 1227
f 1226 6546 2809
f 2810 1227 6548
f 6549 6548 466
f 1225 2810 6549
f 6550 1229 2814
f 6551 2814 1228
f 513 6550 6551
f 6552 311 6553
f 2812 6553 1230
f 1229 6552 2812
f 2813 1230 6554
f 6555 6554 469
f 1228 2813 6555
f 6556 1232 2817
f 6557 2817 1231
f 508 6556 6557
f 6558 542 6559
f 2815 6559 1233
f 1232 6558 2815
f 2816 1233 6560
f 6561 6560 315
f 1231 2816 6561
f 6562 1235 2820
f 6563 2820 1234
f 313 6562 6563
f 6564 543 6565
f 2818 6565 1236
f 1235 6564 2818
f 2819 1236 6566
f 6567 6566 419
f 1234 2819 6567
f 6568 1238 2823
f 6569 2823 1237
f 510 6568 6569
f 6570 314 6571
f 2821 6571 1239
f 1238 6570 2821
f 2822 1239 6572
f 6573 6572 423
f 1237 2822 6573
f 6574 1241 2826
f 6575 2826 1240
f 418 6574 6575
f 6576 544 6577
f 2824 6577 1242
f 1241 6576 2824
f 2825 1242 6578
f 6579 6578 318
f 1240 2825 6579
f 6580 1244 2829
f 6581 2829 1243
f 316 6580 6581
f 6582 545 6583
f 2827 6583 1245
f 1244 6582 2827
f 2828 1245 6584
f 6585 6584 471
f 1243 2828 6585
f 6586 1247 2832
f 6587 2832 1246
f 420 6586 6587
f 6588 317 6589
f 2830 6589 1248
f 1247 6588 2830
f 2831 1248 6590
f 6591 6590 473
f 1246 2831 6591
f 6592 1250 2835
f 6593 2835 1249
f 486 6592 6593
f 6594 428 6595
f 2833 6595 1251
f 1250 6594 2833
f 2834 1251 6596
f 6597 6596 321
f 1249 2834 6597
f 6598 1253 2838
f 6599 2838 1252
f 319 6598 6599
f 6600 427 6601
f 2836 6601 1254
f 1253 6600 2836
f 2837 1254 6602
f 6603 6602 546
f 1252 2837 6603
f 6604 1256 2841
f 6605 2841 1255
f 487 6604 6605
f 6606 320 6607
f 2839 6607 1257
f 1256 6606 2839
f 2840 1257 6608
f 6609 6608 547
f 1255 2840 6609
f 6610 1259 2844
f 6611 2844 1258
f 482 6610 6611
f 6612 491 6613
f 2842 6613 1260
f 1259 6612 2842
f 2843 1260 6614
f 6615 6614 324
f 1258 2843 6615
f 6616 1262 2847
f 6617 2847 1261
f 322 6616 6617
f 6618 490 6619
f 2845 6619 1263
f 1262 6618 2845
f 2846 1263 6620
f 6621 6620 425
f 1261 2846 6621
f 6622 1265 2850
f 6623 2850 1264
f 484 6622 6623
f 6624 323 6625
f 2848 6625 1266
f 1265 6624 2848
f 2849 1266 6626
f 6627 6626 429
f 1264 2849 6627
f 6628 1268 2853
f 6629 2853 1267
f 424 6628 6629
f 6630 497 6631
f 2851 6631 1269
f 1268 6630 2851
f 2852 1269 6632
f 6633 6632 327
f 1267 2852 6633
f 6634 1271 2856
f 6635 2856 1270
f 325 6634 6635
f 6636 496 6637
f 2854 6637 1272
f 1271 6636 2854
f 2855 1272 6638
f 6639 6638 548
f 1270 2855 6639
f 6640 1274 2859
f 6641 2859 1273
f 426 6640 6641
f 6642 326 6643
f 2857 6643 1275
f 1274 6642 2857
f 2858 1275 6644
f 6645 6644 549
f 1273 2858 6645
f 6646 1277 2862
f 6647 2862 1276
f 550 6646 6647
f 6648 434 6649
f 2860 6649 1278
f 1277 6648 2860
f 2861 1278 6650
f 6651 6650 330
f 1276 2861 6651
f 6652 1280 2865
f 6653 2865 1279
f 328 6652 6653
f 6654 433 6655
f 2863 6655 1281
f 1280 6654 2863
f 2864 1281 6656
f 6657 6656 551
f 1279 2864 6657
f 6658 1283 2868
f 6659 2868 1282
f 553 6658 6659
f 6660 329 6661
f 2866 6661 1284
f 1283 6660 2866
f 2867 1284 6662
f 6663 6662 552
f 1282 2867 6663
f 6664 1286 2871
f 6665 2871 1285
f 554 6664 6665
f 6666 480 6667
f 2869 6667 1287
f 1286 6666 2869
f 2870 1287 6668
f 6669 6668 333
f 1285 2870 6669
f 6670 1289 2874
f 6671 2874 1288
f 331 6670 6671
f 6672 479 6673
f 2872 6673 1290
f 1289 6672 2872
f 2873 1290 6674
f 6675 6674 431
f 1288 2873 6675
f 6676 1292 2877
f 6677 2877 1291
f 555 6676 6677
f 6678 332 6679
f 2875 6679 1293
f 1292 6678 2875
f 2876 1293 6680
f 6681 6680 435
f 1291 2876 6681
f 6682 1295 2880
f 6683 2880 1294
f 430 6682 6683
f 6684 489 6685
f 2878 6685 1296
f 1295 6684 2878
f 2879 1296 6686
f 6687 6686 336
f 1294 2879 6687
f 6688 1298 2883
f 6689 2883 1297
f 334 6688 6689
f 6690 488 6691
f 2881 6691 1299
f 1298 6690 2881
f 2882 1299 6692
f 6693 6692 556
f 1297 2882 6693
f 6694 1301 2886
f 6695 2886 1300
f 432 6694 6695
f 6696 335 6697
f 2884 6697 1302
f 1301 6696 2884
f 2885 1302 6698
f 6699 6698 557
f 1300 2885 6699
f 6700 1304 2889
f 6701 2889 1303
f 558 6700 6701
f 6702 440 6703
f 2887 6703 1305
f 1304 6702 2887
f 2888 1305 6704
f 6705 6704 339
f 1303 2888 6705
f 6706 1307 2892
f 6707 2892 1306
f 337 6706 6707
f 6708 439 6709
f 2890 6709 1308
f 1307 6708 2890
f 2891 1308 6710
f 6711 6710 478
f 1306 2891 6711
f 6712 1310 2895
f 6713 2895 1309
f 559 6712 6713
f 6714 338 6715
f 2893 6715 1311
f 1310 6714 2893
f 2894 1311 6716
f 6717 6716 481
f 1309 2894 6717
f 6718 1313 2898
f 6719 2898 1312
f 560 6718 6719
f 6720 500 6721
f 2896 6721 1314
f 1313 6720 2896
f 2897 1314 6722
f 6723 6722 342
f 1312 2897 6723
f 6724 1316 2901
f 6725 2901 1315
f 340 6724 6725
f 6726 499 6727
f 2899 6727 1317
f 1316 6726 2899
f 2900 1317 6728
f 6729 6728 437
f 1315 2900 6729
f 6730 1319 2904
f 6731 2904 1318
f 561 6730 6731
f 6732 341 6733
f 2902 6733 1320
f 1319 6732 2902
f 2903 1320 6734
f 6735 6734 441
f 1318 2903 6735
f 6736 1322 2907
f 6737 2907 1321
f 436 6736 6737
f 6738 505 6739
f 2905 6739 1323
f 1322 6738 2905
f 2906 1323 6740
f 6741 6740 345
f 1321 2906 6741
f 6742 1325 2910
f 6743 2910 1324
f 343 6742 6743
f 6744 504 6745
f 2908 6745 1326
f 1325 6744 2908
f 2909 1326 6746
f 6747 6746 483
f 1324 2909 6747
f 6748 1328 2913
f 6749 2913 1327
f 438 6748 6749
f 6750 344 6751
f 2911 6751 1329
f 1328 6750 2911
f 2912 1329 6752
f 6753 6752 485
f 1327 2912 6753
f 5222 564 2916
f 6754 2916 1330
f 155 5222 6754
f 5221 154 6755
f 2914 6755 1331
f 564 5221 2914
f 2915 1331 6756
f 6757 6756 48
f 1330 2915 6757
f 6758 1333 2919
f 6759 2919 1332
f 46 6758 6759
f 6760 156 5219
f 2917 5219 562
f 1333 6760 2917
f 2918 562 5223
f 6761 5223 155
f 1332 2918 6761
f 6762 1334 2922
f 5218 2922 563
f 156 6762 5218
f 6763 47 6764
f 2920 6764 1335
f 1334 6763 2920
f 2921 1335 6765
f 5220 6765 154
f 563 2921 5220
f 5228 567 2925
f 6766 2925 1336
f 158 5228 6766
f 5227 157 6767
f 2923 6767 1337
f 567 5227 2923
f 2924 1337 6768
f 6769 6768 51
f 1336 2924 6769
f 6770 1339 2928
f 6771 2928 1338
f 49 6770 6771
f 6772 159 5225
f 2926 5225 565
f 1339 6772 2926
f 2927 565 5229
f 6773 5229 158
f 1338 2927 6773
f 6774 1340 2931
f 5224 2931 566
f 159 6774 5224
f 6775 50 6776
f 2929 6776 1341
f 1340 6775 2929
f 2930 1341 6777
f 5226 6777 157
f 566 2930 5226
f 5234 570 2934
f 6778 2934 1342
f 161 5234 6778
f 5233 160 6779
f 2932 6779 1343
f 570 5233 2932
f 2933 1343 6780
f 6781 6780 54
f 1342 2933 6781
f 6782 1345 2937
f 6783 2937 1344
f 52 6782 6783
f 6784 162 5231
f 2935 5231 568
f 1345 6784 2935
f 2936 568 5235
f 6785 5235 161
f 1344 2936 6785
f 6786 1346 2940
f 5230 2940 569
f 162 6786 5230
f 6787 53 6788
f 2938 6788 1347
f 1346 6787 2938
f 2939 1347 6789
f 5232 6789 160
f 569 2939 5232
f 5240 573 2943
f 6790 2943 1348
f 164 5240 6790
f 5239 163 6791
f 2941 6791 1349
f 573 5239 2941
f 2942 1349 6792
f 6793 6792 57
f 1348 2942 6793
f 6794 1351 2946
f 6795 2946 1350
f 55 6794 6795
f 6796 165 5237
f 2944 5237 571
f 1351 6796 2944
f 2945 571 5241
f 6797 5241 164
f 1350 2945 6797
f 6798 1352 2949
f 5236 2949 572
f 165 6798 5236
f 6799 56 6800
f 2947 6800 1353
f 1352 6799 2947
f 2948 1353 6801
f 5238 6801 163
f 572 2948 5238
f 5246 576 2952
f 6802 2952 1354
f 167 5246 6802
f 5245 166 6803
f 2950 6803 1355
f 576 5245 2950
f 2951 1355 6804
f 6805 6804 60
f 1354 2951 6805
f 6806 1357 2955
f 6807 2955 1356
f 58 6806 6807
f 6808 168 5243
f 2953 5243 574
f 1357 6808 2953
f 2954 574 5247
f 6809 5247 167
f 1356 2954 6809
f 6810 1358 2958
f 5242 2958 575
f 168 6810 5242
f 6811 59 6812
f 2956 6812 1359
f 1358 6811 2956
f 2957 1359 6813
f 5244 6813 166
f 575 2957 5244
f 5252 579 2961
f 6814 2961 1360
f 170 5252 6814
f 5251 169 6815
f 2959 6815 1361
f 579 5251 2959
f 2960 1361 6816
f 6817 6816 63
f 1360 2960 6817
f 6818 1363 2964
f 6819 2964 1362
f 61 6818 6819
f 6820 171 5249
f 2962 5249 577
f 1363 6820 2962
f 2963 577 5253
f 6821 5253 170
f 1362 2963 6821
f 6822 1364 2967
f 5248 2967 578
f 171 6822 5248
f 6823 62 6824
f 2965 6824 1365
f 1364 6823 2965
f 2966 1365 6825
f 5250 6825 169
f 578 2966 5250
f 5258 582 2970
f 6826 2970 1366
f 173 5258 6826
f 5257 172 6827
f 2968 6827 1367
f 582 5257 2968
f 2969 1367 6828
f 6829 6828 66
f 1366 2969 6829
f 6830 1369 2973
f 6831 2973 1368
f 64 6830 6831
f 6832 174 5255
f 2971 5255 580
f 1369 6832 2971
f 2972 580 5259
f 6833 5259 173
f 1368 2972 6833
f 6834 1370 2976
f 5254 2976 581
f 174 6834 5254
f 6835 65 6836
f 2974 6836 1371
f 1370 6835 2974
f 2975 1371 6837
f 5256 6837 172
f 581 2975 5256
f 5264 585 2979
f 6838 2979 1372
f 176 5264 6838
f 5263 175 6839
f 2977 6839 1373
f 585 5263 2977
f 2978 1373 6840
f 6841 6840 69
f 1372 2978 6841
f 6842 1375 2982
f 6843 2982 1374
f 67 6842 6843
f 6844 177 5261
f 2980 5261 583
f 1375 6844 2980
f 2981 583 5265
f 6845 5265 176
f 1374 2981 6845
f 6846 1376 2985
f 5260 2985 584
f 177 6846 5260
f 6847 68 6848
f 2983 6848 1377
f 1376 6847 2983
f 2984 1377 6849
f 5262 6849 175
f 584 2984 5262
f 5270 588 2988
f 6850 2988 1378
f 179 5270 6850
f 5269 178 6851
f 2986 6851 1379
f 588 5269 2986
f 2987 1379 6852
f 6853 6852 72
f 1378 2987 6853
f 6854 1381 2991
f 6855 2991 1380
f 70 6854 6855
f 6856 180 5267
f 2989 5267 586
f 1381 6856 2989
f 2990 586 5271
f 6857 5271 179
f 1380 2990 6857
f 6858 1382 2994
f 5266 2994 587
f 180 6858 5266
f 6859 71 6860
f 2992 6860 1383
f 1382 6859 2992
f 2993 1383 6861
f 5268 6861 178
f 587 2993 5268
f 5276 591 2997
f 6862 2997 1384
f 182 5276 6862
f 5275 181 6863
f 2995 6863 1385
f 591 5275 2995
f 2996 1385 6864
f 6865 6864 75
f 1384 2996 6865
f 6866 1387 3000
f 6867 3000 1386
f 73 6866 6867
f 6868 183 5273
f 2998 5273 589
f 1387 6868 2998
f 2999 589 5277
f 6869 5277 182
f 1386 2999 6869
f 6870 1388 3003
f 5272 3003 590
f 183 6870 5272
f 6871 74 6872
f 3001 6872 1389
f 1388 6871 3001
f 3002 1389 6873
f 5274 6873 181
f 590 3002 5274
f 5282 594 3006
f 6874 3006 1390
f 185 5282 6874
f 5281 184 6875
f 3004 6875 1391
f 594 5281 3004
f 3005 1391 6876
f 6877 6876 78
f 1390 3005 6877
f 6878 1393 3009
f 6879 3009 1392
f 76 6878 6879
f 6880 186 5279
f 3007 5279 592
f 1393 6880 3007
f 3008 592 5283
f 6881 5283 185
f 1392 3008 6881
f 6882 1394 3012
f 5278 3012 593
f 186 6882 5278
f 6883 77 6884
f 3010 6884 1395
f 1394 6883 3010
f 3011 1395 6885
f 5280 6885 184
f 593 3011 5280
f 5288 597 3015
f 6886 3015 1396
f 188 5288 6886
f 5287 187 6887
f 3013 6887 1397
f 597 5287 3013
f 3014 1397 6888
f 6889 6888 81
f 1396 3014 6889
f 6890 1399 3018
f 6891 3018 1398
f 79 6890 6891
f 6892 189 5285
f 3016 5285 595
f 1399 6892 3016
f 3017 595 5289
f 6893 5289 188
f 1398 3017 6893
f 6894 1400 3021
f 5284 3021 596
f 189 6894 5284
f 6895 80 6896
f 3019 6896 1401
f 1400 6895 3019
f 3020 1401 6897
f 5286 6897 187
f 596 3020 5286
f 5294 600 3024
f 6898 3024 1402
f 191 5294 6898
f 5293 190 6899
f 3022 6899 1403
f 600 5293 3022
f 3023 1403 6900
f 6901 6900 84
f 1402 3023 6901
f 6902 1405 3027
f 6903 3027 1404
f 82 6902 6903
f 6904 192 5291
f 3025 5291 598
f 1405 6904 3025
f 3026 598 5295
f 6905 5295 191
f 1404 3026 6905
f 6906 1406 3030
f 5290 3030 599
f 192 6906 5290
f 6907 83 6908
f 3028 6908 1407
f 1406 6907 3028
f 3029 1407 6909
f 5292 6909 190
f 599 3029 5292
f 5300 603 3033
f 6910 3033 1408
f 194 5300 6910
f 5299 193 6911
f 3031 6911 1409
f 603 5299 3031
f 3032 1409 6912
f 6913 6912 87
f 1408 3032 6913
f 6914 1411 3036
f 6915 3036 1410
f 85 6914 6915
f 6916 195 5297
f 3034 5297 601
f 1411 6916 3034
f 3035 601 5301
f 6917 5301 194
f 1410 3035 6917
f 6918 1412 3039
f 5296 3039 602
f 195 6918 5296
f 6919 86 6920
f 3037 6920 1413
f 1412 6919 3037
f 3038 1413 6921
f 5298 6921 193
f 602 3038 5298
f 5306 606 3042
f 6922 3042 1414
f 197 5306 6922
f 5305 196 6923
f 3040 6923 1415
f 606 5305 3040
f 3041 1415 6924
f 6925 6924 90
f 1414 3041 6925
f 6926 1417 3045
f 6927 3045 1416
f 88 6926 6927
f 6928 198 5303
f 3043 5303 604
f 1417 6928 3043
f 3044 604 5307
f 6929 5307 197
f 1416 3044 6929
f 6930 1418 3048
f 5302 3048 605
f 198 6930 5302
f 6931 89 6932
f 3046 6932 1419
f 1418 6931 3046
f 3047 1419 6933
f 5304 6933 196
f 605 3047 5304
f 5312 609 3051
f 6934 3051 1420
f 200 5312 6934
f 5311 199 6935
f 3049 6935 1421
f 609 5311 3049
f 3050 1421 6936
f 6937 6936 93
f 1420 3050 6937
f 6938 1423 3054
f 6939 3054 1422
f 91 6938 6939
f 6940 201 5309
f 3052 5309 607
f 1423 6940 3052
f 3053 607 5313
f 6941 5313 200
f 1422 3053 6941
f 6942 1424 3057
f 5308 3057 608
f 201 6942 5308
f 6943 92 6944
f 3055 6944 1425
f 1424 6943 3055
f 3056 1425 6945
f 5310 6945 199
f 608 3056 5310
f 5318 612 3060
f 6946 3060 1426
f 203 5318 6946
f 5317 202 6947
f 3058 6947 1427
f 612 5317 3058
f 3059 1427 6948
f 6949 6948 95
f 1426 3059 6949
f 6950 1429 3063
f 6951 3063 1428
f 94 6950 6951
f 6952 204 5315
f 3061 5315 610
f 1429 6952 3061
f 3062 610 5319
f 6953 5319 203
f 1428 3062 6953
f 6954 1430 3066
f 5314 3066 611
f 204 6954 5314
f 6955 48 6956
f 3064 6956 1431
f 1430 6955 3064
f 3065 1431 6957
f 5316 6957 202
f 611 3065 5316
f 5324 615 3069
f 6958 3069 1432
f 206 5324 6958
f 5323 205 6959
f 3067 6959 1433
f 615 5323 3067
f 3068 1433 6960
f 6961 6960 46
f 1432 3068 6961
f 6962 1435 3072
f 6963 3072 1434
f 96 6962 6963
f 6964 207 5321
f 3070 5321 613
f 1435 6964 3070
f 3071 613 5325
f 6965 5325 206
f 1434 3071 6965
f 6966 1436 3075
f 5320 3075 614
f 207 6966 5320
f 6967 97 6968
f 3073 6968 1437
f 1436 6967 3073
f 3074 1437 6969
f 5322 6969 205
f 614 3074 5322
f 5330 618 3078
f 6970 3078 1438
f 209 5330 6970
f 5329 208 6971
f 3076 6971 1439
f 618 5329 3076
f 3077 1439 6972
f 6973 6972 99
f 1438 3077 6973
f 6974 1441 3081
f 6975 3081 1440
f 47 6974 6975
f 6976 210 5327
f 3079 5327 616
f 1441 6976 3079
f 3080 616 5331
f 6977 5331 209
f 1440 3080 6977
f 6978 1442 3084
f 5326 3084 617
f 210 6978 5326
f 6979 98 6980
f 3082 6980 1443
f 1442 6979 3082
f 3083 1443 6981
f 5328 6981 208
f 617 3083 5328
f 5336 621 3087
f 6982 3087 1444
f 212 5336 6982
f 5335 211 6983
f 3085 6983 1445
f 621 5335 3085
f 3086 1445 6984
f 6985 6984 101
f 1444 3086 6985
f 6986 1447 3090
f 6987 3090 1446
f 100 6986 6987
f 6988 213 5333
f 3088 5333 619
f 1447 6988 3088
f 3089 619 5337
f 6989 5337 212
f 1446 3089 6989
f 6990 1448 3093
f 5332 3093 620
f 213 6990 5332
f 6991 51 6992
f 3091 6992 1449
f 1448 6991 3091
f 3092 1449 6993
f 5334 6993 211
f 620 3092 5334
f 5342 624 3096
f 6994 3096 1450
f 215 5342 6994
f 5341 214 6995
f 3094 6995 1451
f 624 5341 3094
f 3095 1451 6996
f 6997 6996 49
f 1450 3095 6997
f 6998 1453 3099
f 6999 3099 1452
f 102 6998 6999
f 7000 216 5339
f 3097 5339 622
f 1453 7000 3097
f 3098 622 5343
f 7001 5343 215
f 1452 3098 7001
f 7002 1454 3102
f 5338 3102 623
f 216 7002 5338
f 7003 103 7004
f 3100 7004 1455
f 1454 7003 3100
f 3101 1455 7005
f 5340 7005 214
f 623 3101 5340
f 5348 627 3105
f 7006 3105 1456
f 218 5348 7006
f 5347 217 7007
f 3103 7007 1457
f 627 5347 3103
f 3104 1457 7008
f 7009 7008 105
f 1456 3104 7009
f 7010 1459 3108
f 7011 3108 1458
f 50 7010 7011
f 7012 219 5345
f 3106 5345 625
f 1459 7012 3106
f 3107 625 5349
f 7013 5349 218
f 1458 3107 7013
f 7014 1460 3111
f 5344 3111 626
f 219 7014 5344
f 7015 104 7016
f 3109 7016 1461
f 1460 7015 3109
f 3110 1461 7017
f 5346 7017 217
f 626 3110 5346
f 5354 630 3114
f 7018 3114 1462
f 221 5354 7018
f 5353 220 7019
f 3112 7019 1463
f 630 5353 3112
f 3113 1463 7020
f 7021 7020 107
f 1462 3113 7021
f 7022 1465 3117
f 7023 3117 1464
f 106 7022 7023
f 7024 222 5351
f 3115 5351 628
f 1465 7024 3115
f 3116 628 5355
f 7025 5355 221
f 1464 3116 7025
f 7026 1466 3120
f 5350 3120 629
f 222 7026 5350
f 7027 54 7028
f 3118 7028 1467
f 1466 7027 3118
f 3119 1467 7029
f 5352 7029 220
f 629 3119 5352
f 5360 633 3123
f 7030 3123 1468
f 224 5360 7030
f 5359 223 7031
f 3121 7031 1469
f 633 5359 3121
f 3122 1469 7032
f 7033 7032 52
f 1468 3122 7033
f 7034 1471 3126
f 7035 3126 1470
f 108 7034 7035
f 7036 225 5357
f 3124 5357 631
f 1471 7036 3124
f 3125 631 5361
f 7037 5361 224
f 1470 3125 7037
f 7038 1472 3129
f 5356 3129 632
f 225 7038 5356
f 7039 109 7040
f 3127 7040 1473
f 1472 7039 3127
f 3128 1473 7041
f 5358 7041 223
f 632 3128 5358
f 5366 636 3132
f 7042 3132 1474
f 227 5366 7042
f 5365 226 7043
f 3130 7043 1475
f 636 5365 3130
f 3131 1475 7044
f 7045 7044 111
f 1474 3131 7045
f 7046 1477 3135
f 7047 3135 1476
f 53 7046 7047
f 7048 228 5363
f 3133 5363 634
f 1477 7048 3133
f 3134 634 5367
f 7049 5367 227
f 1476 3134 7049
f 7050 1478 3138
f 5362 3138 635
f 228 7050 5362
f 7051 110 7052
f 3136 7052 1479
f 1478 7051 3136
f 3137 1479 7053
f 5364 7053 226
f 635 3137 5364
f 5372 639 3141
f 7054 3141 1480
f 230 5372 7054
f 5371 229 7055
f 3139 7055 1481
f 639 5371 3139
f 3140 1481 7056
f 7057 7056 113
f 1480 3140 7057
f 7058 1483 3144
f 7059 3144 1482
f 112 7058 7059
f 7060 231 5369
f 3142 5369 637
f 1483 7060 3142
f 3143 637 5373
f 7061 5373 230
f 1482 3143 7061
f 7062 1484 3147
f 5368 3147 638
f 231 7062 5368
f 7063 57 7064
f 3145 7064 1485
f 1484 7063 3145
f 3146 1485 7065
f 5370 7065 229
f 638 3146 5370
f 5378 642 3150
f 7066 3150 1486
f 233 5378 7066
f 5377 232 7067
f 3148 7067 1487
f 642 5377 3148
f 3149 1487 7068
f 7069 7068 55
f 1486 3149 7069
f 7070 1489 3153
f 7071 3153 1488
f 114 7070 7071
f 7072 234 5375
f 3151 5375 640
f 1489 7072 3151
f 3152 640 5379
f 7073 5379 233
f 1488 3152 7073
f 7074 1490 3156
f 5374 3156 641
f 234 7074 5374
f 7075 115 7076
f 3154 7076 1491
f 1490 7075 3154
f 3155 1491 7077
f 5376 7077 232
f 641 3155 5376
f 5384 645 3159
f 7078 3159 1492
f 236 5384 7078
f 5383 235 7079
f 3157 7079 1493
f 645 5383 3157
f 3158 1493 7080
f 7081 7080 117
f 1492 3158 7081
f 7082 1495 3162
f 7083 3162 1494
f 56 7082 7083
f 7084 237 5381
f 3160 5381 643
f 1495 7084 3160
f 3161 643 5385
f 7085 5385 236
f 1494 3161 7085
f 7086 1496 3165
f 5380 3165 644
f 237 7086 5380
f 7087 116 7088
f 3163 7088 1497
f 1496 7087 3163
f 3164 1497 7089
f 5382 7089 235
f 644 3164 5382
f 5390 648 3168
f 7090 3168 1498
f 239 5390 7090
f 5389 238 7091
f 3166 7091 1499
f 648 5389 3166
f 3167 1499 7092
f 7093 7092 118
f 1498 3167 7093
f 7094 1501 3171
f 7095 3171 1500
f 98 7094 7095
f 7096 240 5387
f 3169 5387 646
f 1501 7096 3169
f 3170 646 5391
f 7097 5391 239
f 1500 3170 7097
f 7098 1502 3174
f 5386 3174 647
f 240 7098 5386
f 7099 60 7100
f 3172 7100 1503
f 1502 7099 3172
f 3173 1503 7101
f 5388 7101 238
f 647 3173 5388
f 5396 651 3177
f 7102 3177 1504
f 242 5396 7102
f 5395 241 7103
f 3175 7103 1505
f 651 5395 3175
f 3176 1505 7104
f 7105 7104 58
f 1504 3176 7105
f 7106 1507 3180
f 7107 3180 1506
f 97 7106 7107
f 7108 243 5393
f 3178 5393 649
f 1507 7108 3178
f 3179 649 5397
f 7109 5397 242
f 1506 3179 7109
f 7110 1508 3183
f 5392 3183 650
f 243 7110 5392
f 7111 119 7112
f 3181 7112 1509
f 1508 7111 3181
f 3182 1509 7113
f 5394 7113 241
f 650 3182 5394
f 5402 654 3186
f 7114 3186 1510
f 245 5402 7114
f 5401 244 7115
f 3184 7115 1511
f 654 5401 3184
f 3185 1511 7116
f 7117 7116 121
f 1510 3185 7117
f 7118 1513 3189
f 7119 3189 1512
f 59 7118 7119
f 7120 246 5399
f 3187 5399 652
f 1513 7120 3187
f 3188 652 5403
f 7121 5403 245
f 1512 3188 7121
f 7122 1514 3192
f 5398 3192 653
f 246 7122 5398
f 7123 120 7124
f 3190 7124 1515
f 1514 7123 3190
f 3191 1515 7125
f 5400 7125 244
f 653 3191 5400
f 5408 657 3195
f 7126 3195 1516
f 248 5408 7126
f 5407 247 7127
f 3193 7127 1517
f 657 5407 3193
f 3194 1517 7128
f 7129 7128 123
f 1516 3194 7129
f 7130 1519 3198
f 7131 3198 1518
f 122 7130 7131
f 7132 249 5405
f 3196 5405 655
f 1519 7132 3196
f 3197 655 5409
f 7133 5409 248
f 1518 3197 7133
f 7134 1520 3201
f 5404 3201 656
f 249 7134 5404
f 7135 63 7136
f 3199 7136 1521
f 1520 7135 3199
f 3200 1521 7137
f 5406 7137 247
f 656 3200 5406
f 5414 660 3204
f 7138 3204 1522
f 251 5414 7138
f 5413 250 7139
f 3202 7139 1523
f 660 5413 3202
f 3203 1523 7140
f 7141 7140 61
f 1522 3203 7141
f 7142 1525 3207
f 7143 3207 1524
f 124 7142 7143
f 7144 252 5411
f 3205 5411 658
f 1525 7144 3205
f 3206 658 5415
f 7145 5415 251
f 1524 3206 7145
f 7146 1526 3210
f 5410 3210 659
f 252 7146 5410
f 7147 95 7148
f 3208 7148 1527
f 1526 7147 3208
f 3209 1527 7149
f 5412 7149 250
f 659 3209 5412
f 5420 663 3213
f 7150 3213 1528
f 254 5420 7150
f 5419 253 7151
f 3211 7151 1529
f 663 5419 3211
f 3212 1529 7152
f 7153 7152 125
f 1528 3212 7153
f 7154 1531 3216
f 7155 3216 1530
f 62 7154 7155
f 7156 255 5417
f 3214 5417 661
f 1531 7156 3214
f 3215 661 5421
f 7157 5421 254
f 1530 3215 7157
f 7158 1532 3219
f 5416 3219 662
f 255 7158 5416
f 7159 99 7160
f 3217 7160 1533
f 1532 7159 3217
f 3218 1533 7161
f 5418 7161 253
f 662 3218 5418
f 5426 666 3222
f 7162 3222 1534
f 257 5426 7162
f 5425 256 7163
f 3220 7163 1535
f 666 5425 3220
f 3221 1535 7164
f 7165 7164 94
f 1534 3221 7165
f 7166 1537 3225
f 7167 3225 1536
f 126 7166 7167
f 7168 258 5423
f 3223 5423 664
f 1537 7168 3223
f 3224 664 5427
f 7169 5427 257
f 1536 3224 7169
f 7170 1538 3228
f 5422 3228 665
f 258 7170 5422
f 7171 66 7172
f 3226 7172 1539
f 1538 7171 3226
f 3227 1539 7173
f 5424 7173 256
f 665 3227 5424
f 5432 669 3231
f 7174 3231 1540
f 260 5432 7174
f 5431 259 7175
f 3229 7175 1541
f 669 5431 3229
f 3230 1541 7176
f 7177 7176 64
f 1540 3230 7177
f 7178 1543 3234
f 7179 3234 1542
f 127 7178 7179
f 7180 261 5429
f 3232 5429 667
f 1543 7180 3232
f 3233 667 5433
f 7181 5433 260
f 1542 3233 7181
f 7182 1544 3237
f 5428 3237 668
f 261 7182 5428
f 7183 128 7184
f 3235 7184 1545
f 1544 7183 3235
f 3236 1545 7185
f 5430 7185 259
f 668 3236 5430
f 5438 672 3240
f 7186 3240 1546
f 263 5438 7186
f 5437 262 7187
f 3238 7187 1547
f 672 5437 3238
f 3239 1547 7188
f 7189 7188 96
f 1546 3239 7189
f 7190 1549 3243
f 7191 3243 1548
f 65 7190 7191
f 7192 264 5435
f 3241 5435 670
f 1549 7192 3241
f 3242 670 5439
f 7193 5439 263
f 1548 3242 7193
f 7194 1550 3246
f 5434 3246 671
f 264 7194 5434
f 7195 129 7196
f 3244 7196 1551
f 1550 7195 3244
f 3245 1551 7197
f 5436 7197 262
f 671 3245 5436
f 5444 675 3249
f 7198 3249 1552
f 266 5444 7198
f 5443 265 7199
f 3247 7199 1553
f 675 5443 3247
f 3248 1553 7200
f 7201 7200 126
f 1552 3248 7201
f 7202 1555 3252
f 7203 3252 1554
f 104 7202 7203
f 7204 267 5441
f 3250 5441 673
f 1555 7204 3250
f 3251 673 5445
f 7205 5445 266
f 1554 3251 7205
f 7206 1556 3255
f 5440 3255 674
f 267 7206 5440
f 7207 69 7208
f 3253 7208 1557
f 1556 7207 3253
f 3254 1557 7209
f 5442 7209 265
f 674 3254 5442
f 5450 678 3258
f 7210 3258 1558
f 269 5450 7210
f 5449 268 7211
f 3256 7211 1559
f 678 5449 3256
f 3257 1559 7212
f 7213 7212 67
f 1558 3257 7213
f 7214 1561 3261
f 7215 3261 1560
f 103 7214 7215
f 7216 270 5447
f 3259 5447 676
f 1561 7216 3259
f 3260 676 5451
f 7217 5451 269
f 1560 3260 7217
f 7218 1562 3264
f 5446 3264 677
f 270 7218 5446
f 7219 130 7220
f 3262 7220 1563
f 1562 7219 3262
f 3263 1563 7221
f 5448 7221 268
f 677 3263 5448
f 5456 681 3267
f 7222 3267 1564
f 272 5456 7222
f 5455 271 7223
f 3265 7223 1565
f 681 5455 3265
f 3266 1565 7224
f 7225 7224 127
f 1564 3266 7225
f 7226 1567 3270
f 7227 3270 1566
f 68 7226 7227
f 7228 273 5453
f 3268 5453 679
f 1567 7228 3268
f 3269 679 5457
f 7229 5457 272
f 1566 3269 7229
f 7230 1568 3273
f 5452 3273 680
f 273 7230 5452
f 7231 131 7232
f 3271 7232 1569
f 1568 7231 3271
f 3272 1569 7233
f 5454 7233 271
f 680 3272 5454
f 5462 684 3276
f 7234 3276 1570
f 275 5462 7234
f 5461 274 7235
f 3274 7235 1571
f 684 5461 3274
f 3275 1571 7236
f 7237 7236 122
f 1570 3275 7237
f 7238 1573 3279
f 7239 3279 1572
f 132 7238 7239
f 7240 276 5459
f 3277 5459 682
f 1573 7240 3277
f 3278 682 5463
f 7241 5463 275
f 1572 3278 7241
f 7242 1574 3282
f 5458 3282 683
f 276 7242 5458
f 7243 72 7244
f 3280 7244 1575
f 1574 7243 3280
f 3281 1575 7245
f 5460 7245 274
f 683 3281 5460
f 5468 687 3285
f 7246 3285 1576
f 278 5468 7246
f 5467 277 7247
f 3283 7247 1577
f 687 5467 3283
f 3284 1577 7248
f 7249 7248 70
f 1576 3284 7249
f 7250 1579 3288
f 7251 3288 1578
f 133 7250 7251
f 7252 279 5465
f 3286 5465 685
f 1579 7252 3286
f 3287 685 5469
f 7253 5469 278
f 1578 3287 7253
f 7254 1580 3291
f 5464 3291 686
f 279 7254 5464
f 7255 101 7256
f 3289 7256 1581
f 1580 7255 3289
f 3290 1581 7257
f 5466 7257 277
f 686 3290 5466
f 5474 690 3294
f 7258 3294 1582
f 281 5474 7258
f 5473 280 7259
f 3292 7259 1583
f 690 5473 3292
f 3293 1583 7260
f 7261 7260 124
f 1582 3293 7261
f 7262 1585 3297
f 7263 3297 1584
f 71 7262 7263
f 7264 282 5471
f 3295 5471 688
f 1585 7264 3295
f 3296 688 5475
f 7265 5475 281
f 1584 3296 7265
f 7266 1586 3300
f 5470 3300 689
f 282 7266 5470
f 7267 105 7268
f 3298 7268 1587
f 1586 7267 3298
f 3299 1587 7269
f 5472 7269 280
f 689 3299 5472
f 5480 693 3303
f 7270 3303 1588
f 284 5480 7270
f 5479 283 7271
f 3301 7271 1589
f 693 5479 3301
f 3302 1589 7272
f 7273 7272 100
f 1588 3302 7273
f 7274 1591 3306
f 7275 3306 1590
f 134 7274 7275
f 7276 285 5477
f 3304 5477 691
f 1591 7276 3304
f 3305 691 5481
f 7277 5481 284
f 1590 3305 7277
f 7278 1592 3309
f 5476 3309 692
f 285 7278 5476
f 7279 75 7280
f 3307 7280 1593
f 1592 7279 3307
f 3308 1593 7281
f 5478 7281 283
f 692 3308 5478
f 5486 696 3312
f 7282 3312 1594
f 287 5486 7282
f 5485 286 7283
f 3310 7283 1595
f 696 5485 3310
f 3311 1595 7284
f 7285 7284 73
f 1594 3311 7285
f 7286 1597 3315
f 7287 3315 1596
f 135 7286 7287
f 7288 288 5483
f 3313 5483 694
f 1597 7288 3313
f 3314 694 5487
f 7289 5487 287
f 1596 3314 7289
f 7290 1598 3318
f 5482 3318 695
f 288 7290 5482
f 7291 136 7292
f 3316 7292 1599
f 1598 7291 3316
f 3317 1599 7293
f 5484 7293 286
f 695 3317 5484
f 5492 699 3321
f 7294 3321 1600
f 290 5492 7294
f 5491 289 7295
f 3319 7295 1601
f 699 5491 3319
f 3320 1601 7296
f 7297 7296 102
f 1600 3320 7297
f 7298 1603 3324
f 7299 3324 1602
f 74 7298 7299
f 7300 291 5489
f 3322 5489 697
f 1603 7300 3322
f 3323 697 5493
f 7301 5493 290
f 1602 3323 7301
f 7302 1604 3327
f 5488 3327 698
f 291 7302 5488
f 7303 137 7304
f 3325 7304 1605
f 1604 7303 3325
f 3326 1605 7305
f 5490 7305 289
f 698 3326 5490
f 5498 702 3330
f 7306 3330 1606
f 293 5498 7306
f 5497 292 7307
f 3328 7307 1607
f 702 5497 3328
f 3329 1607 7308
f 7309 7308 138
f 1606 3329 7309
f 7310 1609 3333
f 7311 3333 1608
f 110 7310 7311
f 7312 294 5495
f 3331 5495 700
f 1609 7312 3331
f 3332 700 5499
f 7313 5499 293
f 1608 3332 7313
f 7314 1610 3336
f 5494 3336 701
f 294 7314 5494
f 7315 78 7316
f 3334 7316 1611
f 1610 7315 3334
f 3335 1611 7317
f 5496 7317 292
f 701 3335 5496
f 5504 705 3339
f 7318 3339 1612
f 296 5504 7318
f 5503 295 7319
f 3337 7319 1613
f 705 5503 3337
f 3338 1613 7320
f 7321 7320 76
f 1612 3338 7321
f 7322 1615 3342
f 7323 3342 1614
f 109 7322 7323
f 7324 297 5501
f 3340 5501 703
f 1615 7324 3340
f 3341 703 5505
f 7325 5505 296
f 1614 3341 7325
f 7326 1616 3345
f 5500 3345 704
f 297 7326 5500
f 7327 139 7328
f 3343 7328 1617
f 1616 7327 3343
f 3344 1617 7329
f 5502 7329 295
f 704 3344 5502
f 5510 708 3348
f 7330 3348 1618
f 299 5510 7330
f 5509 298 7331
f 3346 7331 1619
f 708 5509 3346
f 3347 1619 7332
f 7333 7332 141
f 1618 3347 7333
f 7334 1621 3351
f 7335 3351 1620
f 77 7334 7335
f 7336 300 5507
f 3349 5507 706
f 1621 7336 3349
f 3350 706 5511
f 7337 5511 299
f 1620 3350 7337
f 7338 1622 3354
f 5506 3354 707
f 300 7338 5506
f 7339 140 7340
f 3352 7340 1623
f 1622 7339 3352
f 3353 1623 7341
f 5508 7341 298
f 707 3353 5508
f 5516 711 3357
f 7342 3357 1624
f 302 5516 7342
f 5515 301 7343
f 3355 7343 1625
f 711 5515 3355
f 3356 1625 7344
f 7345 7344 142
f 1624 3356 7345
f 7346 1627 3360
f 7347 3360 1626
f 120 7346 7347
f 7348 303 5513
f 3358 5513 709
f 1627 7348 3358
f 3359 709 5517
f 7349 5517 302
f 1626 3359 7349
f 7350 1628 3363
f 5512 3363 710
f 303 7350 5512
f 7351 81 7352
f 3361 7352 1629
f 1628 7351 3361
f 3362 1629 7353
f 5514 7353 301
f 710 3362 5514
f 5522 714 3366
f 7354 3366 1630
f 305 5522 7354
f 5521 304 7355
f 3364 7355 1631
f 714 5521 3364
f 3365 1631 7356
f 7357 7356 79
f 1630 3365 7357
f 7358 1633 3369
f 7359 3369 1632
f 119 7358 7359
f 7360 306 5519
f 3367 5519 712
f 1633 7360 3367
f 3368 712 5523
f 7361 5523 305
f 1632 3368 7361
f 7362 1634 3372
f 5518 3372 713
f 306 7362 5518
f 7363 107 7364
f 3370 7364 1635
f 1634 7363 3370
f 3371 1635 7365
f 5520 7365 304
f 713 3371 5520
f 5528 717 3375
f 7366 3375 1636
f 308 5528 7366
f 5527 307 7367
f 3373 7367 1637
f 717 5527 3373
f 3374 1637 7368
f 7369 7368 143
f 1636 3374 7369
f 7370 1639 3378
f 7371 3378 1638
f 80 7370 7371
f 7372 309 5525
f 3376 5525 715
f 1639 7372 3376
f 3377 715 5529
f 7373 5529 308
f 1638 3377 7373
f 7374 1640 3381
f 5524 3381 716
f 309 7374 5524
f 7375 111 7376
f 3379 7376 1641
f 1640 7375 3379
f 3380 1641 7377
f 5526 7377 307
f 716 3380 5526
f 5534 720 3384
f 7378 3384 1642
f 311 5534 7378
f 5533 310 7379
f 3382 7379 1643
f 720 5533 3382
f 3383 1643 7380
f 7381 7380 106
f 1642 3383 7381
f 7382 1645 3387
f 7383 3387 1644
f 129 7382 7383
f 7384 312 5531
f 3385 5531 718
f 1645 7384 3385
f 3386 718 5535
f 7385 5535 311
f 1644 3386 7385
f 7386 1646 3390
f 5530 3390 719
f 312 7386 5530
f 7387 84 7388
f 3388 7388 1647
f 1646 7387 3388
f 3389 1647 7389
f 5532 7389 310
f 719 3389 5532
f 5540 723 3393
f 7390 3393 1648
f 314 5540 7390
f 5539 313 7391
f 3391 7391 1649
f 723 5539 3391
f 3392 1649 7392
f 7393 7392 82
f 1648 3392 7393
f 7394 1651 3396
f 7395 3396 1650
f 128 7394 7395
f 7396 315 5537
f 3394 5537 721
f 1651 7396 3394
f 3395 721 5541
f 7397 5541 314
f 1650 3395 7397
f 7398 1652 3399
f 5536 3399 722
f 315 7398 5536
f 7399 144 7400
f 3397 7400 1653
f 1652 7399 3397
f 3398 1653 7401
f 5538 7401 313
f 722 3398 5538
f 5546 726 3402
f 7402 3402 1654
f 317 5546 7402
f 5545 316 7403
f 3400 7403 1655
f 726 5545 3400
f 3401 1655 7404
f 7405 7404 108
f 1654 3401 7405
f 7406 1657 3405
f 7407 3405 1656
f 83 7406 7407
f 7408 318 5543
f 3403 5543 724
f 1657 7408 3403
f 3404 724 5547
f 7409 5547 317
f 1656 3404 7409
f 7410 1658 3408
f 5542 3408 725
f 318 7410 5542
f 7411 145 7412
f 3406 7412 1659
f 1658 7411 3406
f 3407 1659 7413
f 5544 7413 316
f 725 3407 5544
f 5552 729 3411
f 7414 3411 1660
f 320 5552 7414
f 5551 319 7415
f 3409 7415 1661
f 729 5551 3409
f 3410 1661 7416
f 7417 7416 146
f 1660 3410 7417
f 7418 1663 3414
f 7419 3414 1662
f 116 7418 7419
f 7420 321 5549
f 3412 5549 727
f 1663 7420 3412
f 3413 727 5553
f 7421 5553 320
f 1662 3413 7421
f 7422 1664 3417
f 5548 3417 728
f 321 7422 5548
f 7423 87 7424
f 3415 7424 1665
f 1664 7423 3415
f 3416 1665 7425
f 5550 7425 319
f 728 3416 5550
f 5558 732 3420
f 7426 3420 1666
f 323 5558 7426
f 5557 322 7427
f 3418 7427 1667
f 732 5557 3418
f 3419 1667 7428
f 7429 7428 85
f 1666 3419 7429
f 7430 1669 3423
f 7431 3423 1668
f 115 7430 7431
f 7432 324 5555
f 3421 5555 730
f 1669 7432 3421
f 3422 730 5559
f 7433 5559 323
f 1668 3422 7433
f 7434 1670 3426
f 5554 3426 731
f 324 7434 5554
f 7435 118 7436
f 3424 7436 1671
f 1670 7435 3424
f 3425 1671 7437
f 5556 7437 322
f 731 3425 5556
f 5564 735 3429
f 7438 3429 1672
f 326 5564 7438
f 5563 325 7439
f 3427 7439 1673
f 735 5563 3427
f 3428 1673 7440
f 7441 7440 147
f 1672 3428 7441
f 7442 1675 3432
f 7443 3432 1674
f 86 7442 7443
f 7444 327 5561
f 3430 5561 733
f 1675 7444 3430
f 3431 733 5565
f 7445 5565 326
f 1674 3431 7445
f 7446 1676 3435
f 5560 3435 734
f 327 7446 5560
f 7447 121 7448
f 3433 7448 1677
f 1676 7447 3433
f 3434 1677 7449
f 5562 7449 325
f 734 3434 5562
f 5570 738 3438
f 7450 3438 1678
f 329 5570 7450
f 5569 328 7451
f 3436 7451 1679
f 738 5569 3436
f 3437 1679 7452
f 7453 7452 149
f 1678 3437 7453
f 7454 1681 3441
f 7455 3441 1680
f 148 7454 7455
f 7456 330 5567
f 3439 5567 736
f 1681 7456 3439
f 3440 736 5571
f 7457 5571 329
f 1680 3440 7457
f 7458 1682 3444
f 5566 3444 737
f 330 7458 5566
f 7459 90 7460
f 3442 7460 1683
f 1682 7459 3442
f 3443 1683 7461
f 5568 7461 328
f 737 3443 5568
f 5576 741 3447
f 7462 3447 1684
f 332 5576 7462
f 5575 331 7463
f 3445 7463 1685
f 741 5575 3445
f 3446 1685 7464
f 7465 7464 88
f 1684 3446 7465
f 7466 1687 3450
f 7467 3450 1686
f 150 7466 7467
f 7468 333 5573
f 3448 5573 739
f 1687 7468 3448
f 3449 739 5577
f 7469 5577 332
f 1686 3449 7469
f 7470 1688 3453
f 5572 3453 740
f 333 7470 5572
f 7471 113 7472
f 3451 7472 1689
f 1688 7471 3451
f 3452 1689 7473
f 5574 7473 331
f 740 3452 5574
f 5582 744 3456
f 7474 3456 1690
f 335 5582 7474
f 5581 334 7475
f 3454 7475 1691
f 744 5581 3454
f 3455 1691 7476
f 7477 7476 151
f 1690 3455 7477
f 7478 1693 3459
f 7479 3459 1692
f 89 7478 7479
f 7480 336 5579
f 3457 5579 742
f 1693 7480 3457
f 3458 742 5583
f 7481 5583 335
f 1692 3458 7481
f 7482 1694 3462
f 5578 3462 743
f 336 7482 5578
f 7483 117 7484
f 3460 7484 1695
f 1694 7483 3460
f 3461 1695 7485
f 5580 7485 334
f 743 3461 5580
f 5588 747 3465
f 7486 3465 1696
f 338 5588 7486
f 5587 337 7487
f 3463 7487 1697
f 747 5587 3463
f 3464 1697 7488
f 7489 7488 112
f 1696 3464 7489
f 7490 1699 3468
f 7491 3468 1698
f 152 7490 7491
f 7492 339 5585
f 3466 5585 745
f 1699 7492 3466
f 3467 745 5589
f 7493 5589 338
f 1698 3467 7493
f 7494 1700 3471
f 5584 3471 746
f 339 7494 5584
f 7495 93 7496
f 3469 7496 1701
f 1700 7495 3469
f 3470 1701 7497
f 5586 7497 337
f 746 3470 5586
f 5594 750 3474
f 7498 3474 1702
f 341 5594 7498
f 5593 340 7499
f 3472 7499 1703
f 750 5593 3472
f 3473 1703 7500
f 7501 7500 91
f 1702 3473 7501
f 7502 1705 3477
f 7503 3477 1704
f 153 7502 7503
f 7504 342 5591
f 3475 5591 748
f 1705 7504 3475
f 3476 748 5595
f 7505 5595 341
f 1704 3476 7505
f 7506 1706 3480
f 5590 3480 749
f 342 7506 5590
f 7507 123 7508
f 3478 7508 1707
f 1706 7507 3478
f 3479 1707 7509
f 5592 7509 340
f 749 3479 5592
f 5600 753 3483
f 7510 3483 1708
f 344 5600 7510
f 5599 343 7511
f 3481 7511 1709
f 753 5599 3481
f 3482 1709 7512
f 7513 7512 114
f 1708 3482 7513
f 7514 1711 3486
f 7515 3486 1710
f 92 7514 7515
f 7516 345 5597
f 3484 5597 751
f 1711 7516 3484
f 3485 751 5601
f 7517 5601 344
f 1710 3485 7517
f 7518 1712 3489
f 5596 3489 752
f 345 7518 5596
f 7519 125 7520
f 3487 7520 1713
f 1712 7519 3487
f 3488 1713 7521
f 5598 7521 343
f 752 3488 5598
f 5606 756 3492
f 6762 3492 1334
f 156 5606 6762
f 5605 346 7522
f 3490 7522 1714
f 756 5605 3490
f 3491 1714 7523
f 6763 7523 47
f 1334 3491 6763
f 7524 1715 3495
f 6758 3495 1333
f 46 7524 6758
f 7525 347 5603
f 3493 5603 754
f 1715 7525 3493
f 3494 754 5607
f 6760 5607 156
f 1333 3494 6760
f 7526 1716 3498
f 5602 3498 755
f 347 7526 5602
f 7527 18 7528
f 3496 7528 1717
f 1716 7527 3496
f 3497 1717 7529
f 5604 7529 346
f 755 3497 5604
f 5612 759 3501
f 7530 3501 1718
f 349 5612 7530
f 5611 348 7531
f 3499 7531 1719
f 759 5611 3499
f 3500 1719 7532
f 7533 7532 16
f 1718 3500 7533
f 6756 1331 3504
f 7534 3504 1720
f 48 6756 7534
f 6755 154 5609
f 3502 5609 757
f 1331 6755 3502
f 3503 757 5613
f 7535 5613 349
f 1720 3503 7535
f 6765 1335 3507
f 5608 3507 758
f 154 6765 5608
f 6764 47 7536
f 3505 7536 1721
f 1335 6764 3505
f 3506 1721 7537
f 5610 7537 348
f 758 3506 5610
f 5618 762 3510
f 7538 3510 1722
f 350 5618 7538
f 5617 155 6754
f 3508 6754 1330
f 762 5617 3508
f 3509 1330 6757
f 7539 6757 48
f 1722 3509 7539
f 7540 1724 3513
f 7541 3513 1723
f 17 7540 7541
f 7542 351 5615
f 3511 5615 760
f 1724 7542 3511
f 3512 760 5619
f 7543 5619 350
f 1723 3512 7543
f 7544 1725 3516
f 5614 3516 761
f 351 7544 5614
f 7545 46 6759
f 3514 6759 1332
f 1725 7545 3514
f 3515 1332 6761
f 5616 6761 155
f 761 3515 5616
f 5624 765 3519
f 6774 3519 1340
f 159 5624 6774
f 5623 352 7546
f 3517 7546 1726
f 765 5623 3517
f 3518 1726 7547
f 6775 7547 50
f 1340 3518 6775
f 7548 1727 3522
f 6770 3522 1339
f 49 7548 6770
f 7549 353 5621
f 3520 5621 763
f 1727 7549 3520
f 3521 763 5625
f 6772 5625 159
f 1339 3521 6772
f 7550 1728 3525
f 5620 3525 764
f 353 7550 5620
f 7551 21 7552
f 3523 7552 1729
f 1728 7551 3523
f 3524 1729 7553
f 5622 7553 352
f 764 3524 5622
f 5630 768 3528
f 7554 3528 1730
f 355 5630 7554
f 5629 354 7555
f 3526 7555 1731
f 768 5629 3526
f 3527 1731 7556
f 7557 7556 19
f 1730 3527 7557
f 6768 1337 3531
f 7558 3531 1732
f 51 6768 7558
f 6767 157 5627
f 3529 5627 766
f 1337 6767 3529
f 3530 766 5631
f 7559 5631 355
f 1732 3530 7559
f 6777 1341 3534
f 5626 3534 767
f 157 6777 5626
f 6776 50 7560
f 3532 7560 1733
f 1341 6776 3532
f 3533 1733 7561
f 5628 7561 354
f 767 3533 5628
f 5636 771 3537
f 7562 3537 1734
f 356 5636 7562
f 5635 158 6766
f 3535 6766 1336
f 771 5635 3535
f 3536 1336 6769
f 7563 6769 51
f 1734 3536 7563
f 7564 1736 3540
f 7565 3540 1735
f 20 7564 7565
f 7566 357 5633
f 3538 5633 769
f 1736 7566 3538
f 3539 769 5637
f 7567 5637 356
f 1735 3539 7567
f 7568 1737 3543
f 5632 3543 770
f 357 7568 5632
f 7569 49 6771
f 3541 6771 1338
f 1737 7569 3541
f 3542 1338 6773
f 5634 6773 158
f 770 3542 5634
f 5642 774 3546
f 6786 3546 1346
f 162 5642 6786
f 5641 358 7570
f 3544 7570 1738
f 774 5641 3544
f 3545 1738 7571
f 6787 7571 53
f 1346 3545 6787
f 7572 1739 3549
f 6782 3549 1345
f 52 7572 6782
f 7573 359 5639
f 3547 5639 772
f 1739 7573 3547
f 3548 772 5643
f 6784 5643 162
f 1345 3548 6784
f 7574 1740 3552
f 5638 3552 773
f 359 7574 5638
f 7575 24 7576
f 3550 7576 1741
f 1740 7575 3550
f 3551 1741 7577
f 5640 7577 358
f 773 3551 5640
f 5648 777 3555
f 7578 3555 1742
f 361 5648 7578
f 5647 360 7579
f 3553 7579 1743
f 777 5647 3553
f 3554 1743 7580
f 7581 7580 22
f 1742 3554 7581
f 6780 1343 3558
f 7582 3558 1744
f 54 6780 7582
f 6779 160 5645
f 3556 5645 775
f 1343 6779 3556
f 3557 775 5649
f 7583 5649 361
f 1744 3557 7583
f 6789 1347 3561
f 5644 3561 776
f 160 6789 5644
f 6788 53 7584
f 3559 7584 1745
f 1347 6788 3559
f 3560 1745 7585
f 5646 7585 360
f 776 3560 5646
f 5654 780 3564
f 7586 3564 1746
f 362 5654 7586
f 5653 161 6778
f 3562 6778 1342
f 780 5653 3562
f 3563 1342 6781
f 7587 6781 54
f 1746 3563 7587
f 7588 1748 3567
f 7589 3567 1747
f 23 7588 7589
f 7590 363 5651
f 3565 5651 778
f 1748 7590 3565
f 3566 778 5655
f 7591 5655 362
f 1747 3566 7591
f 7592 1749 3570
f 5650 3570 779
f 363 7592 5650
f 7593 52 6783
f 3568 6783 1344
f 1749 7593 3568
f 3569 1344 6785
f 5652 6785 161
f 779 3569 5652
f 5660 783 3573
f 6798 3573 1352
f 165 5660 6798
f 5659 364 7594
f 3571 7594 1750
f 783 5659 3571
f 3572 1750 7595
f 6799 7595 56
f 1352 3572 6799
f 7596 1751 3576
f 6794 3576 1351
f 55 7596 6794
f 7597 365 5657
f 3574 5657 781
f 1751 7597 3574
f 3575 781 5661
f 6796 5661 165
f 1351 3575 6796
f 7598 1752 3579
f 5656 3579 782
f 365 7598 5656
f 7599 27 7600
f 3577 7600 1753
f 1752 7599 3577
f 3578 1753 7601
f 5658 7601 364
f 782 3578 5658
f 5666 786 3582
f 7602 3582 1754
f 367 5666 7602
f 5665 366 7603
f 3580 7603 1755
f 786 5665 3580
f 3581 1755 7604
f 7605 7604 25
f 1754 3581 7605
f 6792 1349 3585
f 7606 3585 1756
f 57 6792 7606
f 6791 163 5663
f 3583 5663 784
f 1349 6791 3583
f 3584 784 5667
f 7607 5667 367
f 1756 3584 7607
f 6801 1353 3588
f 5662 3588 785
f 163 6801 5662
f 6800 56 7608
f 3586 7608 1757
f 1353 6800 3586
f 3587 1757 7609
f 5664 7609 366
f 785 3587 5664
f 5672 789 3591
f 7610 3591 1758
f 368 5672 7610
f 5671 164 6790
f 3589 6790 1348
f 789 5671 3589
f 3590 1348 6793
f 7611 6793 57
f 1758 3590 7611
f 7612 1760 3594
f 7613 3594 1759
f 26 7612 7613
f 7614 369 5669
f 3592 5669 787
f 1760 7614 3592
f 3593 787 5673
f 7615 5673 368
f 1759 3593 7615
f 7616 1761 3597
f 5668 3597 788
f 369 7616 5668
f 7617 55 6795
f 3595 6795 1350
f 1761 7617 3595
f 3596 1350 6797
f 5670 6797 164
f 788 3596 5670
f 5678 792 3600
f 6810 3600 1358
f 168 5678 6810
f 5677 370 7618
f 3598 7618 1762
f 792 5677 3598
f 3599 1762 7619
f 6811 7619 59
f 1358 3599 6811
f 7620 1763 3603
f 6806 3603 1357
f 58 7620 6806
f 7621 371 5675
f 3601 5675 790
f 1763 7621 3601
f 3602 790 5679
f 6808 5679 168
f 1357 3602 6808
f 7622 1764 3606
f 5674 3606 791
f 371 7622 5674
f 7623 29 7624
f 3604 7624 1765
f 1764 7623 3604
f 3605 1765 7625
f 5676 7625 370
f 791 3605 5676
f 5684 795 3609
f 7626 3609 1766
f 373 5684 7626
f 5683 372 7627
f 3607 7627 1767
f 795 5683 3607
f 3608 1767 7628
f 7629 7628 28
f 1766 3608 7629
f 6804 1355 3612
f 7630 3612 1768
f 60 6804 7630
f 6803 166 5681
f 3610 5681 793
f 1355 6803 3610
f 3611 793 5685
f 7631 5685 373
f 1768 3611 7631
f 6813 1359 3615
f 5680 3615 794
f 166 6813 5680
f 6812 59 7632
f 3613 7632 1769
f 1359 6812 3613
f 3614 1769 7633
f 5682 7633 372
f 794 3614 5682
f 5690 798 3618
f 7634 3618 1770
f 374 5690 7634
f 5689 167 6802
f 3616 6802 1354
f 798 5689 3616
f 3617 1354 6805
f 7635 6805 60
f 1770 3617 7635
f 7636 1772 3621
f 7637 3621 1771
f 18 7636 7637
f 7638 375 5687
f 3619 5687 796
f 1772 7638 3619
f 3620 796 5691
f 7639 5691 374
f 1771 3620 7639
f 7640 1773 3624
f 5686 3624 797
f 375 7640 5686
f 7641 58 6807
f 3622 6807 1356
f 1773 7641 3622
f 3623 1356 6809
f 5688 6809 167
f 797 3623 5688
f 5696 801 3627
f 6822 3627 1364
f 171 5696 6822
f 5695 376 7642
f 3625 7642 1774
f 801 5695 3625
f 3626 1774 7643
f 6823 7643 62
f 1364 3626 6823
f 7644 1775 3630
f 6818 3630 1363
f 61 7644 6818
f 7645 377 5693
f 3628 5693 799
f 1775 7645 3628
f 3629 799 5697
f 6820 5697 171
f 1363 3629 6820
f 7646 1776 3633
f 5692 3633 800
f 377 7646 5692
f 7647 16 7648
f 3631 7648 1777
f 1776 7647 3631
f 3632 1777 7649
f 5694 7649 376
f 800 3632 5694
f 5702 804 3636
f 7650 3636 1778
f 379 5702 7650
f 5701 378 7651
f 3634 7651 1779
f 804 5701 3634
f 3635 1779 7652
f 7653 7652 30
f 1778 3635 7653
f 6816 1361 3639
f 7654 3639 1780
f 63 6816 7654
f 6815 169 5699
f 3637 5699 802
f 1361 6815 3637
f 3638 802 5703
f 7655 5703 379
f 1780 3638 7655
f 6825 1365 3642
f 5698 3642 803
f 169 6825 5698
f 6824 62 7656
f 3640 7656 1781
f 1365 6824 3640
f 3641 1781 7657
f 5700 7657 378
f 803 3641 5700
f 5708 807 3645
f 7658 3645 1782
f 380 5708 7658
f 5707 170 6814
f 3643 6814 1360
f 807 5707 3643
f 3644 1360 6817
f 7659 6817 63
f 1782 3644 7659
f 7660 1784 3648
f 7661 3648 1783
f 31 7660 7661
f 7662 381 5705
f 3646 5705 805
f 1784 7662 3646
f 3647 805 5709
f 7663 5709 380
f 1783 3647 7663
f 7664 1785 3651
f 5704 3651 806
f 381 7664 5704
f 7665 61 6819
f 3649 6819 1362
f 1785 7665 3649
f 3650 1362 6821
f 5706 6821 170
f 806 3650 5706
f 5714 810 3654
f 6834 3654 1370
f 174 5714 6834
f 5713 382 7666
f 3652 7666 1786
f 810 5713 3652
f 3653 1786 7667
f 6835 7667 65
f 1370 3653 6835
f 7668 1787 3657
f 6830 3657 1369
f 64 7668 6830
f 7669 383 5711
f 3655 5711 808
f 1787 7669 3655
f 3656 808 5715
f 6832 5715 174
f 1369 3656 6832
f 7670 1788 3660
f 5710 3660 809
f 383 7670 5710
f 7671 33 7672
f 3658 7672 1789
f 1788 7671 3658
f 3659 1789 7673
f 5712 7673 382
f 809 3659 5712
f 5720 813 3663
f 7674 3663 1790
f 385 5720 7674
f 5719 384 7675
f 3661 7675 1791
f 813 5719 3661
f 3662 1791 7676
f 7677 7676 17
f 1790 3662 7677
f 6828 1367 3666
f 7678 3666 1792
f 66 6828 7678
f 6827 172 5717
f 3664 5717 811
f 1367 6827 3664
f 3665 811 5721
f 7679 5721 385
f 1792 3665 7679
f 6837 1371 3669
f 5716 3669 812
f 172 6837 5716
f 6836 65 7680
f 3667 7680 1793
f 1371 6836 3667
f 3668 1793 7681
f 5718 7681 384
f 812 3668 5718
f 5726 816 3672
f 7682 3672 1794
f 386 5726 7682
f 5725 173 6826
f 3670 6826 1366
f 816 5725 3670
f 3671 1366 6829
f 7683 6829 66
f 1794 3671 7683
f 7684 1796 3675
f 7685 3675 1795
f 32 7684 7685
f 7686 387 5723
f 3673 5723 814
f 1796 7686 3673
f 3674 814 5727
f 7687 5727 386
f 1795 3674 7687
f 7688 1797 3678
f 5722 3678 815
f 387 7688 5722
f 7689 64 6831
f 3676 6831 1368
f 1797 7689 3676
f 3677 1368 6833
f 5724 6833 173
f 815 3677 5724
f 5732 819 3681
f 6846 3681 1376
f 177 5732 6846
f 5731 388 7690
f 3679 7690 1798
f 819 5731 3679
f 3680 1798 7691
f 6847 7691 68
f 1376 3680 6847
f 7692 1799 3684
f 6842 3684 1375
f 67 7692 6842
f 7693 389 5729
f 3682 5729 817
f 1799 7693 3682
f 3683 817 5733
f 6844 5733 177
f 1375 3683 6844
f 7694 1800 3687
f 5728 3687 818
f 389 7694 5728
f 7695 34 7696
f 3685 7696 1801
f 1800 7695 3685
f 3686 1801 7697
f 5730 7697 388
f 818 3686 5730
f 5738 822 3690
f 7698 3690 1802
f 391 5738 7698
f 5737 390 7699
f 3688 7699 1803
f 822 5737 3688
f 3689 1803 7700
f 7701 7700 32
f 1802 3689 7701
f 6840 1373 3693
f 7702 3693 1804
f 69 6840 7702
f 6839 175 5735
f 3691 5735 820
f 1373 6839 3691
f 3692 820 5739
f 7703 5739 391
f 1804 3692 7703
f 6849 1377 3696
f 5734 3696 821
f 175 6849 5734
f 6848 68 7704
f 3694 7704 1805
f 1377 6848 3694
f 3695 1805 7705
f 5736 7705 390
f 821 3695 5736
f 5744 825 3699
f 7706 3699 1806
f 392 5744 7706
f 5743 176 6838
f 3697 6838 1372
f 825 5743 3697
f 3698 1372 6841
f 7707 6841 69
f 1806 3698 7707
f 7708 1808 3702
f 7709 3702 1807
f 21 7708 7709
f 7710 393 5741
f 3700 5741 823
f 1808 7710 3700
f 3701 823 5745
f 7711 5745 392
f 1807 3701 7711
f 7712 1809 3705
f 5740 3705 824
f 393 7712 5740
f 7713 67 6843
f 3703 6843 1374
f 1809 7713 3703
f 3704 1374 6845
f 5742 6845 176
f 824 3704 5742
f 5750 828 3708
f 6858 3708 1382
f 180 5750 6858
f 5749 394 7714
f 3706 7714 1810
f 828 5749 3706
f 3707 1810 7715
f 6859 7715 71
f 1382 3707 6859
f 7716 1811 3711
f 6854 3711 1381
f 70 7716 6854
f 7717 395 5747
f 3709 5747 826
f 1811 7717 3709
f 3710 826 5751
f 6856 5751 180
f 1381 3710 6856
f 7718 1812 3714
f 5746 3714 827
f 395 7718 5746
f 7719 19 7720
f 3712 7720 1813
f 1812 7719 3712
f 3713 1813 7721
f 5748 7721 394
f 827 3713 5748
f 5756 831 3717
f 7722 3717 1814
f 397 5756 7722
f 5755 396 7723
f 3715 7723 1815
f 831 5755 3715
f 3716 1815 7724
f 7725 7724 31
f 1814 3716 7725
f 6852 1379 3720
f 7726 3720 1816
f 72 6852 7726
f 6851 178 5753
f 3718 5753 829
f 1379 6851 3718
f 3719 829 5757
f 7727 5757 397
f 1816 3719 7727
f 6861 1383 3723
f 5752 3723 830
f 178 6861 5752
f 6860 71 7728
f 3721 7728 1817
f 1383 6860 3721
f 3722 1817 7729
f 5754 7729 396
f 830 3722 5754
f 5762 834 3726
f 7730 3726 1818
f 398 5762 7730
f 5761 179 6850
f 3724 6850 1378
f 834 5761 3724
f 3725 1378 6853
f 7731 6853 72
f 1818 3725 7731
f 7732 1820 3729
f 7733 3729 1819
f 35 7732 7733
f 7734 399 5759
f 3727 5759 832
f 1820 7734 3727
f 3728 832 5763
f 7735 5763 398
f 1819 3728 7735
f 7736 1821 3732
f 5758 3732 833
f 399 7736 5758
f 7737 70 6855
f 3730 6855 1380
f 1821 7737 3730
f 3731 1380 6857
f 5760 6857 179
f 833 3731 5760
f 5768 837 3735
f 6870 3735 1388
f 183 5768 6870
f 5767 400 7738
f 3733 7738 1822
f 837 5767 3733
f 3734 1822 7739
f 6871 7739 74
f 1388 3734 6871
f 7740 1823 3738
f 6866 3738 1387
f 73 7740 6866
f 7741 401 5765
f 3736 5765 835
f 1823 7741 3736
f 3737 835 5769
f 6868 5769 183
f 1387 3737 6868
f 7742 1824 3741
f 5764 3741 836
f 401 7742 5764
f 7743 37 7744
f 3739 7744 1825
f 1824 7743 3739
f 3740 1825 7745
f 5766 7745 400
f 836 3740 5766
f 5774 840 3744
f 7746 3744 1826
f 403 5774 7746
f 5773 402 7747
f 3742 7747 1827
f 840 5773 3742
f 3743 1827 7748
f 7749 7748 20
f 1826 3743 7749
f 6864 1385 3747
f 7750 3747 1828
f 75 6864 7750
f 6863 181 5771
f 3745 5771 838
f 1385 6863 3745
f 3746 838 5775
f 7751 5775 403
f 1828 3746 7751
f 6873 1389 3750
f 5770 3750 839
f 181 6873 5770
f 6872 74 7752
f 3748 7752 1829
f 1389 6872 3748
f 3749 1829 7753
f 5772 7753 402
f 839 3749 5772
f 5780 843 3753
f 7754 3753 1830
f 404 5780 7754
f 5779 182 6862
f 3751 6862 1384
f 843 5779 3751
f 3752 1384 6865
f 7755 6865 75
f 1830 3752 7755
f 7756 1832 3756
f 7757 3756 1831
f 36 7756 7757
f 7758 405 5777
f 3754 5777 841
f 1832 7758 3754
f 3755 841 5781
f 7759 5781 404
f 1831 3755 7759
f 7760 1833 3759
f 5776 3759 842
f 405 7760 5776
f 7761 73 6867
f 3757 6867 1386
f 1833 7761 3757
f 3758 1386 6869
f 5778 6869 182
f 842 3758 5778
f 5786 846 3762
f 6882 3762 1394
f 186 5786 6882
f 5785 406 7762
f 3760 7762 1834
f 846 5785 3760
f 3761 1834 7763
f 6883 7763 77
f 1394 3761 6883
f 7764 1835 3765
f 6878 3765 1393
f 76 7764 6878
f 7765 407 5783
f 3763 5783 844
f 1835 7765 3763
f 3764 844 5787
f 6880 5787 186
f 1393 3764 6880
f 7766 1836 3768
f 5782 3768 845
f 407 7766 5782
f 7767 39 7768
f 3766 7768 1837
f 1836 7767 3766
f 3767 1837 7769
f 5784 7769 406
f 845 3767 5784
f 5792 849 3771
f 7770 3771 1838
f 409 5792 7770
f 5791 408 7771
f 3769 7771 1839
f 849 5791 3769
f 3770 1839 7772
f 7773 7772 38
f 1838 3770 7773
f 6876 1391 3774
f 7774 3774 1840
f 78 6876 7774
f 6875 184 5789
f 3772 5789 847
f 1391 6875 3772
f 3773 847 5793
f 7775 5793 409
f 1840 3773 7775
f 6885 1395 3777
f 5788 3777 848
f 184 6885 5788
f 6884 77 7776
f 3775 7776 1841
f 1395 6884 3775
f 3776 1841 7777
f 5790 7777 408
f 848 3776 5790
f 5798 852 3780
f 7778 3780 1842
f 410 5798 7778
f 5797 185 6874
f 3778 6874 1390
f 852 5797 3778
f 3779 1390 6877
f 7779 6877 78
f 1842 3779 7779
f 7780 1844 3783
f 7781 3783 1843
f 24 7780 7781
f 7782 411 5795
f 3781 5795 850
f 1844 7782 3781
f 3782 850 5799
f 7783 5799 410
f 1843 3782 7783
f 7784 1845 3786
f 5794 3786 851
f 411 7784 5794
f 7785 76 6879
f 3784 6879 1392
f 1845 7785 3784
f 3785 1392 6881
f 5796 6881 185
f 851 3785 5796
f 5804 855 3789
f 6894 3789 1400
f 189 5804 6894
f 5803 412 7786
f 3787 7786 1846
f 855 5803 3787
f 3788 1846 7787
f 6895 7787 80
f 1400 3788 6895
f 7788 1847 3792
f 6890 3792 1399
f 79 7788 6890
f 7789 413 5801
f 3790 5801 853
f 1847 7789 3790
f 3791 853 5805
f 6892 5805 189
f 1399 3791 6892
f 7790 1848 3795
f 5800 3795 854
f 413 7790 5800
f 7791 22 7792
f 3793 7792 1849
f 1848 7791 3793
f 3794 1849 7793
f 5802 7793 412
f 854 3794 5802
f 5810 858 3798
f 7794 3798 1850
f 415 5810 7794
f 5809 414 7795
f 3796 7795 1851
f 858 5809 3796
f 3797 1851 7796
f 7797 7796 40
f 1850 3797 7797
f 6888 1397 3801
f 7798 3801 1852
f 81 6888 7798
f 6887 187 5807
f 3799 5807 856
f 1397 6887 3799
f 3800 856 5811
f 7799 5811 415
f 1852 3800 7799
f 6897 1401 3804
f 5806 3804 857
f 187 6897 5806
f 6896 80 7800
f 3802 7800 1853
f 1401 6896 3802
f 3803 1853 7801
f 5808 7801 414
f 857 3803 5808
f 5816 861 3807
f 7802 3807 1854
f 416 5816 7802
f 5815 188 6886
f 3805 6886 1396
f 861 5815 3805
f 3806 1396 6889
f 7803 6889 81
f 1854 3806 7803
f 7804 1856 3810
f 7805 3810 1855
f 29 7804 7805
f 7806 417 5813
f 3808 5813 859
f 1856 7806 3808
f 3809 859 5817
f 7807 5817 416
f 1855 3809 7807
f 7808 1857 3813
f 5812 3813 860
f 417 7808 5812
f 7809 79 6891
f 3811 6891 1398
f 1857 7809 3811
f 3812 1398 6893
f 5814 6893 188
f 860 3812 5814
f 5822 864 3816
f 6906 3816 1406
f 192 5822 6906
f 5821 418 7810
f 3814 7810 1858
f 864 5821 3814
f 3815 1858 7811
f 6907 7811 83
f 1406 3815 6907
f 7812 1859 3819
f 6902 3819 1405
f 82 7812 6902
f 7813 419 5819
f 3817 5819 862
f 1859 7813 3817
f 3818 862 5823
f 6904 5823 192
f 1405 3818 6904
f 7814 1860 3822
f 5818 3822 863
f 419 7814 5818
f 7815 41 7816
f 3820 7816 1861
f 1860 7815 3820
f 3821 1861 7817
f 5820 7817 418
f 863 3821 5820
f 5828 867 3825
f 7818 3825 1862
f 421 5828 7818
f 5827 420 7819
f 3823 7819 1863
f 867 5827 3823
f 3824 1863 7820
f 7821 7820 23
f 1862 3824 7821
f 6900 1403 3828
f 7822 3828 1864
f 84 6900 7822
f 6899 190 5825
f 3826 5825 865
f 1403 6899 3826
f 3827 865 5829
f 7823 5829 421
f 1864 3827 7823
f 6909 1407 3831
f 5824 3831 866
f 190 6909 5824
f 6908 83 7824
f 3829 7824 1865
f 1407 6908 3829
f 3830 1865 7825
f 5826 7825 420
f 866 3830 5826
f 5834 870 3834
f 7826 3834 1866
f 422 5834 7826
f 5833 191 6898
f 3832 6898 1402
f 870 5833 3832
f 3833 1402 6901
f 7827 6901 84
f 1866 3833 7827
f 7828 1868 3837
f 7829 3837 1867
f 33 7828 7829
f 7830 423 5831
f 3835 5831 868
f 1868 7830 3835
f 3836 868 5835
f 7831 5835 422
f 1867 3836 7831
f 7832 1869 3840
f 5830 3840 869
f 423 7832 5830
f 7833 82 6903
f 3838 6903 1404
f 1869 7833 3838
f 3839 1404 6905
f 5832 6905 191
f 869 3839 5832
f 5840 873 3843
f 6918 3843 1412
f 195 5840 6918
f 5839 424 7834
f 3841 7834 1870
f 873 5839 3841
f 3842 1870 7835
f 6919 7835 86
f 1412 3842 6919
f 7836 1871 3846
f 6914 3846 1411
f 85 7836 6914
f 7837 425 5837
f 3844 5837 871
f 1871 7837 3844
f 3845 871 5841
f 6916 5841 195
f 1411 3845 6916
f 7838 1872 3849
f 5836 3849 872
f 425 7838 5836
f 7839 28 7840
f 3847 7840 1873
f 1872 7839 3847
f 3848 1873 7841
f 5838 7841 424
f 872 3848 5838
f 5846 876 3852
f 7842 3852 1874
f 427 5846 7842
f 5845 426 7843
f 3850 7843 1875
f 876 5845 3850
f 3851 1875 7844
f 7845 7844 42
f 1874 3851 7845
f 6912 1409 3855
f 7846 3855 1876
f 87 6912 7846
f 6911 193 5843
f 3853 5843 874
f 1409 6911 3853
f 3854 874 5847
f 7847 5847 427
f 1876 3854 7847
f 6921 1413 3858
f 5842 3858 875
f 193 6921 5842
f 6920 86 7848
f 3856 7848 1877
f 1413 6920 3856
f 3857 1877 7849
f 5844 7849 426
f 875 3857 5844
f 5852 879 3861
f 7850 3861 1878
f 428 5852 7850
f 5851 194 6910
f 3859 6910 1408
f 879 5851 3859
f 3860 1408 6913
f 7851 6913 87
f 1878 3860 7851
f 7852 1880 3864
f 7853 3864 1879
f 27 7852 7853
f 7854 429 5849
f 3862 5849 877
f 1880 7854 3862
f 3863 877 5853
f 7855 5853 428
f 1879 3863 7855
f 7856 1881 3867
f 5848 3867 878
f 429 7856 5848
f 7857 85 6915
f 3865 6915 1410
f 1881 7857 3865
f 3866 1410 6917
f 5850 6917 194
f 878 3866 5850
f 5858 882 3870
f 6930 3870 1418
f 198 5858 6930
f 5857 430 7858
f 3868 7858 1882
f 882 5857 3868
f 3869 1882 7859
f 6931 7859 89
f 1418 3869 6931
f 7860 1883 3873
f 6926 3873 1417
f 88 7860 6926
f 7861 431 5855
f 3871 5855 880
f 1883 7861 3871
f 3872 880 5859
f 6928 5859 198
f 1417 3872 6928
f 7862 1884 3876
f 5854 3876 881
f 431 7862 5854
f 7863 25 7864
f 3874 7864 1885
f 1884 7863 3874
f 3875 1885 7865
f 5856 7865 430
f 881 3875 5856
f 5864 885 3879
f 7866 3879 1886
f 433 5864 7866
f 5863 432 7867
f 3877 7867 1887
f 885 5863 3877
f 3878 1887 7868
f 7869 7868 43
f 1886 3878 7869
f 6924 1415 3882
f 7870 3882 1888
f 90 6924 7870
f 6923 196 5861
f 3880 5861 883
f 1415 6923 3880
f 3881 883 5865
f 7871 5865 433
f 1888 3881 7871
f 6933 1419 3885
f 5860 3885 884
f 196 6933 5860
f 6932 89 7872
f 3883 7872 1889
f 1419 6932 3883
f 3884 1889 7873
f 5862 7873 432
f 884 3884 5862
f 5870 888 3888
f 7874 3888 1890
f 434 5870 7874
f 5869 197 6922
f 3886 6922 1414
f 888 5869 3886
f 3887 1414 6925
f 7875 6925 90
f 1890 3887 7875
f 7876 1892 3891
f 7877 3891 1891
f 44 7876 7877
f 7878 435 5867
f 3889 5867 886
f 1892 7878 3889
f 3890 886 5871
f 7879 5871 434
f 1891 3890 7879
f 7880 1893 3894
f 5866 3894 887
f 435 7880 5866
f 7881 88 6927
f 3892 6927 1416
f 1893 7881 3892
f 3893 1416 6929
f 5868 6929 197
f 887 3893 5868
f 5876 891 3897
f 6942 3897 1424
f 201 5876 6942
f 5875 436 7882
f 3895 7882 1894
f 891 5875 3895
f 3896 1894 7883
f 6943 7883 92
f 1424 3896 6943
f 7884 1895 3900
f 6938 3900 1423
f 91 7884 6938
f 7885 437 5873
f 3898 5873 889
f 1895 7885 3898
f 3899 889 5877
f 6940 5877 201
f 1423 3899 6940
f 7886 1896 3903
f 5872 3903 890
f 437 7886 5872
f 7887 30 7888
f 3901 7888 1897
f 1896 7887 3901
f 3902 1897 7889
f 5874 7889 436
f 890 3902 5874
f 5882 894 3906
f 7890 3906 1898
f 439 5882 7890
f 5881 438 7891
f 3904 7891 1899
f 894 5881 3904
f 3905 1899 7892
f 7893 7892 26
f 1898 3905 7893
f 6936 1421 3909
f 7894 3909 1900
f 93 6936 7894
f 6935 199 5879
f 3907 5879 892
f 1421 6935 3907
f 3908 892 5883
f 7895 5883 439
f 1900 3908 7895
f 6945 1425 3912
f 5878 3912 893
f 199 6945 5878
f 6944 92 7896
f 3910 7896 1901
f 1425 6944 3910
f 3911 1901 7897
f 5880 7897 438
f 893 3911 5880
f 5888 897 3915
f 7898 3915 1902
f 440 5888 7898
f 5887 200 6934
f 3913 6934 1420
f 897 5887 3913
f 3914 1420 6937
f 7899 6937 93
f 1902 3914 7899
f 7900 1904 3918
f 7901 3918 1903
f 45 7900 7901
f 7902 441 5885
f 3916 5885 895
f 1904 7902 3916
f 3917 895 5889
f 7903 5889 440
f 1903 3917 7903
f 7904 1905 3921
f 5884 3921 896
f 441 7904 5884
f 7905 91 6939
f 3919 6939 1422
f 1905 7905 3919
f 3920 1422 6941
f 5886 6941 200
f 896 3920 5886
f 5894 900 3924
f 6954 3924 1430
f 204 5894 6954
f 5893 350 7538
f 3922 7538 1722
f 900 5893 3922
f 3923 1722 7539
f 6955 7539 48
f 1430 3923 6955
f 7906 1906 3927
f 6950 3927 1429
f 94 7906 6950
f 7907 442 5891
f 3925 5891 898
f 1906 7907 3925
f 3926 898 5895
f 6952 5895 204
f 1429 3926 6952
f 7908 1907 3930
f 5890 3930 899
f 442 7908 5890
f 7909 17 7541
f 3928 7541 1723
f 1907 7909 3928
f 3929 1723 7543
f 5892 7543 350
f 899 3929 5892
f 5900 903 3933
f 7910 3933 1908
f 443 5900 7910
f 5899 349 7530
f 3931 7530 1718
f 903 5899 3931
f 3932 1718 7533
f 7911 7533 16
f 1908 3932 7911
f 6948 1427 3936
f 7912 3936 1909
f 95 6948 7912
f 6947 202 5897
f 3934 5897 901
f 1427 6947 3934
f 3935 901 5901
f 7913 5901 443
f 1909 3935 7913
f 6957 1431 3939
f 5896 3939 902
f 202 6957 5896
f 6956 48 7534
f 3937 7534 1720
f 1431 6956 3937
f 3938 1720 7535
f 5898 7535 349
f 902 3938 5898
f 5906 906 3942
f 7914 3942 1910
f 444 5906 7914
f 5905 203 6946
f 3940 6946 1426
f 906 5905 3940
f 3941 1426 6949
f 7915 6949 95
f 1910 3941 7915
f 7916 1912 3945
f 7917 3945 1911
f 9 7916 7917
f 7918 445 5903
f 3943 5903 904
f 1912 7918 3943
f 3944 904 5907
f 7919 5907 444
f 1911 3944 7919
f 7920 1913 3948
f 5902 3948 905
f 445 7920 5902
f 7921 94 6951
f 3946 6951 1428
f 1913 7921 3946
f 3947 1428 6953
f 5904 6953 203
f 905 3947 5904
f 5912 909 3951
f 6966 3951 1436
f 207 5912 6966
f 5911 446 7922
f 3949 7922 1914
f 909 5911 3949
f 3950 1914 7923
f 6967 7923 97
f 1436 3950 6967
f 7924 1915 3954
f 6962 3954 1435
f 96 7924 6962
f 7925 447 5909
f 3952 5909 907
f 1915 7925 3952
f 3953 907 5913
f 6964 5913 207
f 1435 3953 6964
f 7926 1916 3957
f 5908 3957 908
f 447 7926 5908
f 7927 7 7928
f 3955 7928 1917
f 1916 7927 3955
f 3956 1917 7929
f 5910 7929 446
f 908 3956 5910
f 5918 912 3960
f 7526 3960 1716
f 347 5918 7526
f 5917 448 7930
f 3958 7930 1918
f 912 5917 3958
f 3959 1918 7931
f 7527 7931 18
f 1716 3959 7527
f 6960 1433 3963
f 7524 3963 1715
f 46 6960 7524
f 6959 205 5915
f 3961 5915 910
f 1433 6959 3961
f 3962 910 5919
f 7525 5919 347
f 1715 3962 7525
f 6969 1437 3966
f 5914 3966 911
f 205 6969 5914
f 6968 97 7932
f 3964 7932 1919
f 1437 6968 3964
f 3965 1919 7933
f 5916 7933 448
f 911 3965 5916
f 5924 915 3969
f 7544 3969 1725
f 351 5924 7544
f 5923 206 6958
f 3967 6958 1432
f 915 5923 3967
f 3968 1432 6961
f 7545 6961 46
f 1725 3968 7545
f 7934 1920 3972
f 7540 3972 1724
f 17 7934 7540
f 7935 449 5921
f 3970 5921 913
f 1920 7935 3970
f 3971 913 5925
f 7542 5925 351
f 1724 3971 7542
f 7936 1921 3975
f 5920 3975 914
f 449 7936 5920
f 7937 96 6963
f 3973 6963 1434
f 1921 7937 3973
f 3974 1434 6965
f 5922 6965 206
f 914 3974 5922
f 5930 918 3978
f 6978 3978 1442
f 210 5930 6978
f 5929 450 7938
f 3976 7938 1922
f 918 5929 3976
f 3977 1922 7939
f 6979 7939 98
f 1442 3977 6979
f 7523 1714 3981
f 6974 3981 1441
f 47 7523 6974
f 7522 346 5927
f 3979 5927 916
f 1714 7522 3979
f 3980 916 5931
f 6976 5931 210
f 1441 3980 6976
f 7529 1717 3984
f 5926 3984 917
f 346 7529 5926
f 7528 18 7940
f 3982 7940 1923
f 1717 7528 3982
f 3983 1923 7941
f 5928 7941 450
f 917 3983 5928
f 5936 921 3987
f 7942 3987 1924
f 452 5936 7942
f 5935 451 7943
f 3985 7943 1925
f 921 5935 3985
f 3986 1925 7944
f 7945 7944 8
f 1924 3986 7945
f 6972 1439 3990
f 7946 3990 1926
f 99 6972 7946
f 6971 208 5933
f 3988 5933 919
f 1439 6971 3988
f 3989 919 5937
f 7947 5937 452
f 1926 3989 7947
f 6981 1443 3993
f 5932 3993 920
f 208 6981 5932
f 6980 98 7948
f 3991 7948 1927
f 1443 6980 3991
f 3992 1927 7949
f 5934 7949 451
f 920 3992 5934
f 5942 924 3996
f 7950 3996 1928
f 453 5942 7950
f 5941 209 6970
f 3994 6970 1438
f 924 5941 3994
f 3995 1438 6973
f 7951 6973 99
f 1928 3995 7951
f 7532 1719 3999
f 7952 3999 1929
f 16 7532 7952
f 7531 348 5939
f 3997 5939 922
f 1719 7531 3997
f 3998 922 5943
f 7953 5943 453
f 1929 3998 7953
f 7537 1721 4002
f 5938 4002 923
f 348 7537 5938
f 7536 47 6975
f 4000 6975 1440
f 1721 7536 4000
f 4001 1440 6977
f 5940 6977 209
f 923 4001 5940
f 5948 927 4005
f 6990 4005 1448
f 213 5948 6990
f 5947 356 7562
f 4003 7562 1734
f 927 5947 4003
f 4004 1734 7563
f 6991 7563 51
f 1448 4004 6991
f 7954 1930 4008
f 6986 4008 1447
f 100 7954 6986
f 7955 454 5945
f 4006 5945 925
f 1930 7955 4006
f 4007 925 5949
f 6988 5949 213
f 1447 4007 6988
f 7956 1931 4011
f 5944 4011 926
f 454 7956 5944
f 7957 20 7565
f 4009 7565 1735
f 1931 7957 4009
f 4010 1735 7567
f 5946 7567 356
f 926 4010 5946
f 5954 930 4014
f 7958 4014 1932
f 455 5954 7958
f 5953 355 7554
f 4012 7554 1730
f 930 5953 4012
f 4013 1730 7557
f 7959 7557 19
f 1932 4013 7959
f 6984 1445 4017
f 7960 4017 1933
f 101 6984 7960
f 6983 211 5951
f 4015 5951 928
f 1445 6983 4015
f 4016 928 5955
f 7961 5955 455
f 1933 4016 7961
f 6993 1449 4020
f 5950 4020 929
f 211 6993 5950
f 6992 51 7558
f 4018 7558 1732
f 1449 6992 4018
f 4019 1732 7559
f 5952 7559 355
f 929 4019 5952
f 5960 933 4023
f 7962 4023 1934
f 456 5960 7962
f 5959 212 6982
f 4021 6982 1444
f 933 5959 4021
f 4022 1444 6985
f 7963 6985 101
f 1934 4022 7963
f 7964 1936 4026
f 7965 4026 1935
f 11 7964 7965
f 7966 457 5957
f 4024 5957 931
f 1936 7966 4024
f 4025 931 5961
f 7967 5961 456
f 1935 4025 7967
f 7968 1937 4029
f 5956 4029 932
f 457 7968 5956
f 7969 100 6987
f 4027 6987 1446
f 1937 7969 4027
f 4028 1446 6989
f 5958 6989 212
f 932 4028 5958
f 5966 936 4032
f 7002 4032 1454
f 216 5966 7002
f 5965 458 7970
f 4030 7970 1938
f 936 5965 4030
f 4031 1938 7971
f 7003 7971 103
f 1454 4031 7003
f 7972 1939 4035
f 6998 4035 1453
f 102 7972 6998
f 7973 459 5963
f 4033 5963 934
f 1939 7973 4033
f 4034 934 5967
f 7000 5967 216
f 1453 4034 7000
f 7974 1940 4038
f 5962 4038 935
f 459 7974 5962
f 7975 10 7976
f 4036 7976 1941
f 1940 7975 4036
f 4037 1941 7977
f 5964 7977 458
f 935 4037 5964
f 5972 939 4041
f 7550 4041 1728
f 353 5972 7550
f 5971 460 7978
f 4039 7978 1942
f 939 5971 4039
f 4040 1942 7979
f 7551 7979 21
f 1728 4040 7551
f 6996 1451 4044
f 7548 4044 1727
f 49 6996 7548
f 6995 214 5969
f 4042 5969 937
f 1451 6995 4042
f 4043 937 5973
f 7549 5973 353
f 1727 4043 7549
f 7005 1455 4047
f 5968 4047 938
f 214 7005 5968
f 7004 103 7980
f 4045 7980 1943
f 1455 7004 4045
f 4046 1943 7981
f 5970 7981 460
f 938 4046 5970
f 5978 942 4050
f 7568 4050 1737
f 357 5978 7568
f 5977 215 6994
f 4048 6994 1450
f 942 5977 4048
f 4049 1450 6997
f 7569 6997 49
f 1737 4049 7569
f 7982 1944 4053
f 7564 4053 1736
f 20 7982 7564
f 7983 461 5975
f 4051 5975 940
f 1944 7983 4051
f 4052 940 5979
f 7566 5979 357
f 1736 4052 7566
f 7984 1945 4056
f 5974 4056 941
f 461 7984 5974
f 7985 102 6999
f 4054 6999 1452
f 1945 7985 4054
f 4055 1452 7001
f 5976 7001 215
f 941 4055 5976
f 5984 945 4059
f 7014 4059 1460
f 219 5984 7014
f 5983 462 7986
f 4057 7986 1946
f 945 5983 4057
f 4058 1946 7987
f 7015 7987 104
f 1460 4058 7015
f 7547 1726 4062
f 7010 4062 1459
f 50 7547 7010
f 7546 352 5981
f 4060 5981 943
f 1726 7546 4060
f 4061 943 5985
f 7012 5985 219
f 1459 4061 7012
f 7553 1729 4065
f 5980 4065 944
f 352 7553 5980
f 7552 21 7988
f 4063 7988 1947
f 1729 7552 4063
f 4064 1947 7989
f 5982 7989 462
f 944 4064 5982
f 5990 948 4068
f 7990 4068 1948
f 464 5990 7990
f 5989 463 7991
f 4066 7991 1949
f 948 5989 4066
f 4067 1949 7992
f 7993 7992 9
f 1948 4067 7993
f 7008 1457 4071
f 7994 4071 1950
f 105 7008 7994
f 7007 217 5987
f 4069 5987 946
f 1457 7007 4069
f 4070 946 5991
f 7995 5991 464
f 1950 4070 7995
f 7017 1461 4074
f 5986 4074 947
f 217 7017 5986
f 7016 104 7996
f 4072 7996 1951
f 1461 7016 4072
f 4073 1951 7997
f 5988 7997 463
f 947 4073 5988
f 5996 951 4077
f 7998 4077 1952
f 465 5996 7998
f 5995 218 7006
f 4075 7006 1456
f 951 5995 4075
f 4076 1456 7009
f 7999 7009 105
f 1952 4076 7999
f 7556 1731 4080
f 8000 4080 1953
f 19 7556 8000
f 7555 354 5993
f 4078 5993 949
f 1731 7555 4078
f 4079 949 5997
f 8001 5997 465
f 1953 4079 8001
f 7561 1733 4083
f 5992 4083 950
f 354 7561 5992
f 7560 50 7011
f 4081 7011 1458
f 1733 7560 4081
f 4082 1458 7013
f 5994 7013 218
f 950 4082 5994
f 6002 954 4086
f 7026 4086 1466
f 222 6002 7026
f 6001 362 7586
f 4084 7586 1746
f 954 6001 4084
f 4085 1746 7587
f 7027 7587 54
f 1466 4085 7027
f 8002 1954 4089
f 7022 4089 1465
f 106 8002 7022
f 8003 466 5999
f 4087 5999 952
f 1954 8003 4087
f 4088 952 6003
f 7024 6003 222
f 1465 4088 7024
f 8004 1955 4092
f 5998 4092 953
f 466 8004 5998
f 8005 23 7589
f 4090 7589 1747
f 1955 8005 4090
f 4091 1747 7591
f 6000 7591 362
f 953 4091 6000
f 6008 957 4095
f 8006 4095 1956
f 467 6008 8006
f 6007 361 7578
f 4093 7578 1742
f 957 6007 4093
f 4094 1742 7581
f 8007 7581 22
f 1956 4094 8007
f 7020 1463 4098
f 8008 4098 1957
f 107 7020 8008
f 7019 220 6005
f 4096 6005 955
f 1463 7019 4096
f 4097 955 6009
f 8009 6009 467
f 1957 4097 8009
f 7029 1467 4101
f 6004 4101 956
f 220 7029 6004
f 7028 54 7582
f 4099 7582 1744
f 1467 7028 4099
f 4100 1744 7583
f 6006 7583 361
f 956 4100 6006
f 6014 960 4104
f 8010 4104 1958
f 468 6014 8010
f 6013 221 7018
f 4102 7018 1462
f 960 6013 4102
f 4103 1462 7021
f 8011 7021 107
f 1958 4103 8011
f 8012 1960 4107
f 8013 4107 1959
f 7 8012 8013
f 8014 469 6011
f 4105 6011 958
f 1960 8014 4105
f 4106 958 6015
f 8015 6015 468
f 1959 4106 8015
f 8016 1961 4110
f 6010 4110 959
f 469 8016 6010
f 8017 106 7023
f 4108 7023 1464
f 1961 8017 4108
f 4109 1464 7025
f 6012 7025 221
f 959 4109 6012
f 6020 963 4113
f 7038 4113 1472
f 225 6020 7038
f 6019 470 8018
f 4111 8018 1962
f 963 6019 4111
f 4112 1962 8019
f 7039 8019 109
f 1472 4112 7039
f 8020 1963 4116
f 7034 4116 1471
f 108 8020 7034
f 8021 471 6017
f 4114 6017 961
f 1963 8021 4114
f 4115 961 6021
f 7036 6021 225
f 1471 4115 7036
f 8022 1964 4119
f 6016 4119 962
f 471 8022 6016
f 8023 12 8024
f 4117 8024 1965
f 1964 8023 4117
f 4118 1965 8025
f 6018 8025 470
f 962 4118 6018
f 6026 966 4122
f 7574 4122 1740
f 359 6026 7574
f 6025 472 8026
f 4120 8026 1966
f 966 6025 4120
f 4121 1966 8027
f 7575 8027 24
f 1740 4121 7575
f 7032 1469 4125
f 7572 4125 1739
f 52 7032 7572
f 7031 223 6023
f 4123 6023 964
f 1469 7031 4123
f 4124 964 6027
f 7573 6027 359
f 1739 4124 7573
f 7041 1473 4128
f 6022 4128 965
f 223 7041 6022
f 7040 109 8028
f 4126 8028 1967
f 1473 7040 4126
f 4127 1967 8029
f 6024 8029 472
f 965 4127 6024
f 6032 969 4131
f 7592 4131 1749
f 363 6032 7592
f 6031 224 7030
f 4129 7030 1468
f 969 6031 4129
f 4130 1468 7033
f 7593 7033 52
f 1749 4130 7593
f 8030 1968 4134
f 7588 4134 1748
f 23 8030 7588
f 8031 473 6029
f 4132 6029 967
f 1968 8031 4132
f 4133 967 6033
f 7590 6033 363
f 1748 4133 7590
f 8032 1969 4137
f 6028 4137 968
f 473 8032 6028
f 8033 108 7035
f 4135 7035 1470
f 1969 8033 4135
f 4136 1470 7037
f 6030 7037 224
f 968 4136 6030
f 6038 972 4140
f 7050 4140 1478
f 228 6038 7050
f 6037 474 8034
f 4138 8034 1970
f 972 6037 4138
f 4139 1970 8035
f 7051 8035 110
f 1478 4139 7051
f 7571 1738 4143
f 7046 4143 1477
f 53 7571 7046
f 7570 358 6035
f 4141 6035 970
f 1738 7570 4141
f 4142 970 6039
f 7048 6039 228
f 1477 4142 7048
f 7577 1741 4146
f 6034 4146 971
f 358 7577 6034
f 7576 24 8036
f 4144 8036 1971
f 1741 7576 4144
f 4145 1971 8037
f 6036 8037 474
f 971 4145 6036
f 6044 975 4149
f 8038 4149 1972
f 476 6044 8038
f 6043 475 8039
f 4147 8039 1973
f 975 6043 4147
f 4148 1973 8040
f 8041 8040 13
f 1972 4148 8041
f 7044 1475 4152
f 8042 4152 1974
f 111 7044 8042
f 7043 226 6041
f 4150 6041 973
f 1475 7043 4150
f 4151 973 6045
f 8043 6045 476
f 1974 4151 8043
f 7053 1479 4155
f 6040 4155 974
f 226 7053 6040
f 7052 110 8044
f 4153 8044 1975
f 1479 7052 4153
f 4154 1975 8045
f 6042 8045 475
f 974 4154 6042
f 6050 978 4158
f 8046 4158 1976
f 477 6050 8046
f 6049 227 7042
f 4156 7042 1474
f 978 6049 4156
f 4157 1474 7045
f 8047 7045 111
f 1976 4157 8047
f 7580 1743 4161
f 8048 4161 1977
f 22 7580 8048
f 7579 360 6047
f 4159 6047 976
f 1743 7579 4159
f 4160 976 6051
f 8049 6051 477
f 1977 4160 8049
f 7585 1745 4164
f 6046 4164 977
f 360 7585 6046
f 7584 53 7047
f 4162 7047 1476
f 1745 7584 4162
f 4163 1476 7049
f 6048 7049 227
f 977 4163 6048
f 6056 981 4167
f 7062 4167 1484
f 231 6056 7062
f 6055 368 7610
f 4165 7610 1758
f 981 6055 4165
f 4166 1758 7611
f 7063 7611 57
f 1484 4166 7063
f 8050 1978 4170
f 7058 4170 1483
f 112 8050 7058
f 8051 478 6053
f 4168 6053 979
f 1978 8051 4168
f 4169 979 6057
f 7060 6057 231
f 1483 4169 7060
f 8052 1979 4173
f 6052 4173 980
f 478 8052 6052
f 8053 26 7613
f 4171 7613 1759
f 1979 8053 4171
f 4172 1759 7615
f 6054 7615 368
f 980 4172 6054
f 6062 984 4176
f 8054 4176 1980
f 479 6062 8054
f 6061 367 7602
f 4174 7602 1754
f 984 6061 4174
f 4175 1754 7605
f 8055 7605 25
f 1980 4175 8055
f 7056 1481 4179
f 8056 4179 1981
f 113 7056 8056
f 7055 229 6059
f 4177 6059 982
f 1481 7055 4177
f 4178 982 6063
f 8057 6063 479
f 1981 4178 8057
f 7065 1485 4182
f 6058 4182 983
f 229 7065 6058
f 7064 57 7606
f 4180 7606 1756
f 1485 7064 4180
f 4181 1756 7607
f 6060 7607 367
f 983 4181 6060
f 6068 987 4185
f 8058 4185 1982
f 480 6068 8058
f 6067 230 7054
f 4183 7054 1480
f 987 6067 4183
f 4184 1480 7057
f 8059 7057 113
f 1982 4184 8059
f 8060 1984 4188
f 8061 4188 1983
f 15 8060 8061
f 8062 481 6065
f 4186 6065 985
f 1984 8062 4186
f 4187 985 6069
f 8063 6069 480
f 1983 4187 8063
f 8064 1985 4191
f 6064 4191 986
f 481 8064 6064
f 8065 112 7059
f 4189 7059 1482
f 1985 8065 4189
f 4190 1482 7061
f 6066 7061 230
f 986 4190 6066
f 6074 990 4194
f 7074 4194 1490
f 234 6074 7074
f 6073 482 8066
f 4192 8066 1986
f 990 6073 4192
f 4193 1986 8067
f 7075 8067 115
f 1490 4193 7075
f 8068 1987 4197
f 7070 4197 1489
f 114 8068 7070
f 8069 483 6071
f 4195 6071 988
f 1987 8069 4195
f 4196 988 6075
f 7072 6075 234
f 1489 4196 7072
f 8070 1988 4200
f 6070 4200 989
f 483 8070 6070
f 8071 8 8072
f 4198 8072 1989
f 1988 8071 4198
f 4199 1989 8073
f 6072 8073 482
f 989 4199 6072
f 6080 993 4203
f 7598 4203 1752
f 365 6080 7598
f 6079 484 8074
f 4201 8074 1990
f 993 6079 4201
f 4202 1990 8075
f 7599 8075 27
f 1752 4202 7599
f 7068 1487 4206
f 7596 4206 1751
f 55 7068 7596
f 7067 232 6077
f 4204 6077 991
f 1487 7067 4204
f 4205 991 6081
f 7597 6081 365
f 1751 4205 7597
f 7077 1491 4209
f 6076 4209 992
f 232 7077 6076
f 7076 115 8076
f 4207 8076 1991
f 1491 7076 4207
f 4208 1991 8077
f 6078 8077 484
f 992 4208 6078
f 6086 996 4212
f 7616 4212 1761
f 369 6086 7616
f 6085 233 7066
f 4210 7066 1486
f 996 6085 4210
f 4211 1486 7069
f 7617 7069 55
f 1761 4211 7617
f 8078 1992 4215
f 7612 4215 1760
f 26 8078 7612
f 8079 485 6083
f 4213 6083 994
f 1992 8079 4213
f 4214 994 6087
f 7614 6087 369
f 1760 4214 7614
f 8080 1993 4218
f 6082 4218 995
f 485 8080 6082
f 8081 114 7071
f 4216 7071 1488
f 1993 8081 4216
f 4217 1488 7073
f 6084 7073 233
f 995 4217 6084
f 6092 999 4221
f 7086 4221 1496
f 237 6092 7086
f 6091 486 8082
f 4219 8082 1994
f 999 6091 4219
f 4220 1994 8083
f 7087 8083 116
f 1496 4220 7087
f 7595 1750 4224
f 7082 4224 1495
f 56 7595 7082
f 7594 364 6089
f 4222 6089 997
f 1750 7594 4222
f 4223 997 6093
f 7084 6093 237
f 1495 4223 7084
f 7601 1753 4227
f 6088 4227 998
f 364 7601 6088
f 7600 27 8084
f 4225 8084 1995
f 1753 7600 4225
f 4226 1995 8085
f 6090 8085 486
f 998 4226 6090
f 6098 1002 4230
f 8086 4230 1996
f 488 6098 8086
f 6097 487 8087
f 4228 8087 1997
f 1002 6097 4228
f 4229 1997 8088
f 8089 8088 14
f 1996 4229 8089
f 7080 1493 4233
f 8090 4233 1998
f 117 7080 8090
f 7079 235 6095
f 4231 6095 1000
f 1493 7079 4231
f 4232 1000 6099
f 8091 6099 488
f 1998 4232 8091
f 7089 1497 4236
f 6094 4236 1001
f 235 7089 6094
f 7088 116 8092
f 4234 8092 1999
f 1497 7088 4234
f 4235 1999 8093
f 6096 8093 487
f 1001 4235 6096
f 6104 1005 4239
f 8094 4239 2000
f 489 6104 8094
f 6103 236 7078
f 4237 7078 1492
f 1005 6103 4237
f 4238 1492 7081
f 8095 7081 117
f 2000 4238 8095
f 7604 1755 4242
f 8096 4242 2001
f 25 7604 8096
f 7603 366 6101
f 4240 6101 1003
f 1755 7603 4240
f 4241 1003 6105
f 8097 6105 489
f 2001 4241 8097
f 7609 1757 4245
f 6100 4245 1004
f 366 7609 6100
f 7608 56 7083
f 4243 7083 1494
f 1757 7608 4243
f 4244 1494 7085
f 6102 7085 236
f 1004 4244 6102
f 6110 1008 4248
f 7098 4248 1502
f 240 6110 7098
f 6109 374 7634
f 4246 7634 1770
f 1008 6109 4246
f 4247 1770 7635
f 7099 7635 60
f 1502 4247 7099
f 7939 1922 4251
f 7094 4251 1501
f 98 7939 7094
f 7938 450 6107
f 4249 6107 1006
f 1922 7938 4249
f 4250 1006 6111
f 7096 6111 240
f 1501 4250 7096
f 7941 1923 4254
f 6106 4254 1007
f 450 7941 6106
f 7940 18 7637
f 4252 7637 1771
f 1923 7940 4252
f 4253 1771 7639
f 6108 7639 374
f 1007 4253 6108
f 6116 1011 4257
f 8098 4257 2002
f 490 6116 8098
f 6115 373 7626
f 4255 7626 1766
f 1011 6115 4255
f 4256 1766 7629
f 8099 7629 28
f 2002 4256 8099
f 7092 1499 4260
f 8100 4260 2003
f 118 7092 8100
f 7091 238 6113
f 4258 6113 1009
f 1499 7091 4258
f 4259 1009 6117
f 8101 6117 490
f 2003 4259 8101
f 7101 1503 4263
f 6112 4263 1010
f 238 7101 6112
f 7100 60 7630
f 4261 7630 1768
f 1503 7100 4261
f 4262 1768 7631
f 6114 7631 373
f 1010 4262 6114
f 6122 1014 4266
f 8102 4266 2004
f 491 6122 8102
f 6121 239 7090
f 4264 7090 1498
f 1014 6121 4264
f 4265 1498 7093
f 8103 7093 118
f 2004 4265 8103
f 7944 1925 4269
f 8104 4269 2005
f 8 7944 8104
f 7943 451 6119
f 4267 6119 1012
f 1925 7943 4267
f 4268 1012 6123
f 8105 6123 491
f 2005 4268 8105
f 7949 1927 4272
f 6118 4272 1013
f 451 7949 6118
f 7948 98 7095
f 4270 7095 1500
f 1927 7948 4270
f 4271 1500 7097
f 6120 7097 239
f 1013 4271 6120
f 6128 1017 4275
f 7110 4275 1508
f 243 6128 7110
f 6127 492 8106
f 4273 8106 2006
f 1017 6127 4273
f 4274 2006 8107
f 7111 8107 119
f 1508 4274 7111
f 7923 1914 4278
f 7106 4278 1507
f 97 7923 7106
f 7922 446 6125
f 4276 6125 1015
f 1914 7922 4276
f 4277 1015 6129
f 7108 6129 243
f 1507 4277 7108
f 7929 1917 4281
f 6124 4281 1016
f 446 7929 6124
f 7928 7 8108
f 4279 8108 2007
f 1917 7928 4279
f 4280 2007 8109
f 6126 8109 492
f 1016 4280 6126
f 6134 1020 4284
f 7622 4284 1764
f 371 6134 7622
f 6133 493 8110
f 4282 8110 2008
f 1020 6133 4282
f 4283 2008 8111
f 7623 8111 29
f 1764 4283 7623
f 7104 1505 4287
f 7620 4287 1763
f 58 7104 7620
f 7103 241 6131
f 4285 6131 1018
f 1505 7103 4285
f 4286 1018 6135
f 7621 6135 371
f 1763 4286 7621
f 7113 1509 4290
f 6130 4290 1019
f 241 7113 6130
f 7112 119 8112
f 4288 8112 2009
f 1509 7112 4288
f 4289 2009 8113
f 6132 8113 493
f 1019 4289 6132
f 6140 1023 4293
f 7640 4293 1773
f 375 6140 7640
f 6139 242 7102
f 4291 7102 1504
f 1023 6139 4291
f 4292 1504 7105
f 7641 7105 58
f 1773 4292 7641
f 7931 1918 4296
f 7636 4296 1772
f 18 7931 7636
f 7930 448 6137
f 4294 6137 1021
f 1918 7930 4294
f 4295 1021 6141
f 7638 6141 375
f 1772 4295 7638
f 7933 1919 4299
f 6136 4299 1022
f 448 7933 6136
f 7932 97 7107
f 4297 7107 1506
f 1919 7932 4297
f 4298 1506 7109
f 6138 7109 242
f 1022 4298 6138
f 6146 1026 4302
f 7122 4302 1514
f 246 6146 7122
f 6145 494 8114
f 4300 8114 2010
f 1026 6145 4300
f 4301 2010 8115
f 7123 8115 120
f 1514 4301 7123
f 7619 1762 4305
f 7118 4305 1513
f 59 7619 7118
f 7618 370 6143
f 4303 6143 1024
f 1762 7618 4303
f 4304 1024 6147
f 7120 6147 246
f 1513 4304 7120
f 7625 1765 4308
f 6142 4308 1025
f 370 7625 6142
f 7624 29 8116
f 4306 8116 2011
f 1765 7624 4306
f 4307 2011 8117
f 6144 8117 494
f 1025 4307 6144
f 6152 1029 4311
f 8118 4311 2012
f 496 6152 8118
f 6151 495 8119
f 4309 8119 2013
f 1029 6151 4309
f 4310 2013 8120
f 8121 8120 6
f 2012 4310 8121
f 7116 1511 4314
f 8122 4314 2014
f 121 7116 8122
f 7115 244 6149
f 4312 6149 1027
f 1511 7115 4312
f 4313 1027 6153
f 8123 6153 496
f 2014 4313 8123
f 7125 1515 4317
f 6148 4317 1028
f 244 7125 6148
f 7124 120 8124
f 4315 8124 2015
f 1515 7124 4315
f 4316 2015 8125
f 6150 8125 495
f 1028 4316 6150
f 6158 1032 4320
f 8126 4320 2016
f 497 6158 8126
f 6157 245 7114
f 4318 7114 1510
f 1032 6157 4318
f 4319 1510 7117
f 8127 7117 121
f 2016 4319 8127
f 7628 1767 4323
f 8128 4323 2017
f 28 7628 8128
f 7627 372 6155
f 4321 6155 1030
f 1767 7627 4321
f 4322 1030 6159
f 8129 6159 497
f 2017 4322 8129
f 7633 1769 4326
f 6154 4326 1031
f 372 7633 6154
f 7632 59 7119
f 4324 7119 1512
f 1769 7632 4324
f 4325 1512 7121
f 6156 7121 245
f 1031 4325 6156
f 6164 1035 4329
f 7134 4329 1520
f 249 6164 7134
f 6163 380 7658
f 4327 7658 1782
f 1035 6163 4327
f 4328 1782 7659
f 7135 7659 63
f 1520 4328 7135
f 8130 2018 4332
f 7130 4332 1519
f 122 8130 7130
f 8131 498 6161
f 4330 6161 1033
f 2018 8131 4330
f 4331 1033 6165
f 7132 6165 249
f 1519 4331 7132
f 8132 2019 4335
f 6160 4335 1034
f 498 8132 6160
f 8133 31 7661
f 4333 7661 1783
f 2019 8133 4333
f 4334 1783 7663
f 6162 7663 380
f 1034 4334 6162
f 6170 1038 4338
f 8134 4338 2020
f 499 6170 8134
f 6169 379 7650
f 4336 7650 1778
f 1038 6169 4336
f 4337 1778 7653
f 8135 7653 30
f 2020 4337 8135
f 7128 1517 4341
f 8136 4341 2021
f 123 7128 8136
f 7127 247 6167
f 4339 6167 1036
f 1517 7127 4339
f 4340 1036 6171
f 8137 6171 499
f 2021 4340 8137
f 7137 1521 4344
f 6166 4344 1037
f 247 7137 6166
f 7136 63 7654
f 4342 7654 1780
f 1521 7136 4342
f 4343 1780 7655
f 6168 7655 379
f 1037 4343 6168
f 6176 1041 4347
f 8138 4347 2022
f 500 6176 8138
f 6175 248 7126
f 4345 7126 1516
f 1041 6175 4345
f 4346 1516 7129
f 8139 7129 123
f 2022 4346 8139
f 8140 2024 4350
f 8141 4350 2023
f 4 8140 8141
f 8142 501 6173
f 4348 6173 1039
f 2024 8142 4348
f 4349 1039 6177
f 8143 6177 500
f 2023 4349 8143
f 8144 2025 4353
f 6172 4353 1040
f 501 8144 6172
f 8145 122 7131
f 4351 7131 1518
f 2025 8145 4351
f 4352 1518 7133
f 6174 7133 248
f 1040 4352 6174
f 6182 1044 4356
f 7146 4356 1526
f 252 6182 7146
f 6181 444 7914
f 4354 7914 1910
f 1044 6181 4354
f 4355 1910 7915
f 7147 7915 95
f 1526 4355 7147
f 8146 2026 4359
f 7142 4359 1525
f 124 8146 7142
f 8147 502 6179
f 4357 6179 1042
f 2026 8147 4357
f 4358 1042 6183
f 7144 6183 252
f 1525 4358 7144
f 8148 2027 4362
f 6178 4362 1043
f 502 8148 6178
f 8149 9 7917
f 4360 7917 1911
f 2027 8149 4360
f 4361 1911 7919
f 6180 7919 444
f 1043 4361 6180
f 6188 1047 4365
f 7646 4365 1776
f 377 6188 7646
f 6187 443 7910
f 4363 7910 1908
f 1047 6187 4363
f 4364 1908 7911
f 7647 7911 16
f 1776 4364 7647
f 7140 1523 4368
f 7644 4368 1775
f 61 7140 7644
f 7139 250 6185
f 4366 6185 1045
f 1523 7139 4366
f 4367 1045 6189
f 7645 6189 377
f 1775 4367 7645
f 7149 1527 4371
f 6184 4371 1046
f 250 7149 6184
f 7148 95 7912
f 4369 7912 1909
f 1527 7148 4369
f 4370 1909 7913
f 6186 7913 443
f 1046 4370 6186
f 6194 1050 4374
f 7664 4374 1785
f 381 6194 7664
f 6193 251 7138
f 4372 7138 1522
f 1050 6193 4372
f 4373 1522 7141
f 7665 7141 61
f 1785 4373 7665
f 8150 2028 4377
f 7660 4377 1784
f 31 8150 7660
f 8151 503 6191
f 4375 6191 1048
f 2028 8151 4375
f 4376 1048 6195
f 7662 6195 381
f 1784 4376 7662
f 8152 2029 4380
f 6190 4380 1049
f 503 8152 6190
f 8153 124 7143
f 4378 7143 1524
f 2029 8153 4378
f 4379 1524 7145
f 6192 7145 251
f 1049 4379 6192
f 6200 1053 4383
f 7158 4383 1532
f 255 6200 7158
f 6199 453 7950
f 4381 7950 1928
f 1053 6199 4381
f 4382 1928 7951
f 7159 7951 99
f 1532 4382 7159
f 7643 1774 4386
f 7154 4386 1531
f 62 7643 7154
f 7642 376 6197
f 4384 6197 1051
f 1774 7642 4384
f 4385 1051 6201
f 7156 6201 255
f 1531 4385 7156
f 7649 1777 4389
f 6196 4389 1052
f 376 7649 6196
f 7648 16 7952
f 4387 7952 1929
f 1777 7648 4387
f 4388 1929 7953
f 6198 7953 453
f 1052 4388 6198
f 6206 1056 4392
f 8154 4392 2030
f 504 6206 8154
f 6205 452 7942
f 4390 7942 1924
f 1056 6205 4390
f 4391 1924 7945
f 8155 7945 8
f 2030 4391 8155
f 7152 1529 4395
f 8156 4395 2031
f 125 7152 8156
f 7151 253 6203
f 4393 6203 1054
f 1529 7151 4393
f 4394 1054 6207
f 8157 6207 504
f 2031 4394 8157
f 7161 1533 4398
f 6202 4398 1055
f 253 7161 6202
f 7160 99 7946
f 4396 7946 1926
f 1533 7160 4396
f 4397 1926 7947
f 6204 7947 452
f 1055 4397 6204
f 6212 1059 4401
f 8158 4401 2032
f 505 6212 8158
f 6211 254 7150
f 4399 7150 1528
f 1059 6211 4399
f 4400 1528 7153
f 8159 7153 125
f 2032 4400 8159
f 7652 1779 4404
f 8160 4404 2033
f 30 7652 8160
f 7651 378 6209
f 4402 6209 1057
f 1779 7651 4402
f 4403 1057 6213
f 8161 6213 505
f 2033 4403 8161
f 7657 1781 4407
f 6208 4407 1058
f 378 7657 6208
f 7656 62 7155
f 4405 7155 1530
f 1781 7656 4405
f 4406 1530 7157
f 6210 7157 254
f 1058 4406 6210
f 6218 1062 4410
f 7170 4410 1538
f 258 6218 7170
f 6217 386 7682
f 4408 7682 1794
f 1062 6217 4408
f 4409 1794 7683
f 7171 7683 66
f 1538 4409 7171
f 8162 2034 4413
f 7166 4413 1537
f 126 8162 7166
f 8163 506 6215
f 4411 6215 1060
f 2034 8163 4411
f 4412 1060 6219
f 7168 6219 258
f 1537 4412 7168
f 8164 2035 4416
f 6214 4416 1061
f 506 8164 6214
f 8165 32 7685
f 4414 7685 1795
f 2035 8165 4414
f 4415 1795 7687
f 6216 7687 386
f 1061 4415 6216
f 6224 1065 4419
f 7908 4419 1907
f 442 6224 7908
f 6223 385 7674
f 4417 7674 1790
f 1065 6223 4417
f 4418 1790 7677
f 7909 7677 17
f 1907 4418 7909
f 7164 1535 4422
f 7906 4422 1906
f 94 7164 7906
f 7163 256 6221
f 4420 6221 1063
f 1535 7163 4420
f 4421 1063 6225
f 7907 6225 442
f 1906 4421 7907
f 7173 1539 4425
f 6220 4425 1064
f 256 7173 6220
f 7172 66 7678
f 4423 7678 1792
f 1539 7172 4423
f 4424 1792 7679
f 6222 7679 385
f 1064 4424 6222
f 6230 1068 4428
f 7920 4428 1913
f 445 6230 7920
f 6229 257 7162
f 4426 7162 1534
f 1068 6229 4426
f 4427 1534 7165
f 7921 7165 94
f 1913 4427 7921
f 8166 2036 4431
f 7916 4431 1912
f 9 8166 7916
f 8167 507 6227
f 4429 6227 1066
f 2036 8167 4429
f 4430 1066 6231
f 7918 6231 445
f 1912 4430 7918
f 8168 2037 4434
f 6226 4434 1067
f 507 8168 6226
f 8169 126 7167
f 4432 7167 1536
f 2037 8169 4432
f 4433 1536 7169
f 6228 7169 257
f 1067 4433 6228
f 6236 1071 4437
f 7182 4437 1544
f 261 6236 7182
f 6235 508 8170
f 4435 8170 2038
f 1071 6235 4435
f 4436 2038 8171
f 7183 8171 128
f 1544 4436 7183
f 8172 2039 4440
f 7178 4440 1543
f 127 8172 7178
f 8173 509 6233
f 4438 6233 1069
f 2039 8173 4438
f 4439 1069 6237
f 7180 6237 261
f 1543 4439 7180
f 8174 2040 4443
f 6232 4443 1070
f 509 8174 6232
f 8175 5 8176
f 4441 8176 2041
f 2040 8175 4441
f 4442 2041 8177
f 6234 8177 508
f 1070 4442 6234
f 6242 1074 4446
f 7670 4446 1788
f 383 6242 7670
f 6241 510 8178
f 4444 8178 2042
f 1074 6241 4444
f 4445 2042 8179
f 7671 8179 33
f 1788 4445 7671
f 7176 1541 4449
f 7668 4449 1787
f 64 7176 7668
f 7175 259 6239
f 4447 6239 1072
f 1541 7175 4447
f 4448 1072 6243
f 7669 6243 383
f 1787 4448 7669
f 7185 1545 4452
f 6238 4452 1073
f 259 7185 6238
f 7184 128 8180
f 4450 8180 2043
f 1545 7184 4450
f 4451 2043 8181
f 6240 8181 510
f 1073 4451 6240
f 6248 1077 4455
f 7688 4455 1797
f 387 6248 7688
f 6247 260 7174
f 4453 7174 1540
f 1077 6247 4453
f 4454 1540 7177
f 7689 7177 64
f 1797 4454 7689
f 8182 2044 4458
f 7684 4458 1796
f 32 8182 7684
f 8183 511 6245
f 4456 6245 1075
f 2044 8183 4456
f 4457 1075 6249
f 7686 6249 387
f 1796 4457 7686
f 8184 2045 4461
f 6244 4461 1076
f 511 8184 6244
f 8185 127 7179
f 4459 7179 1542
f 2045 8185 4459
f 4460 1542 7181
f 6246 7181 260
f 1076 4460 6246
f 6254 1080 4464
f 7194 4464 1550
f 264 6254 7194
f 6253 512 8186
f 4462 8186 2046
f 1080 6253 4462
f 4463 2046 8187
f 7195 8187 129
f 1550 4463 7195
f 7667 1786 4467
f 7190 4467 1549
f 65 7667 7190
f 7666 382 6251
f 4465 6251 1078
f 1786 7666 4465
f 4466 1078 6255
f 7192 6255 264
f 1549 4466 7192
f 7673 1789 4470
f 6250 4470 1079
f 382 7673 6250
f 7672 33 8188
f 4468 8188 2047
f 1789 7672 4468
f 4469 2047 8189
f 6252 8189 512
f 1079 4469 6252
f 6260 1083 4473
f 7926 4473 1916
f 447 6260 7926
f 6259 513 8190
f 4471 8190 2048
f 1083 6259 4471
f 4472 2048 8191
f 7927 8191 7
f 1916 4472 7927
f 7188 1547 4476
f 7924 4476 1915
f 96 7188 7924
f 7187 262 6257
f 4474 6257 1081
f 1547 7187 4474
f 4475 1081 6261
f 7925 6261 447
f 1915 4475 7925
f 7197 1551 4479
f 6256 4479 1082
f 262 7197 6256
f 7196 129 8192
f 4477 8192 2049
f 1551 7196 4477
f 4478 2049 8193
f 6258 8193 513
f 1082 4478 6258
f 6266 1086 4482
f 7936 4482 1921
f 449 6266 7936
f 6265 263 7186
f 4480 7186 1546
f 1086 6265 4480
f 4481 1546 7189
f 7937 7189 96
f 1921 4481 7937
f 7676 1791 4485
f 7934 4485 1920
f 17 7676 7934
f 7675 384 6263
f 4483 6263 1084
f 1791 7675 4483
f 4484 1084 6267
f 7935 6267 449
f 1920 4484 7935
f 7681 1793 4488
f 6262 4488 1085
f 384 7681 6262
f 7680 65 7191
f 4486 7191 1548
f 1793 7680 4486
f 4487 1548 7193
f 6264 7193 263
f 1085 4487 6264
f 6272 1089 4491
f 7206 4491 1556
f 267 6272 7206
f 6271 392 7706
f 4489 7706 1806
f 1089 6271 4489
f 4490 1806 7707
f 7207 7707 69
f 1556 4490 7207
f 7987 1946 4494
f 7202 4494 1555
f 104 7987 7202
f 7986 462 6269
f 4492 6269 1087
f 1946 7986 4492
f 4493 1087 6273
f 7204 6273 267
f 1555 4493 7204
f 7989 1947 4497
f 6268 4497 1088
f 462 7989 6268
f 7988 21 7709
f 4495 7709 1807
f 1947 7988 4495
f 4496 1807 7711
f 6270 7711 392
f 1088 4496 6270
f 6278 1092 4500
f 8164 4500 2035
f 506 6278 8164
f 6277 391 7698
f 4498 7698 1802
f 1092 6277 4498
f 4499 1802 7701
f 8165 7701 32
f 2035 4499 8165
f 7200 1553 4503
f 8162 4503 2034
f 126 7200 8162
f 7199 265 6275
f 4501 6275 1090
f 1553 7199 4501
f 4502 1090 6279
f 8163 6279 506
f 2034 4502 8163
f 7209 1557 4506
f 6274 4506 1091
f 265 7209 6274
f 7208 69 7702
f 4504 7702 1804
f 1557 7208 4504
f 4505 1804 7703
f 6276 7703 391
f 1091 4505 6276
f 6284 1095 4509
f 8168 4509 2037
f 507 6284 8168
f 6283 266 7198
f 4507 7198 1552
f 1095 6283 4507
f 4508 1552 7201
f 8169 7201 126
f 2037 4508 8169
f 7992 1949 4512
f 8166 4512 2036
f 9 7992 8166
f 7991 463 6281
f 4510 6281 1093
f 1949 7991 4510
f 4511 1093 6285
f 8167 6285 507
f 2036 4511 8167
f 7997 1951 4515
f 6280 4515 1094
f 463 7997 6280
f 7996 104 7203
f 4513 7203 1554
f 1951 7996 4513
f 4514 1554 7205
f 6282 7205 266
f 1094 4514 6282
f 6290 1098 4518
f 7218 4518 1562
f 270 6290 7218
f 6289 514 8194
f 4516 8194 2050
f 1098 6289 4516
f 4517 2050 8195
f 7219 8195 130
f 1562 4517 7219
f 7971 1938 4521
f 7214 4521 1561
f 103 7971 7214
f 7970 458 6287
f 4519 6287 1096
f 1938 7970 4519
f 4520 1096 6291
f 7216 6291 270
f 1561 4520 7216
f 7977 1941 4524
f 6286 4524 1097
f 458 7977 6286
f 7976 10 8196
f 4522 8196 2051
f 1941 7976 4522
f 4523 2051 8197
f 6288 8197 514
f 1097 4523 6288
f 6296 1101 4527
f 7694 4527 1800
f 389 6296 7694
f 6295 515 8198
f 4525 8198 2052
f 1101 6295 4525
f 4526 2052 8199
f 7695 8199 34
f 1800 4526 7695
f 7212 1559 4530
f 7692 4530 1799
f 67 7212 7692
f 7211 268 6293
f 4528 6293 1099
f 1559 7211 4528
f 4529 1099 6297
f 7693 6297 389
f 1799 4529 7693
f 7221 1563 4533
f 6292 4533 1100
f 268 7221 6292
f 7220 130 8200
f 4531 8200 2053
f 1563 7220 4531
f 4532 2053 8201
f 6294 8201 515
f 1100 4532 6294
f 6302 1104 4536
f 7712 4536 1809
f 393 6302 7712
f 6301 269 7210
f 4534 7210 1558
f 1104 6301 4534
f 4535 1558 7213
f 7713 7213 67
f 1809 4535 7713
f 7979 1942 4539
f 7708 4539 1808
f 21 7979 7708
f 7978 460 6299
f 4537 6299 1102
f 1942 7978 4537
f 4538 1102 6303
f 7710 6303 393
f 1808 4538 7710
f 7981 1943 4542
f 6298 4542 1103
f 460 7981 6298
f 7980 103 7215
f 4540 7215 1560
f 1943 7980 4540
f 4541 1560 7217
f 6300 7217 269
f 1103 4541 6300
f 6308 1107 4545
f 7230 4545 1568
f 273 6308 7230
f 6307 516 8202
f 4543 8202 2054
f 1107 6307 4543
f 4544 2054 8203
f 7231 8203 131
f 1568 4544 7231
f 7691 1798 4548
f 7226 4548 1567
f 68 7691 7226
f 7690 388 6305
f 4546 6305 1105
f 1798 7690 4546
f 4547 1105 6309
f 7228 6309 273
f 1567 4547 7228
f 7697 1801 4551
f 6304 4551 1106
f 388 7697 6304
f 7696 34 8204
f 4549 8204 2055
f 1801 7696 4549
f 4550 2055 8205
f 6306 8205 516
f 1106 4550 6306
f 6314 1110 4554
f 8174 4554 2040
f 509 6314 8174
f 6313 517 8206
f 4552 8206 2056
f 1110 6313 4552
f 4553 2056 8207
f 8175 8207 5
f 2040 4553 8175
f 7224 1565 4557
f 8172 4557 2039
f 127 7224 8172
f 7223 271 6311
f 4555 6311 1108
f 1565 7223 4555
f 4556 1108 6315
f 8173 6315 509
f 2039 4556 8173
f 7233 1569 4560
f 6310 4560 1109
f 271 7233 6310
f 7232 131 8208
f 4558 8208 2057
f 1569 7232 4558
f 4559 2057 8209
f 6312 8209 517
f 1109 4559 6312
f 6320 1113 4563
f 8184 4563 2045
f 511 6320 8184
f 6319 272 7222
f 4561 7222 1564
f 1113 6319 4561
f 4562 1564 7225
f 8185 7225 127
f 2045 4562 8185
f 7700 1803 4566
f 8182 4566 2044
f 32 7700 8182
f 7699 390 6317
f 4564 6317 1111
f 1803 7699 4564
f 4565 1111 6321
f 8183 6321 511
f 2044 4565 8183
f 7705 1805 4569
f 6316 4569 1112
f 390 7705 6316
f 7704 68 7227
f 4567 7227 1566
f 1805 7704 4567
f 4568 1566 7229
f 6318 7229 272
f 1112 4568 6318
f 6326 1116 4572
f 7242 4572 1574
f 276 6326 7242
f 6325 398 7730
f 4570 7730 1818
f 1116 6325 4570
f 4571 1818 7731
f 7243 7731 72
f 1574 4571 7243
f 8210 2058 4575
f 7238 4575 1573
f 132 8210 7238
f 8211 518 6323
f 4573 6323 1114
f 2058 8211 4573
f 4574 1114 6327
f 7240 6327 276
f 1573 4574 7240
f 8212 2059 4578
f 6322 4578 1115
f 518 8212 6322
f 8213 35 7733
f 4576 7733 1819
f 2059 8213 4576
f 4577 1819 7735
f 6324 7735 398
f 1115 4577 6324
f 6332 1119 4581
f 8132 4581 2019
f 498 6332 8132
f 6331 397 7722
f 4579 7722 1814
f 1119 6331 4579
f 4580 1814 7725
f 8133 7725 31
f 2019 4580 8133
f 7236 1571 4584
f 8130 4584 2018
f 122 7236 8130
f 7235 274 6329
f 4582 6329 1117
f 1571 7235 4582
f 4583 1117 6333
f 8131 6333 498
f 2018 4583 8131
f 7245 1575 4587
f 6328 4587 1118
f 274 7245 6328
f 7244 72 7726
f 4585 7726 1816
f 1575 7244 4585
f 4586 1816 7727
f 6330 7727 397
f 1118 4586 6330
f 6338 1122 4590
f 8144 4590 2025
f 501 6338 8144
f 6337 275 7234
f 4588 7234 1570
f 1122 6337 4588
f 4589 1570 7237
f 8145 7237 122
f 2025 4589 8145
f 8214 2060 4593
f 8140 4593 2024
f 4 8214 8140
f 8215 519 6335
f 4591 6335 1120
f 2060 8215 4591
f 4592 1120 6339
f 8142 6339 501
f 2024 4592 8142
f 8216 2061 4596
f 6334 4596 1121
f 519 8216 6334
f 8217 132 7239
f 4594 7239 1572
f 2061 8217 4594
f 4595 1572 7241
f 6336 7241 275
f 1121 4595 6336
f 6344 1125 4599
f 7254 4599 1580
f 279 6344 7254
f 6343 456 7962
f 4597 7962 1934
f 1125 6343 4597
f 4598 1934 7963
f 7255 7963 101
f 1580 4598 7255
f 8218 2062 4602
f 7250 4602 1579
f 133 8218 7250
f 8219 520 6341
f 4600 6341 1123
f 2062 8219 4600
f 4601 1123 6345
f 7252 6345 279
f 1579 4601 7252
f 8220 2063 4605
f 6340 4605 1124
f 520 8220 6340
f 8221 11 7965
f 4603 7965 1935
f 2063 8221 4603
f 4604 1935 7967
f 6342 7967 456
f 1124 4604 6342
f 6350 1128 4608
f 7718 4608 1812
f 395 6350 7718
f 6349 455 7958
f 4606 7958 1932
f 1128 6349 4606
f 4607 1932 7959
f 7719 7959 19
f 1812 4607 7719
f 7248 1577 4611
f 7716 4611 1811
f 70 7248 7716
f 7247 277 6347
f 4609 6347 1126
f 1577 7247 4609
f 4610 1126 6351
f 7717 6351 395
f 1811 4610 7717
f 7257 1581 4614
f 6346 4614 1127
f 277 7257 6346
f 7256 101 7960
f 4612 7960 1933
f 1581 7256 4612
f 4613 1933 7961
f 6348 7961 455
f 1127 4613 6348
f 6356 1131 4617
f 7736 4617 1821
f 399 6356 7736
f 6355 278 7246
f 4615 7246 1576
f 1131 6355 4615
f 4616 1576 7249
f 7737 7249 70
f 1821 4616 7737
f 8222 2064 4620
f 7732 4620 1820
f 35 8222 7732
f 8223 521 6353
f 4618 6353 1129
f 2064 8223 4618
f 4619 1129 6357
f 7734 6357 399
f 1820 4619 7734
f 8224 2065 4623
f 6352 4623 1130
f 521 8224 6352
f 8225 133 7251
f 4621 7251 1578
f 2065 8225 4621
f 4622 1578 7253
f 6354 7253 278
f 1130 4622 6354
f 6362 1134 4626
f 7266 4626 1586
f 282 6362 7266
f 6361 465 7998
f 4624 7998 1952
f 1134 6361 4624
f 4625 1952 7999
f 7267 7999 105
f 1586 4625 7267
f 7715 1810 4629
f 7262 4629 1585
f 71 7715 7262
f 7714 394 6359
f 4627 6359 1132
f 1810 7714 4627
f 4628 1132 6363
f 7264 6363 282
f 1585 4628 7264
f 7721 1813 4632
f 6358 4632 1133
f 394 7721 6358
f 7720 19 8000
f 4630 8000 1953
f 1813 7720 4630
f 4631 1953 8001
f 6360 8001 465
f 1133 4631 6360
f 6368 1137 4635
f 8148 4635 2027
f 502 6368 8148
f 6367 464 7990
f 4633 7990 1948
f 1137 6367 4633
f 4634 1948 7993
f 8149 7993 9
f 2027 4634 8149
f 7260 1583 4638
f 8146 4638 2026
f 124 7260 8146
f 7259 280 6365
f 4636 6365 1135
f 1583 7259 4636
f 4637 1135 6369
f 8147 6369 502
f 2026 4637 8147
f 7269 1587 4641
f 6364 4641 1136
f 280 7269 6364
f 7268 105 7994
f 4639 7994 1950
f 1587 7268 4639
f 4640 1950 7995
f 6366 7995 464
f 1136 4640 6366
f 6374 1140 4644
f 8152 4644 2029
f 503 6374 8152
f 6373 281 7258
f 4642 7258 1582
f 1140 6373 4642
f 4643 1582 7261
f 8153 7261 124
f 2029 4643 8153
f 7724 1815 4647
f 8150 4647 2028
f 31 7724 8150
f 7723 396 6371
f 4645 6371 1138
f 1815 7723 4645
f 4646 1138 6375
f 8151 6375 503
f 2028 4646 8151
f 7729 1817 4650
f 6370 4650 1139
f 396 7729 6370
f 7728 71 7263
f 4648 7263 1584
f 1817 7728 4648
f 4649 1584 7265
f 6372 7265 281
f 1139 4649 6372
f 6380 1143 4653
f 7278 4653 1592
f 285 6380 7278
f 6379 404 7754
f 4651 7754 1830
f 1143 6379 4651
f 4652 1830 7755
f 7279 7755 75
f 1592 4652 7279
f 8226 2066 4656
f 7274 4656 1591
f 134 8226 7274
f 8227 522 6377
f 4654 6377 1141
f 2066 8227 4654
f 4655 1141 6381
f 7276 6381 285
f 1591 4655 7276
f 8228 2067 4659
f 6376 4659 1142
f 522 8228 6376
f 8229 36 7757
f 4657 7757 1831
f 2067 8229 4657
f 4658 1831 7759
f 6378 7759 404
f 1142 4658 6378
f 6386 1146 4662
f 7956 4662 1931
f 454 6386 7956
f 6385 403 7746
f 4660 7746 1826
f 1146 6385 4660
f 4661 1826 7749
f 7957 7749 20
f 1931 4661 7957
f 7272 1589 4665
f 7954 4665 1930
f 100 7272 7954
f 7271 283 6383
f 4663 6383 1144
f 1589 7271 4663
f 4664 1144 6387
f 7955 6387 454
f 1930 4664 7955
f 7281 1593 4668
f 6382 4668 1145
f 283 7281 6382
f 7280 75 7750
f 4666 7750 1828
f 1593 7280 4666
f 4667 1828 7751
f 6384 7751 403
f 1145 4667 6384
f 6392 1149 4671
f 7968 4671 1937
f 457 6392 7968
f 6391 284 7270
f 4669 7270 1588
f 1149 6391 4669
f 4670 1588 7273
f 7969 7273 100
f 1937 4670 7969
f 8230 2068 4674
f 7964 4674 1936
f 11 8230 7964
f 8231 523 6389
f 4672 6389 1147
f 2068 8231 4672
f 4673 1147 6393
f 7966 6393 457
f 1936 4673 7966
f 8232 2069 4677
f 6388 4677 1148
f 523 8232 6388
f 8233 134 7275
f 4675 7275 1590
f 2069 8233 4675
f 4676 1590 7277
f 6390 7277 284
f 1148 4676 6390
f 6398 1152 4680
f 7290 4680 1598
f 288 6398 7290
f 6397 524 8234
f 4678 8234 2070
f 1152 6397 4678
f 4679 2070 8235
f 7291 8235 136
f 1598 4679 7291
f 8236 2071 4683
f 7286 4683 1597
f 135 8236 7286
f 8237 525 6395
f 4681 6395 1150
f 2071 8237 4681
f 4682 1150 6399
f 7288 6399 288
f 1597 4682 7288
f 8238 2072 4686
f 6394 4686 1151
f 525 8238 6394
f 8239 3 8240
f 4684 8240 2073
f 2072 8239 4684
f 4685 2073 8241
f 6396 8241 524
f 1151 4685 6396
f 6404 1155 4689
f 7742 4689 1824
f 401 6404 7742
f 6403 526 8242
f 4687 8242 2074
f 1155 6403 4687
f 4688 2074 8243
f 7743 8243 37
f 1824 4688 7743
f 7284 1595 4692
f 7740 4692 1823
f 73 7284 7740
f 7283 286 6401
f 4690 6401 1153
f 1595 7283 4690
f 4691 1153 6405
f 7741 6405 401
f 1823 4691 7741
f 7293 1599 4695
f 6400 4695 1154
f 286 7293 6400
f 7292 136 8244
f 4693 8244 2075
f 1599 7292 4693
f 4694 2075 8245
f 6402 8245 526
f 1154 4694 6402
f 6410 1158 4698
f 7760 4698 1833
f 405 6410 7760
f 6409 287 7282
f 4696 7282 1594
f 1158 6409 4696
f 4697 1594 7285
f 7761 7285 73
f 1833 4697 7761
f 8246 2076 4701
f 7756 4701 1832
f 36 8246 7756
f 8247 527 6407
f 4699 6407 1156
f 2076 8247 4699
f 4700 1156 6411
f 7758 6411 405
f 1832 4700 7758
f 8248 2077 4704
f 6406 4704 1157
f 527 8248 6406
f 8249 135 7287
f 4702 7287 1596
f 2077 8249 4702
f 4703 1596 7289
f 6408 7289 287
f 1157 4703 6408
f 6416 1161 4707
f 7302 4707 1604
f 291 6416 7302
f 6415 528 8250
f 4705 8250 2078
f 1161 6415 4705
f 4706 2078 8251
f 7303 8251 137
f 1604 4706 7303
f 7739 1822 4710
f 7298 4710 1603
f 74 7739 7298
f 7738 400 6413
f 4708 6413 1159
f 1822 7738 4708
f 4709 1159 6417
f 7300 6417 291
f 1603 4709 7300
f 7745 1825 4713
f 6412 4713 1160
f 400 7745 6412
f 7744 37 8252
f 4711 8252 2079
f 1825 7744 4711
f 4712 2079 8253
f 6414 8253 528
f 1160 4712 6414
f 6422 1164 4716
f 7974 4716 1940
f 459 6422 7974
f 6421 529 8254
f 4714 8254 2080
f 1164 6421 4714
f 4715 2080 8255
f 7975 8255 10
f 1940 4715 7975
f 7296 1601 4719
f 7972 4719 1939
f 102 7296 7972
f 7295 289 6419
f 4717 6419 1162
f 1601 7295 4717
f 4718 1162 6423
f 7973 6423 459
f 1939 4718 7973
f 7305 1605 4722
f 6418 4722 1163
f 289 7305 6418
f 7304 137 8256
f 4720 8256 2081
f 1605 7304 4720
f 4721 2081 8257
f 6420 8257 529
f 1163 4721 6420
f 6428 1167 4725
f 7984 4725 1945
f 461 6428 7984
f 6427 290 7294
f 4723 7294 1600
f 1167 6427 4723
f 4724 1600 7297
f 7985 7297 102
f 1945 4724 7985
f 7748 1827 4728
f 7982 4728 1944
f 20 7748 7982
f 7747 402 6425
f 4726 6425 1165
f 1827 7747 4726
f 4727 1165 6429
f 7983 6429 461
f 1944 4727 7983
f 7753 1829 4731
f 6424 4731 1166
f 402 7753 6424
f 7752 74 7299
f 4729 7299 1602
f 1829 7752 4729
f 4730 1602 7301
f 6426 7301 290
f 1166 4730 6426
f 6434 1170 4734
f 7314 4734 1610
f 294 6434 7314
f 6433 410 7778
f 4732 7778 1842
f 1170 6433 4732
f 4733 1842 7779
f 7315 7779 78
f 1610 4733 7315
f 8035 1970 4737
f 7310 4737 1609
f 110 8035 7310
f 8034 474 6431
f 4735 6431 1168
f 1970 8034 4735
f 4736 1168 6435
f 7312 6435 294
f 1609 4736 7312
f 8037 1971 4740
f 6430 4740 1169
f 474 8037 6430
f 8036 24 7781
f 4738 7781 1843
f 1971 8036 4738
f 4739 1843 7783
f 6432 7783 410
f 1169 4739 6432
f 6440 1173 4743
f 8258 4743 2082
f 530 6440 8258
f 6439 409 7770
f 4741 7770 1838
f 1173 6439 4741
f 4742 1838 7773
f 8259 7773 38
f 2082 4742 8259
f 7308 1607 4746
f 8260 4746 2083
f 138 7308 8260
f 7307 292 6437
f 4744 6437 1171
f 1607 7307 4744
f 4745 1171 6441
f 8261 6441 530
f 2083 4745 8261
f 7317 1611 4749
f 6436 4749 1172
f 292 7317 6436
f 7316 78 7774
f 4747 7774 1840
f 1611 7316 4747
f 4748 1840 7775
f 6438 7775 409
f 1172 4748 6438
f 6446 1176 4752
f 8262 4752 2084
f 531 6446 8262
f 6445 293 7306
f 4750 7306 1606
f 1176 6445 4750
f 4751 1606 7309
f 8263 7309 138
f 2084 4751 8263
f 8040 1973 4755
f 8264 4755 2085
f 13 8040 8264
f 8039 475 6443
f 4753 6443 1174
f 1973 8039 4753
f 4754 1174 6447
f 8265 6447 531
f 2085 4754 8265
f 8045 1975 4758
f 6442 4758 1175
f 475 8045 6442
f 8044 110 7311
f 4756 7311 1608
f 1975 8044 4756
f 4757 1608 7313
f 6444 7313 293
f 1175 4757 6444
f 6452 1179 4761
f 7326 4761 1616
f 297 6452 7326
f 6451 532 8266
f 4759 8266 2086
f 1179 6451 4759
f 4760 2086 8267
f 7327 8267 139
f 1616 4760 7327
f 8019 1962 4764
f 7322 4764 1615
f 109 8019 7322
f 8018 470 6449
f 4762 6449 1177
f 1962 8018 4762
f 4763 1177 6453
f 7324 6453 297
f 1615 4763 7324
f 8025 1965 4767
f 6448 4767 1178
f 470 8025 6448
f 8024 12 8268
f 4765 8268 2087
f 1965 8024 4765
f 4766 2087 8269
f 6450 8269 532
f 1178 4766 6450
f 6458 1182 4770
f 7766 4770 1836
f 407 6458 7766
f 6457 533 8270
f 4768 8270 2088
f 1182 6457 4768
f 4769 2088 8271
f 7767 8271 39
f 1836 4769 7767
f 7320 1613 4773
f 7764 4773 1835
f 76 7320 7764
f 7319 295 6455
f 4771 6455 1180
f 1613 7319 4771
f 4772 1180 6459
f 7765 6459 407
f 1835 4772 7765
f 7329 1617 4776
f 6454 4776 1181
f 295 7329 6454
f 7328 139 8272
f 4774 8272 2089
f 1617 7328 4774
f 4775 2089 8273
f 6456 8273 533
f 1181 4775 6456
f 6464 1185 4779
f 7784 4779 1845
f 411 6464 7784
f 6463 296 7318
f 4777 7318 1612
f 1185 6463 4777
f 4778 1612 7321
f 7785 7321 76
f 1845 4778 7785
f 8027 1966 4782
f 7780 4782 1844
f 24 8027 7780
f 8026 472 6461
f 4780 6461 1183
f 1966 8026 4780
f 4781 1183 6465
f 7782 6465 411
f 1844 4781 7782
f 8029 1967 4785
f 6460 4785 1184
f 472 8029 6460
f 8028 109 7323
f 4783 7323 1614
f 1967 8028 4783
f 4784 1614 7325
f 6462 7325 296
f 1184 4784 6462
f 6470 1188 4788
f 7338 4788 1622
f 300 6470 7338
f 6469 534 8274
f 4786 8274 2090
f 1188 6469 4786
f 4787 2090 8275
f 7339 8275 140
f 1622 4787 7339
f 7763 1834 4791
f 7334 4791 1621
f 77 7763 7334
f 7762 406 6467
f 4789 6467 1186
f 1834 7762 4789
f 4790 1186 6471
f 7336 6471 300
f 1621 4790 7336
f 7769 1837 4794
f 6466 4794 1187
f 406 7769 6466
f 7768 39 8276
f 4792 8276 2091
f 1837 7768 4792
f 4793 2091 8277
f 6468 8277 534
f 1187 4793 6468
f 6476 1191 4797
f 8278 4797 2092
f 536 6476 8278
f 6475 535 8279
f 4795 8279 2093
f 1191 6475 4795
f 4796 2093 8280
f 8281 8280 1
f 2092 4796 8281
f 7332 1619 4800
f 8282 4800 2094
f 141 7332 8282
f 7331 298 6473
f 4798 6473 1189
f 1619 7331 4798
f 4799 1189 6477
f 8283 6477 536
f 2094 4799 8283
f 7341 1623 4803
f 6472 4803 1190
f 298 7341 6472
f 7340 140 8284
f 4801 8284 2095
f 1623 7340 4801
f 4802 2095 8285
f 6474 8285 535
f 1190 4802 6474
f 6482 1194 4806
f 8286 4806 2096
f 537 6482 8286
f 6481 299 7330
f 4804 7330 1618
f 1194 6481 4804
f 4805 1618 7333
f 8287 7333 141
f 2096 4805 8287
f 7772 1839 4809
f 8288 4809 2097
f 38 7772 8288
f 7771 408 6479
f 4807 6479 1192
f 1839 7771 4807
f 4808 1192 6483
f 8289 6483 537
f 2097 4808 8289
f 7777 1841 4812
f 6478 4812 1193
f 408 7777 6478
f 7776 77 7335
f 4810 7335 1620
f 1841 7776 4810
f 4811 1620 7337
f 6480 7337 299
f 1193 4811 6480
f 6488 1197 4815
f 7350 4815 1628
f 303 6488 7350
f 6487 416 7802
f 4813 7802 1854
f 1197 6487 4813
f 4814 1854 7803
f 7351 7803 81
f 1628 4814 7351
f 8115 2010 4818
f 7346 4818 1627
f 120 8115 7346
f 8114 494 6485
f 4816 6485 1195
f 2010 8114 4816
f 4817 1195 6489
f 7348 6489 303
f 1627 4817 7348
f 8117 2011 4821
f 6484 4821 1196
f 494 8117 6484
f 8116 29 7805
f 4819 7805 1855
f 2011 8116 4819
f 4820 1855 7807
f 6486 7807 416
f 1196 4820 6486
f 6494 1200 4824
f 8290 4824 2098
f 538 6494 8290
f 6493 415 7794
f 4822 7794 1850
f 1200 6493 4822
f 4823 1850 7797
f 8291 7797 40
f 2098 4823 8291
f 7344 1625 4827
f 8292 4827 2099
f 142 7344 8292
f 7343 301 6491
f 4825 6491 1198
f 1625 7343 4825
f 4826 1198 6495
f 8293 6495 538
f 2099 4826 8293
f 7353 1629 4830
f 6490 4830 1199
f 301 7353 6490
f 7352 81 7798
f 4828 7798 1852
f 1629 7352 4828
f 4829 1852 7799
f 6492 7799 415
f 1199 4829 6492
f 6500 1203 4833
f 8294 4833 2100
f 539 6500 8294
f 6499 302 7342
f 4831 7342 1624
f 1203 6499 4831
f 4832 1624 7345
f 8295 7345 142
f 2100 4832 8295
f 8120 2013 4836
f 8296 4836 2101
f 6 8120 8296
f 8119 495 6497
f 4834 6497 1201
f 2013 8119 4834
f 4835 1201 6501
f 8297 6501 539
f 2101 4835 8297
f 8125 2015 4839
f 6496 4839 1202
f 495 8125 6496
f 8124 120 7347
f 4837 7347 1626
f 2015 8124 4837
f 4838 1626 7349
f 6498 7349 302
f 1202 4838 6498
f 6506 1206 4842
f 7362 4842 1634
f 306 6506 7362
f 6505 468 8010
f 4840 8010 1958
f 1206 6505 4840
f 4841 1958 8011
f 7363 8011 107
f 1634 4841 7363
f 8107 2006 4845
f 7358 4845 1633
f 119 8107 7358
f 8106 492 6503
f 4843 6503 1204
f 2006 8106 4843
f 4844 1204 6507
f 7360 6507 306
f 1633 4844 7360
f 8109 2007 4848
f 6502 4848 1205
f 492 8109 6502
f 8108 7 8013
f 4846 8013 1959
f 2007 8108 4846
f 4847 1959 8015
f 6504 8015 468
f 1205 4847 6504
f 6512 1209 4851
f 7790 4851 1848
f 413 6512 7790
f 6511 467 8006
f 4849 8006 1956
f 1209 6511 4849
f 4850 1956 8007
f 7791 8007 22
f 1848 4850 7791
f 7356 1631 4854
f 7788 4854 1847
f 79 7356 7788
f 7355 304 6509
f 4852 6509 1207
f 1631 7355 4852
f 4853 1207 6513
f 7789 6513 413
f 1847 4853 7789
f 7365 1635 4857
f 6508 4857 1208
f 304 7365 6508
f 7364 107 8008
f 4855 8008 1957
f 1635 7364 4855
f 4856 1957 8009
f 6510 8009 467
f 1208 4856 6510
f 6518 1212 4860
f 7808 4860 1857
f 417 6518 7808
f 6517 305 7354
f 4858 7354 1630
f 1212 6517 4858
f 4859 1630 7357
f 7809 7357 79
f 1857 4859 7809
f 8111 2008 4863
f 7804 4863 1856
f 29 8111 7804
f 8110 493 6515
f 4861 6515 1210
f 2008 8110 4861
f 4862 1210 6519
f 7806 6519 417
f 1856 4862 7806
f 8113 2009 4866
f 6514 4866 1211
f 493 8113 6514
f 8112 119 7359
f 4864 7359 1632
f 2009 8112 4864
f 4865 1632 7361
f 6516 7361 305
f 1211 4865 6516
f 6524 1215 4869
f 7374 4869 1640
f 309 6524 7374
f 6523 477 8046
f 4867 8046 1976
f 1215 6523 4867
f 4868 1976 8047
f 7375 8047 111
f 1640 4868 7375
f 7787 1846 4872
f 7370 4872 1639
f 80 7787 7370
f 7786 412 6521
f 4870 6521 1213
f 1846 7786 4870
f 4871 1213 6525
f 7372 6525 309
f 1639 4871 7372
f 7793 1849 4875
f 6520 4875 1214
f 412 7793 6520
f 7792 22 8048
f 4873 8048 1977
f 1849 7792 4873
f 4874 1977 8049
f 6522 8049 477
f 1214 4874 6522
f 6530 1218 4878
f 8298 4878 2102
f 540 6530 8298
f 6529 476 8038
f 4876 8038 1972
f 1218 6529 4876
f 4877 1972 8041
f 8299 8041 13
f 2102 4877 8299
f 7368 1637 4881
f 8300 4881 2103
f 143 7368 8300
f 7367 307 6527
f 4879 6527 1216
f 1637 7367 4879
f 4880 1216 6531
f 8301 6531 540
f 2103 4880 8301
f 7377 1641 4884
f 6526 4884 1217
f 307 7377 6526
f 7376 111 8042
f 4882 8042 1974
f 1641 7376 4882
f 4883 1974 8043
f 6528 8043 476
f 1217 4883 6528
f 6536 1221 4887
f 8302 4887 2104
f 541 6536 8302
f 6535 308 7366
f 4885 7366 1636
f 1221 6535 4885
f 4886 1636 7369
f 8303 7369 143
f 2104 4886 8303
f 7796 1851 4890
f 8304 4890 2105
f 40 7796 8304
f 7795 414 6533
f 4888 6533 1219
f 1851 7795 4888
f 4889 1219 6537
f 8305 6537 541
f 2105 4889 8305
f 7801 1853 4893
f 6532 4893 1220
f 414 7801 6532
f 7800 80 7371
f 4891 7371 1638
f 1853 7800 4891
f 4892 1638 7373
f 6534 7373 308
f 1220 4892 6534
f 6542 1224 4896
f 7386 4896 1646
f 312 6542 7386
f 6541 422 7826
f 4894 7826 1866
f 1224 6541 4894
f 4895 1866 7827
f 7387 7827 84
f 1646 4895 7387
f 8187 2046 4899
f 7382 4899 1645
f 129 8187 7382
f 8186 512 6539
f 4897 6539 1222
f 2046 8186 4897
f 4898 1222 6543
f 7384 6543 312
f 1645 4898 7384
f 8189 2047 4902
f 6538 4902 1223
f 512 8189 6538
f 8188 33 7829
f 4900 7829 1867
f 2047 8188 4900
f 4901 1867 7831
f 6540 7831 422
f 1223 4901 6540
f 6548 1227 4905
f 8004 4905 1955
f 466 6548 8004
f 6547 421 7818
f 4903 7818 1862
f 1227 6547 4903
f 4904 1862 7821
f 8005 7821 23
f 1955 4904 8005
f 7380 1643 4908
f 8002 4908 1954
f 106 7380 8002
f 7379 310 6545
f 4906 6545 1225
f 1643 7379 4906
f 4907 1225 6549
f 8003 6549 466
f 1954 4907 8003
f 7389 1647 4911
f 6544 4911 1226
f 310 7389 6544
f 7388 84 7822
f 4909 7822 1864
f 1647 7388 4909
f 4910 1864 7823
f 6546 7823 421
f 1226 4910 6546
f 6554 1230 4914
f 8016 4914 1961
f 469 6554 8016
f 6553 311 7378
f 4912 7378 1642
f 1230 6553 4912
f 4913 1642 7381
f 8017 7381 106
f 1961 4913 8017
f 8191 2048 4917
f 8012 4917 1960
f 7 8191 8012
f 8190 513 6551
f 4915 6551 1228
f 2048 8190 4915
f 4916 1228 6555
f 8014 6555 469
f 1960 4916 8014
f 8193 2049 4920
f 6550 4920 1229
f 513 8193 6550
f 8192 129 7383
f 4918 7383 1644
f 2049 8192 4918
f 4919 1644 7385
f 6552 7385 311
f 1229 4919 6552
f 6560 1233 4923
f 7398 4923 1652
f 315 6560 7398
f 6559 542 8306
f 4921 8306 2106
f 1233 6559 4921
f 4922 2106 8307
f 7399 8307 144
f 1652 4922 7399
f 8171 2038 4926
f 7394 4926 1651
f 128 8171 7394
f 8170 508 6557
f 4924 6557 1231
f 2038 8170 4924
f 4925 1231 6561
f 7396 6561 315
f 1651 4925 7396
f 8177 2041 4929
f 6556 4929 1232
f 508 8177 6556
f 8176 5 8308
f 4927 8308 2107
f 2041 8176 4927
f 4928 2107 8309
f 6558 8309 542
f 1232 4928 6558
f 6566 1236 4932
f 7814 4932 1860
f 419 6566 7814
f 6565 543 8310
f 4930 8310 2108
f 1236 6565 4930
f 4931 2108 8311
f 7815 8311 41
f 1860 4931 7815
f 7392 1649 4935
f 7812 4935 1859
f 82 7392 7812
f 7391 313 6563
f 4933 6563 1234
f 1649 7391 4933
f 4934 1234 6567
f 7813 6567 419
f 1859 4934 7813
f 7401 1653 4938
f 6562 4938 1235
f 313 7401 6562
f 7400 144 8312
f 4936 8312 2109
f 1653 7400 4936
f 4937 2109 8313
f 6564 8313 543
f 1235 4937 6564
f 6572 1239 4941
f 7832 4941 1869
f 423 6572 7832
f 6571 314 7390
f 4939 7390 1648
f 1239 6571 4939
f 4940 1648 7393
f 7833 7393 82
f 1869 4940 7833
f 8179 2042 4944
f 7828 4944 1868
f 33 8179 7828
f 8178 510 6569
f 4942 6569 1237
f 2042 8178 4942
f 4943 1237 6573
f 7830 6573 423
f 1868 4943 7830
f 8181 2043 4947
f 6568 4947 1238
f 510 8181 6568
f 8180 128 7395
f 4945 7395 1650
f 2043 8180 4945
f 4946 1650 7397
f 6570 7397 314
f 1238 4946 6570
f 6578 1242 4950
f 7410 4950 1658
f 318 6578 7410
f 6577 544 8314
f 4948 8314 2110
f 1242 6577 4948
f 4949 2110 8315
f 7411 8315 145
f 1658 4949 7411
f 7811 1858 4953
f 7406 4953 1657
f 83 7811 7406
f 7810 418 6575
f 4951 6575 1240
f 1858 7810 4951
f 4952 1240 6579
f 7408 6579 318
f 1657 4952 7408
f 7817 1861 4956
f 6574 4956 1241
f 418 7817 6574
f 7816 41 8316
f 4954 8316 2111
f 1861 7816 4954
f 4955 2111 8317
f 6576 8317 544
f 1241 4955 6576
f 6584 1245 4959
f 8022 4959 1964
f 471 6584 8022
f 6583 545 8318
f 4957 8318 2112
f 1245 6583 4957
f 4958 2112 8319
f 8023 8319 12
f 1964 4958 8023
f 7404 1655 4962
f 8020 4962 1963
f 108 7404 8020
f 7403 316 6581
f 4960 6581 1243
f 1655 7403 4960
f 4961 1243 6585
f 8021 6585 471
f 1963 4961 8021
f 7413 1659 4965
f 6580 4965 1244
f 316 7413 6580
f 7412 145 8320
f 4963 8320 2113
f 1659 7412 4963
f 4964 2113 8321
f 6582 8321 545
f 1244 4964 6582
f 6590 1248 4968
f 8032 4968 1969
f 473 6590 8032
f 6589 317 7402
f 4966 7402 1654
f 1248 6589 4966
f 4967 1654 7405
f 8033 7405 108
f 1969 4967 8033
f 7820 1863 4971
f 8030 4971 1968
f 23 7820 8030
f 7819 420 6587
f 4969 6587 1246
f 1863 7819 4969
f 4970 1246 6591
f 8031 6591 473
f 1968 4970 8031
f 7825 1865 4974
f 6586 4974 1247
f 420 7825 6586
f 7824 83 7407
f 4972 7407 1656
f 1865 7824 4972
f 4973 1656 7409
f 6588 7409 317
f 1247 4973 6588
f 6596 1251 4977
f 7422 4977 1664
f 321 6596 7422
f 6595 428 7850
f 4975 7850 1878
f 1251 6595 4975
f 4976 1878 7851
f 7423 7851 87
f 1664 4976 7423
f 8083 1994 4980
f 7418 4980 1663
f 116 8083 7418
f 8082 486 6593
f 4978 6593 1249
f 1994 8082 4978
f 4979 1249 6597
f 7420 6597 321
f 1663 4979 7420
f 8085 1995 4983
f 6592 4983 1250
f 486 8085 6592
f 8084 27 7853
f 4981 7853 1879
f 1995 8084 4981
f 4982 1879 7855
f 6594 7855 428
f 1250 4982 6594
f 6602 1254 4986
f 8322 4986 2114
f 546 6602 8322
f 6601 427 7842
f 4984 7842 1874
f 1254 6601 4984
f 4985 1874 7845
f 8323 7845 42
f 2114 4985 8323
f 7416 1661 4989
f 8324 4989 2115
f 146 7416 8324
f 7415 319 6599
f 4987 6599 1252
f 1661 7415 4987
f 4988 1252 6603
f 8325 6603 546
f 2115 4988 8325
f 7425 1665 4992
f 6598 4992 1253
f 319 7425 6598
f 7424 87 7846
f 4990 7846 1876
f 1665 7424 4990
f 4991 1876 7847
f 6600 7847 427
f 1253 4991 6600
f 6608 1257 4995
f 8326 4995 2116
f 547 6608 8326
f 6607 320 7414
f 4993 7414 1660
f 1257 6607 4993
f 4994 1660 7417
f 8327 7417 146
f 2116 4994 8327
f 8088 1997 4998
f 8328 4998 2117
f 14 8088 8328
f 8087 487 6605
f 4996 6605 1255
f 1997 8087 4996
f 4997 1255 6609
f 8329 6609 547
f 2117 4997 8329
f 8093 1999 5001
f 6604 5001 1256
f 487 8093 6604
f 8092 116 7419
f 4999 7419 1662
f 1999 8092 4999
f 5000 1662 7421
f 6606 7421 320
f 1256 5000 6606
f 6614 1260 5004
f 7434 5004 1670
f 324 6614 7434
f 6613 491 8102
f 5002 8102 2004
f 1260 6613 5002
f 5003 2004 8103
f 7435 8103 118
f 1670 5003 7435
f 8067 1986 5007
f 7430 5007 1669
f 115 8067 7430
f 8066 482 6611
f 5005 6611 1258
f 1986 8066 5005
f 5006 1258 6615
f 7432 6615 324
f 1669 5006 7432
f 8073 1989 5010
f 6610 5010 1259
f 482 8073 6610
f 8072 8 8104
f 5008 8104 2005
f 1989 8072 5008
f 5009 2005 8105
f 6612 8105 491
f 1259 5009 6612
f 6620 1263 5013
f 7838 5013 1872
f 425 6620 7838
f 6619 490 8098
f 5011 8098 2002
f 1263 6619 5011
f 5012 2002 8099
f 7839 8099 28
f 1872 5012 7839
f 7428 1667 5016
f 7836 5016 1871
f 85 7428 7836
f 7427 322 6617
f 5014 6617 1261
f 1667 7427 5014
f 5015 1261 6621
f 7837 6621 425
f 1871 5015 7837
f 7437 1671 5019
f 6616 5019 1262
f 322 7437 6616
f 7436 118 8100
f 5017 8100 2003
f 1671 7436 5017
f 5018 2003 8101
f 6618 8101 490
f 1262 5018 6618
f 6626 1266 5022
f 7856 5022 1881
f 429 6626 7856
f 6625 323 7426
f 5020 7426 1666
f 1266 6625 5020
f 5021 1666 7429
f 7857 7429 85
f 1881 5021 7857
f 8075 1990 5025
f 7852 5025 1880
f 27 8075 7852
f 8074 484 6623
f 5023 6623 1264
f 1990 8074 5023
f 5024 1264 6627
f 7854 6627 429
f 1880 5024 7854
f 8077 1991 5028
f 6622 5028 1265
f 484 8077 6622
f 8076 115 7431
f 5026 7431 1668
f 1991 8076 5026
f 5027 1668 7433
f 6624 7433 323
f 1265 5027 6624
f 6632 1269 5031
f 7446 5031 1676
f 327 6632 7446
f 6631 497 8126
f 5029 8126 2016
f 1269 6631 5029
f 5030 2016 8127
f 7447 8127 121
f 1676 5030 7447
f 7835 1870 5034
f 7442 5034 1675
f 86 7835 7442
f 7834 424 6629
f 5032 6629 1267
f 1870 7834 5032
f 5033 1267 6633
f 7444 6633 327
f 1675 5033 7444
f 7841 1873 5037
f 6628 5037 1268
f 424 7841 6628
f 7840 28 8128
f 5035 8128 2017
f 1873 7840 5035
f 5036 2017 8129
f 6630 8129 497
f 1268 5036 6630
f 6638 1272 5040
f 8330 5040 2118
f 548 6638 8330
f 6637 496 8118
f 5038 8118 2012
f 1272 6637 5038
f 5039 2012 8121
f 8331 8121 6
f 2118 5039 8331
f 7440 1673 5043
f 8332 5043 2119
f 147 7440 8332
f 7439 325 6635
f 5041 6635 1270
f 1673 7439 5041
f 5042 1270 6639
f 8333 6639 548
f 2119 5042 8333
f 7449 1677 5046
f 6634 5046 1271
f 325 7449 6634
f 7448 121 8122
f 5044 8122 2014
f 1677 7448 5044
f 5045 2014 8123
f 6636 8123 496
f 1271 5045 6636
f 6644 1275 5049
f 8334 5049 2120
f 549 6644 8334
f 6643 326 7438
f 5047 7438 1672
f 1275 6643 5047
f 5048 1672 7441
f 8335 7441 147
f 2120 5048 8335
f 7844 1875 5052
f 8336 5052 2121
f 42 7844 8336
f 7843 426 6641
f 5050 6641 1273
f 1875 7843 5050
f 5051 1273 6645
f 8337 6645 549
f 2121 5051 8337
f 7849 1877 5055
f 6640 5055 1274
f 426 7849 6640
f 7848 86 7443
f 5053 7443 1674
f 1877 7848 5053
f 5054 1674 7445
f 6642 7445 326
f 1274 5054 6642
f 6650 1278 5058
f 7458 5058 1682
f 330 6650 7458
f 6649 434 7874
f 5056 7874 1890
f 1278 6649 5056
f 5057 1890 7875
f 7459 7875 90
f 1682 5057 7459
f 8338 2122 5061
f 7454 5061 1681
f 148 8338 7454
f 8339 550 6647
f 5059 6647 1276
f 2122 8339 5059
f 5060 1276 6651
f 7456 6651 330
f 1681 5060 7456
f 8340 2123 5064
f 6646 5064 1277
f 550 8340 6646
f 8341 44 7877
f 5062 7877 1891
f 2123 8341 5062
f 5063 1891 7879
f 6648 7879 434
f 1277 5063 6648
f 6656 1281 5067
f 8342 5067 2124
f 551 6656 8342
f 6655 433 7866
f 5065 7866 1886
f 1281 6655 5065
f 5066 1886 7869
f 8343 7869 43
f 2124 5066 8343
f 7452 1679 5070
f 8344 5070 2125
f 149 7452 8344
f 7451 328 6653
f 5068 6653 1279
f 1679 7451 5068
f 5069 1279 6657
f 8345 6657 551
f 2125 5069 8345
f 7461 1683 5073
f 6652 5073 1280
f 328 7461 6652
f 7460 90 7870
f 5071 7870 1888
f 1683 7460 5071
f 5072 1888 7871
f 6654 7871 433
f 1280 5072 6654
f 6662 1284 5076
f 8346 5076 2126
f 552 6662 8346
f 6661 329 7450
f 5074 7450 1678
f 1284 6661 5074
f 5075 1678 7453
f 8347 7453 149
f 2126 5075 8347
f 8348 2128 5079
f 8349 5079 2127
f 2 8348 8349
f 8350 553 6659
f 5077 6659 1282
f 2128 8350 5077
f 5078 1282 6663
f 8351 6663 552
f 2127 5078 8351
f 8352 2129 5082
f 6658 5082 1283
f 553 8352 6658
f 8353 148 7455
f 5080 7455 1680
f 2129 8353 5080
f 5081 1680 7457
f 6660 7457 329
f 1283 5081 6660
f 6668 1287 5085
f 7470 5085 1688
f 333 6668 7470
f 6667 480 8058
f 5083 8058 1982
f 1287 6667 5083
f 5084 1982 8059
f 7471 8059 113
f 1688 5084 7471
f 8354 2130 5088
f 7466 5088 1687
f 150 8354 7466
f 8355 554 6665
f 5086 6665 1285
f 2130 8355 5086
f 5087 1285 6669
f 7468 6669 333
f 1687 5087 7468
f 8356 2131 5091
f 6664 5091 1286
f 554 8356 6664
f 8357 15 8061
f 5089 8061 1983
f 2131 8357 5089
f 5090 1983 8063
f 6666 8063 480
f 1286 5090 6666
f 6674 1290 5094
f 7862 5094 1884
f 431 6674 7862
f 6673 479 8054
f 5092 8054 1980
f 1290 6673 5092
f 5093 1980 8055
f 7863 8055 25
f 1884 5093 7863
f 7464 1685 5097
f 7860 5097 1883
f 88 7464 7860
f 7463 331 6671
f 5095 6671 1288
f 1685 7463 5095
f 5096 1288 6675
f 7861 6675 431
f 1883 5096 7861
f 7473 1689 5100
f 6670 5100 1289
f 331 7473 6670
f 7472 113 8056
f 5098 8056 1981
f 1689 7472 5098
f 5099 1981 8057
f 6672 8057 479
f 1289 5099 6672
f 6680 1293 5103
f 7880 5103 1893
f 435 6680 7880
f 6679 332 7462
f 5101 7462 1684
f 1293 6679 5101
f 5102 1684 7465
f 7881 7465 88
f 1893 5102 7881
f 8358 2132 5106
f 7876 5106 1892
f 44 8358 7876
f 8359 555 6677
f 5104 6677 1291
f 2132 8359 5104
f 5105 1291 6681
f 7878 6681 435
f 1892 5105 7878
f 8360 2133 5109
f 6676 5109 1292
f 555 8360 6676
f 8361 150 7467
f 5107 7467 1686
f 2133 8361 5107
f 5108 1686 7469
f 6678 7469 332
f 1292 5108 6678
f 6686 1296 5112
f 7482 5112 1694
f 336 6686 7482
f 6685 489 8094
f 5110 8094 2000
f 1296 6685 5110
f 5111 2000 8095
f 7483 8095 117
f 1694 5111 7483
f 7859 1882 5115
f 7478 5115 1693
f 89 7859 7478
f 7858 430 6683
f 5113 6683 1294
f 1882 7858 5113
f 5114 1294 6687
f 7480 6687 336
f 1693 5114 7480
f 7865 1885 5118
f 6682 5118 1295
f 430 7865 6682
f 7864 25 8096
f 5116 8096 2001
f 1885 7864 5116
f 5117 2001 8097
f 6684 8097 489
f 1295 5117 6684
f 6692 1299 5121
f 8362 5121 2134
f 556 6692 8362
f 6691 488 8086
f 5119 8086 1996
f 1299 6691 5119
f 5120 1996 8089
f 8363 8089 14
f 2134 5120 8363
f 7476 1691 5124
f 8364 5124 2135
f 151 7476 8364
f 7475 334 6689
f 5122 6689 1297
f 1691 7475 5122
f 5123 1297 6693
f 8365 6693 556
f 2135 5123 8365
f 7485 1695 5127
f 6688 5127 1298
f 334 7485 6688
f 7484 117 8090
f 5125 8090 1998
f 1695 7484 5125
f 5126 1998 8091
f 6690 8091 488
f 1298 5126 6690
f 6698 1302 5130
f 8366 5130 2136
f 557 6698 8366
f 6697 335 7474
f 5128 7474 1690
f 1302 6697 5128
f 5129 1690 7477
f 8367 7477 151
f 2136 5129 8367
f 7868 1887 5133
f 8368 5133 2137
f 43 7868 8368
f 7867 432 6695
f 5131 6695 1300
f 1887 7867 5131
f 5132 1300 6699
f 8369 6699 557
f 2137 5132 8369
f 7873 1889 5136
f 6694 5136 1301
f 432 7873 6694
f 7872 89 7479
f 5134 7479 1692
f 1889 7872 5134
f 5135 1692 7481
f 6696 7481 335
f 1301 5135 6696
f 6704 1305 5139
f 7494 5139 1700
f 339 6704 7494
f 6703 440 7898
f 5137 7898 1902
f 1305 6703 5137
f 5138 1902 7899
f 7495 7899 93
f 1700 5138 7495
f 8370 2138 5142
f 7490 5142 1699
f 152 8370 7490
f 8371 558 6701
f 5140 6701 1303
f 2138 8371 5140
f 5141 1303 6705
f 7492 6705 339
f 1699 5141 7492
f 8372 2139 5145
f 6700 5145 1304
f 558 8372 6700
f 8373 45 7901
f 5143 7901 1903
f 2139 8373 5143
f 5144 1903 7903
f 6702 7903 440
f 1304 5144 6702
f 6710 1308 5148
f 8052 5148 1979
f 478 6710 8052
f 6709 439 7890
f 5146 7890 1898
f 1308 6709 5146
f 5147 1898 7893
f 8053 7893 26
f 1979 5147 8053
f 7488 1697 5151
f 8050 5151 1978
f 112 7488 8050
f 7487 337 6707
f 5149 6707 1306
f 1697 7487 5149
f 5150 1306 6711
f 8051 6711 478
f 1978 5150 8051
f 7497 1701 5154
f 6706 5154 1307
f 337 7497 6706
f 7496 93 7894
f 5152 7894 1900
f 1701 7496 5152
f 5153 1900 7895
f 6708 7895 439
f 1307 5153 6708
f 6716 1311 5157
f 8064 5157 1985
f 481 6716 8064
f 6715 338 7486
f 5155 7486 1696
f 1311 6715 5155
f 5156 1696 7489
f 8065 7489 112
f 1985 5156 8065
f 8374 2140 5160
f 8060 5160 1984
f 15 8374 8060
f 8375 559 6713
f 5158 6713 1309
f 2140 8375 5158
f 5159 1309 6717
f 8062 6717 481
f 1984 5159 8062
f 8376 2141 5163
f 6712 5163 1310
f 559 8376 6712
f 8377 152 7491
f 5161 7491 1698
f 2141 8377 5161
f 5162 1698 7493
f 6714 7493 338
f 1310 5162 6714
f 6722 1314 5166
f 7506 5166 1706
f 342 6722 7506
f 6721 500 8138
f 5164 8138 2022
f 1314 6721 5164
f 5165 2022 8139
f 7507 8139 123
f 1706 5165 7507
f 8378 2142 5169
f 7502 5169 1705
f 153 8378 7502
f 8379 560 6719
f 5167 6719 1312
f 2142 8379 5167
f 5168 1312 6723
f 7504 6723 342
f 1705 5168 7504
f 8380 2143 5172
f 6718 5172 1313
f 560 8380 6718
f 8381 4 8141
f 5170 8141 2023
f 2143 8381 5170
f 5171 2023 8143
f 6720 8143 500
f 1313 5171 6720
f 6728 1317 5175
f 7886 5175 1896
f 437 6728 7886
f 6727 499 8134
f 5173 8134 2020
f 1317 6727 5173
f 5174 2020 8135
f 7887 8135 30
f 1896 5174 7887
f 7500 1703 5178
f 7884 5178 1895
f 91 7500 7884
f 7499 340 6725
f 5176 6725 1315
f 1703 7499 5176
f 5177 1315 6729
f 7885 6729 437
f 1895 5177 7885
f 7509 1707 5181
f 6724 5181 1316
f 340 7509 6724
f 7508 123 8136
f 5179 8136 2021
f 1707 7508 5179
f 5180 2021 8137
f 6726 8137 499
f 1316 5180 6726
f 6734 1320 5184
f 7904 5184 1905
f 441 6734 7904
f 6733 341 7498
f 5182 7498 1702
f 1320 6733 5182
f 5183 1702 7501
f 7905 7501 91
f 1905 5183 7905
f 8382 2144 5187
f 7900 5187 1904
f 45 8382 7900
f 8383 561 6731
f 5185 6731 1318
f 2144 8383 5185
f 5186 1318 6735
f 7902 6735 441
f 1904 5186 7902
f 8384 2145 5190
f 6730 5190 1319
f 561 8384 6730
f 8385 153 7503
f 5188 7503 1704
f 2145 8385 5188
f 5189 1704 7505
f 6732 7505 341
f 1319 5189 6732
f 6740 1323 5193
f 7518 5193 1712
f 345 6740 7518
f 6739 505 8158
f 5191 8158 2032
f 1323 6739 5191
f 5192 2032 8159
f 7519 8159 125
f 1712 5192 7519
f 7883 1894 5196
f 7514 5196 1711
f 92 7883 7514
f 7882 436 6737
f 5194 6737 1321
f 1894 7882 5194
f 5195 1321 6741
f 7516 6741 345
f 1711 5195 7516
f 7889 1897 5199
f 6736 5199 1322
f 436 7889 6736
f 7888 30 8160
f 5197 8160 2033
f 1897 7888 5197
f 5198 2033 8161
f 6738 8161 505
f 1322 5198 6738
f 6746 1326 5202
f 8070 5202 1988
f 483 6746 8070
f 6745 504 8154
f 5200 8154 2030
f 1326 6745 5200
f 5201 2030 8155
f 8071 8155 8
f 1988 5201 8071
f 7512 1709 5205
f 8068 5205 1987
f 114 7512 8068
f 7511 343 6743
f 5203 6743 1324
f 1709 7511 5203
f 5204 1324 6747
f 8069 6747 483
f 1987 5204 8069
f 7521 1713 5208
f 6742 5208 1325
f 343 7521 6742
f 7520 125 8156
f 5206 8156 2031
f 1713 7520 5206
f 5207 2031 8157
f 6744 8157 504
f 1325 5207 6744
f 6752 1329 5211
f 8080 5211 1993
f 485 6752 8080
f 6751 344 7510
f 5209 7510 1708
f 1329 6751 5209
f 5210 1708 7513
f 8081 7513 114
f 1993 5210 8081
f 7892 1899 5214
f 8078 5214 1992
f 26 7892 8078
f 7891 438 6749
f 5212 6749 1327
f 1899 7891 5212
f 5213 1327 6753
f 8079 6753 485
f 1992 5213 8079
f 7897 1901 5217
f 6748 5217 1328
f 438 7897 6748
f 7896 92 7515
f 5215 7515 1710
f 1901 7896 5215
f 5216 1710 7517
f 6750 7517 344
f 1328 5216 6750

