# https://github.com/mikedh/trimesh
v 0.0000000000 0.0000000000 0.0000000000
v 1.0000000000 0.0000000000 0.0000000000
v 0.5000000000 0.8660254038 0.0000000000
v 0.7500000000 0.4330127019 0.0000000000
v 0.2500000000 0.4330127019 0.0000000000
v 0.5000000000 0.0000000000 0.0000000000
v 0.3750000000 0.2165063509 0.0000000000
v 0.6250000000 0.2165063509 0.0000000000
v 0.5000000000 0.4330127019 0.0000000000
v 0.3750000000 0.6495190528 0.0000000000
v 0.6250000000 0.6495190528 0.0000000000
v 0.1250000000 0.2165063509 0.0000000000
v 0.2500000000 0.0000000000 0.0000000000
v 0.7500000000 0.0000000000 0.0000000000
v 0.8750000000 0.2165063509 0.0000000000
v 0.5625000000 0.3247595264 0.0000000000
v 0.4375000000 0.3247595264 0.0000000000
v 0.5000000000 0.2165063509 0.0000000000
v 0.5625000000 0.5412658774 0.0000000000
v 0.5000000000 0.6495190528 0.0000000000
v 0.4375000000 0.5412658774 0.0000000000
v 0.3125000000 0.1082531755 0.0000000000
v 0.2500000000 0.2165063509 0.0000000000
v 0.1875000000 0.1082531755 0.0000000000
v 0.8125000000 0.1082531755 0.0000000000
v 0.7500000000 0.2165063509 0.0000000000
v 0.6875000000 0.1082531755 0.0000000000
v 0.5625000000 0.1082531755 0.0000000000
v 0.4375000000 0.1082531755 0.0000000000
v 0.6875000000 0.3247595264 0.0000000000
v 0.6250000000 0.4330127019 0.0000000000
v 0.3750000000 0.4330127019 0.0000000000
v 0.3125000000 0.3247595264 0.0000000000
v 0.3125000000 0.5412658774 0.0000000000
v 0.6875000000 0.5412658774 0.0000000000
v 0.5625000000 0.7577722283 0.0000000000
v 0.4375000000 0.7577722283 0.0000000000
v 0.1250000000 0.0000000000 0.0000000000
v 0.0625000000 0.1082531755 0.0000000000
v 0.3750000000 0.0000000000 0.0000000000
v 0.1875000000 0.3247595264 0.0000000000
v 0.6250000000 0.0000000000 0.0000000000
v 0.8750000000 0.0000000000 0.0000000000
v 0.9375000000 0.1082531755 0.0000000000
v 0.8125000000 0.3247595264 0.0000000000
v 0.4687500000 0.2706329387 0.0000000000
v 0.5312500000 0.2706329387 0.0000000000
v 0.5000000000 0.3247595264 0.0000000000
v 0.4687500000 0.5953924651 0.0000000000
v 0.5000000000 0.5412658774 0.0000000000
v 0.5312500000 0.5953924651 0.0000000000
v 0.2187500000 0.1623797632 0.0000000000
v 0.2500000000 0.1082531755 0.0000000000
v 0.2812500000 0.1623797632 0.0000000000
v 0.7187500000 0.1623797632 0.0000000000
v 0.7500000000 0.1082531755 0.0000000000
v 0.7812500000 0.1623797632 0.0000000000
v 0.4687500000 0.1623797632 0.0000000000
v 0.5000000000 0.1082531755 0.0000000000
v 0.5312500000 0.1623797632 0.0000000000
v 0.5937500000 0.3788861142 0.0000000000
v 0.6250000000 0.3247595264 0.0000000000
v 0.6562500000 0.3788861142 0.0000000000
v 0.3437500000 0.3788861142 0.0000000000
v 0.3750000000 0.3247595264 0.0000000000
v 0.4062500000 0.3788861142 0.0000000000
v 0.3750000000 0.5412658774 0.0000000000
v 0.3437500000 0.4871392896 0.0000000000
v 0.4062500000 0.4871392896 0.0000000000
v 0.6250000000 0.5412658774 0.0000000000
v 0.5937500000 0.4871392896 0.0000000000
v 0.6562500000 0.4871392896 0.0000000000
v 0.5000000000 0.7577722283 0.0000000000
v 0.4687500000 0.7036456406 0.0000000000
v 0.5312500000 0.7036456406 0.0000000000
v 0.1250000000 0.1082531755 0.0000000000
v 0.0937500000 0.0541265877 0.0000000000
v 0.1562500000 0.0541265877 0.0000000000
v 0.3750000000 0.1082531755 0.0000000000
v 0.3437500000 0.0541265877 0.0000000000
v 0.4062500000 0.0541265877 0.0000000000
v 0.2500000000 0.3247595264 0.0000000000
v 0.2187500000 0.2706329387 0.0000000000
v 0.2812500000 0.2706329387 0.0000000000
v 0.6250000000 0.1082531755 0.0000000000
v 0.5937500000 0.0541265877 0.0000000000
v 0.6562500000 0.0541265877 0.0000000000
v 0.8750000000 0.1082531755 0.0000000000
v 0.8437500000 0.0541265877 0.0000000000
v 0.9062500000 0.0541265877 0.0000000000
v 0.7500000000 0.3247595264 0.0000000000
v 0.7187500000 0.2706329387 0.0000000000
v 0.7812500000 0.2706329387 0.0000000000
v 0.4687500000 0.3788861142 0.0000000000
v 0.5312500000 0.3788861142 0.0000000000
v 0.4062500000 0.2706329387 0.0000000000
v 0.4375000000 0.2165063509 0.0000000000
v 0.5625000000 0.2165063509 0.0000000000
v 0.5937500000 0.2706329387 0.0000000000
v 0.5625000000 0.6495190528 0.0000000000
v 0.5937500000 0.5953924651 0.0000000000
v 0.4375000000 0.6495190528 0.0000000000
v 0.4062500000 0.5953924651 0.0000000000
v 0.4687500000 0.4871392896 0.0000000000
v 0.5312500000 0.4871392896 0.0000000000
v 0.3125000000 0.2165063509 0.0000000000
v 0.3437500000 0.1623797632 0.0000000000
v 0.1875000000 0.2165063509 0.0000000000
v 0.1562500000 0.1623797632 0.0000000000
v 0.2187500000 0.0541265877 0.0000000000
v 0.2812500000 0.0541265877 0.0000000000
v 0.8125000000 0.2165063509 0.0000000000
v 0.8437500000 0.1623797632 0.0000000000
v 0.6875000000 0.2165063509 0.0000000000
v 0.6562500000 0.1623797632 0.0000000000
v 0.7187500000 0.0541265877 0.0000000000
v 0.7812500000 0.0541265877 0.0000000000
v 0.5937500000 0.1623797632 0.0000000000
v 0.4062500000 0.1623797632 0.0000000000
v 0.4687500000 0.0541265877 0.0000000000
v 0.5312500000 0.0541265877 0.0000000000
v 0.6875000000 0.4330127019 0.0000000000
v 0.7187500000 0.3788861142 0.0000000000
v 0.5625000000 0.4330127019 0.0000000000
v 0.6562500000 0.2706329387 0.0000000000
v 0.4375000000 0.4330127019 0.0000000000
v 0.3125000000 0.4330127019 0.0000000000
v 0.2812500000 0.3788861142 0.0000000000
v 0.3437500000 0.2706329387 0.0000000000
v 0.3437500000 0.5953924651 0.0000000000
v 0.2812500000 0.4871392896 0.0000000000
v 0.7187500000 0.4871392896 0.0000000000
v 0.6562500000 0.5953924651 0.0000000000
v 0.5937500000 0.7036456406 0.0000000000
v 0.5312500000 0.8118988160 0.0000000000
v 0.4687500000 0.8118988160 0.0000000000
v 0.4062500000 0.7036456406 0.0000000000
v 0.1875000000 0.0000000000 0.0000000000
v 0.0937500000 0.1623797632 0.0000000000
v 0.0312500000 0.0541265877 0.0000000000
v 0.0625000000 0.0000000000 0.0000000000
v 0.4375000000 0.0000000000 0.0000000000
v 0.3125000000 0.0000000000 0.0000000000
v 0.2187500000 0.3788861142 0.0000000000
v 0.1562500000 0.2706329387 0.0000000000
v 0.6875000000 0.0000000000 0.0000000000
v 0.5625000000 0.0000000000 0.0000000000
v 0.9687500000 0.0541265877 0.0000000000
v 0.9375000000 0.0000000000 0.0000000000
v 0.9062500000 0.1623797632 0.0000000000
v 0.8125000000 0.0000000000 0.0000000000
v 0.8437500000 0.2706329387 0.0000000000
v 0.7812500000 0.3788861142 0.0000000000
v 0.5156250000 0.2976962326 0.0000000000
v 0.4843750000 0.2976962326 0.0000000000
v 0.5000000000 0.2706329387 0.0000000000
v 0.5156250000 0.5683291712 0.0000000000
v 0.5000000000 0.5953924651 0.0000000000
v 0.4843750000 0.5683291712 0.0000000000
v 0.2656250000 0.1353164693 0.0000000000
v 0.2500000000 0.1623797632 0.0000000000
v 0.2343750000 0.1353164693 0.0000000000
v 0.7656250000 0.1353164693 0.0000000000
v 0.7500000000 0.1623797632 0.0000000000
v 0.7343750000 0.1353164693 0.0000000000
v 0.5156250000 0.1353164693 0.0000000000
v 0.5000000000 0.1623797632 0.0000000000
v 0.4843750000 0.1353164693 0.0000000000
v 0.6406250000 0.3518228203 0.0000000000
v 0.6250000000 0.3788861142 0.0000000000
v 0.6093750000 0.3518228203 0.0000000000
v 0.3906250000 0.3518228203 0.0000000000
v 0.3750000000 0.3788861142 0.0000000000
v 0.3593750000 0.3518228203 0.0000000000
v 0.3750000000 0.4871392896 0.0000000000
v 0.3906250000 0.5142025835 0.0000000000
v 0.3593750000 0.5142025835 0.0000000000
v 0.6250000000 0.4871392896 0.0000000000
v 0.6406250000 0.5142025835 0.0000000000
v 0.6093750000 0.5142025835 0.0000000000
v 0.5000000000 0.7036456406 0.0000000000
v 0.5156250000 0.7307089344 0.0000000000
v 0.4843750000 0.7307089344 0.0000000000
v 0.1250000000 0.0541265877 0.0000000000
v 0.1406250000 0.0811898816 0.0000000000
v 0.1093750000 0.0811898816 0.0000000000
v 0.3750000000 0.0541265877 0.0000000000
v 0.3906250000 0.0811898816 0.0000000000
v 0.3593750000 0.0811898816 0.0000000000
v 0.2500000000 0.2706329387 0.0000000000
v 0.2656250000 0.2976962326 0.0000000000
v 0.2343750000 0.2976962326 0.0000000000
v 0.6250000000 0.0541265877 0.0000000000
v 0.6406250000 0.0811898816 0.0000000000
v 0.6093750000 0.0811898816 0.0000000000
v 0.8750000000 0.0541265877 0.0000000000
v 0.8906250000 0.0811898816 0.0000000000
v 0.8593750000 0.0811898816 0.0000000000
v 0.7500000000 0.2706329387 0.0000000000
v 0.7656250000 0.2976962326 0.0000000000
v 0.7343750000 0.2976962326 0.0000000000
v 0.5156250000 0.3518228203 0.0000000000
v 0.5000000000 0.3788861142 0.0000000000
v 0.4843750000 0.3518228203 0.0000000000
v 0.4531250000 0.2435696448 0.0000000000
v 0.4375000000 0.2706329387 0.0000000000
v 0.4218750000 0.2435696448 0.0000000000
v 0.5781250000 0.2435696448 0.0000000000
v 0.5625000000 0.2706329387 0.0000000000
v 0.5468750000 0.2435696448 0.0000000000
v 0.5625000000 0.5953924651 0.0000000000
v 0.5781250000 0.6224557590 0.0000000000
v 0.5468750000 0.6224557590 0.0000000000
v 0.4375000000 0.5953924651 0.0000000000
v 0.4531250000 0.6224557590 0.0000000000
v 0.4218750000 0.6224557590 0.0000000000
v 0.5000000000 0.4871392896 0.0000000000
v 0.5156250000 0.5142025835 0.0000000000
v 0.4843750000 0.5142025835 0.0000000000
v 0.3125000000 0.1623797632 0.0000000000
v 0.3281250000 0.1894430571 0.0000000000
v 0.2968750000 0.1894430571 0.0000000000
v 0.1875000000 0.1623797632 0.0000000000
v 0.2031250000 0.1894430571 0.0000000000
v 0.1718750000 0.1894430571 0.0000000000
v 0.2500000000 0.0541265877 0.0000000000
v 0.2656250000 0.0811898816 0.0000000000
v 0.2343750000 0.0811898816 0.0000000000
v 0.8125000000 0.1623797632 0.0000000000
v 0.8281250000 0.1894430571 0.0000000000
v 0.7968750000 0.1894430571 0.0000000000
v 0.6875000000 0.1623797632 0.0000000000
v 0.7031250000 0.1894430571 0.0000000000
v 0.6718750000 0.1894430571 0.0000000000
v 0.7500000000 0.0541265877 0.0000000000
v 0.7656250000 0.0811898816 0.0000000000
v 0.7343750000 0.0811898816 0.0000000000
v 0.5625000000 0.1623797632 0.0000000000
v 0.5781250000 0.1894430571 0.0000000000
v 0.5468750000 0.1894430571 0.0000000000
v 0.4375000000 0.1623797632 0.0000000000
v 0.4531250000 0.1894430571 0.0000000000
v 0.4218750000 0.1894430571 0.0000000000
v 0.5000000000 0.0541265877 0.0000000000
v 0.5156250000 0.0811898816 0.0000000000
v 0.4843750000 0.0811898816 0.0000000000
v 0.6875000000 0.3788861142 0.0000000000
v 0.7031250000 0.4059494080 0.0000000000
v 0.6718750000 0.4059494080 0.0000000000
v 0.5625000000 0.3788861142 0.0000000000
v 0.5781250000 0.4059494080 0.0000000000
v 0.5468750000 0.4059494080 0.0000000000
v 0.6250000000 0.2706329387 0.0000000000
v 0.6406250000 0.2976962326 0.0000000000
v 0.6093750000 0.2976962326 0.0000000000
v 0.4375000000 0.3788861142 0.0000000000
v 0.4531250000 0.4059494080 0.0000000000
v 0.4218750000 0.4059494080 0.0000000000
v 0.3125000000 0.3788861142 0.0000000000
v 0.3281250000 0.4059494080 0.0000000000
v 0.2968750000 0.4059494080 0.0000000000
v 0.3750000000 0.2706329387 0.0000000000
v 0.3906250000 0.2976962326 0.0000000000
v 0.3593750000 0.2976962326 0.0000000000
v 0.4218750000 0.4600759958 0.0000000000
v 0.4531250000 0.4600759958 0.0000000000
v 0.4375000000 0.4871392896 0.0000000000
v 0.3593750000 0.5683291712 0.0000000000
v 0.3906250000 0.5683291712 0.0000000000
v 0.3750000000 0.5953924651 0.0000000000
v 0.2968750000 0.4600759958 0.0000000000
v 0.3281250000 0.4600759958 0.0000000000
v 0.3125000000 0.4871392896 0.0000000000
v 0.6718750000 0.4600759958 0.0000000000
v 0.7031250000 0.4600759958 0.0000000000
v 0.6875000000 0.4871392896 0.0000000000
v 0.6093750000 0.5683291712 0.0000000000
v 0.6406250000 0.5683291712 0.0000000000
v 0.6250000000 0.5953924651 0.0000000000
v 0.5468750000 0.4600759958 0.0000000000
v 0.5781250000 0.4600759958 0.0000000000
v 0.5625000000 0.4871392896 0.0000000000
v 0.5468750000 0.6765823467 0.0000000000
v 0.5781250000 0.6765823467 0.0000000000
v 0.5625000000 0.7036456406 0.0000000000
v 0.4843750000 0.7848355222 0.0000000000
v 0.5156250000 0.7848355222 0.0000000000
v 0.5000000000 0.8118988160 0.0000000000
v 0.4218750000 0.6765823467 0.0000000000
v 0.4531250000 0.6765823467 0.0000000000
v 0.4375000000 0.7036456406 0.0000000000
v 0.1718750000 0.0270632939 0.0000000000
v 0.2031250000 0.0270632939 0.0000000000
v 0.1875000000 0.0541265877 0.0000000000
v 0.1093750000 0.1353164693 0.0000000000
v 0.1406250000 0.1353164693 0.0000000000
v 0.1250000000 0.1623797632 0.0000000000
v 0.0468750000 0.0270632939 0.0000000000
v 0.0781250000 0.0270632939 0.0000000000
v 0.0625000000 0.0541265877 0.0000000000
v 0.4218750000 0.0270632939 0.0000000000
v 0.4531250000 0.0270632939 0.0000000000
v 0.4375000000 0.0541265877 0.0000000000
v 0.3593750000 0.1353164693 0.0000000000
v 0.3906250000 0.1353164693 0.0000000000
v 0.3750000000 0.1623797632 0.0000000000
v 0.2968750000 0.0270632939 0.0000000000
v 0.3281250000 0.0270632939 0.0000000000
v 0.3125000000 0.0541265877 0.0000000000
v 0.2968750000 0.2435696448 0.0000000000
v 0.3281250000 0.2435696448 0.0000000000
v 0.3125000000 0.2706329387 0.0000000000
v 0.2343750000 0.3518228203 0.0000000000
v 0.2656250000 0.3518228203 0.0000000000
v 0.2500000000 0.3788861142 0.0000000000
v 0.1718750000 0.2435696448 0.0000000000
v 0.2031250000 0.2435696448 0.0000000000
v 0.1875000000 0.2706329387 0.0000000000
v 0.6718750000 0.0270632939 0.0000000000
v 0.7031250000 0.0270632939 0.0000000000
v 0.6875000000 0.0541265877 0.0000000000
v 0.6093750000 0.1353164693 0.0000000000
v 0.6406250000 0.1353164693 0.0000000000
v 0.6250000000 0.1623797632 0.0000000000
v 0.5468750000 0.0270632939 0.0000000000
v 0.5781250000 0.0270632939 0.0000000000
v 0.5625000000 0.0541265877 0.0000000000
v 0.9218750000 0.0270632939 0.0000000000
v 0.9531250000 0.0270632939 0.0000000000
v 0.9375000000 0.0541265877 0.0000000000
v 0.8593750000 0.1353164693 0.0000000000
v 0.8906250000 0.1353164693 0.0000000000
v 0.8750000000 0.1623797632 0.0000000000
v 0.7968750000 0.0270632939 0.0000000000
v 0.8281250000 0.0270632939 0.0000000000
v 0.8125000000 0.0541265877 0.0000000000
v 0.7968750000 0.2435696448 0.0000000000
v 0.8281250000 0.2435696448 0.0000000000
v 0.8125000000 0.2706329387 0.0000000000
v 0.7343750000 0.3518228203 0.0000000000
v 0.7656250000 0.3518228203 0.0000000000
v 0.7500000000 0.3788861142 0.0000000000
v 0.6718750000 0.2435696448 0.0000000000
v 0.7031250000 0.2435696448 0.0000000000
v 0.6875000000 0.2706329387 0.0000000000
v 0.5156250000 0.2435696448 0.0000000000
v 0.4843750000 0.2435696448 0.0000000000
v 0.5468750000 0.2976962326 0.0000000000
v 0.5312500000 0.3247595264 0.0000000000
v 0.4687500000 0.3247595264 0.0000000000
v 0.4531250000 0.2976962326 0.0000000000
v 0.4687500000 0.5412658774 0.0000000000
v 0.4531250000 0.5683291712 0.0000000000
v 0.5312500000 0.5412658774 0.0000000000
v 0.5468750000 0.5683291712 0.0000000000
v 0.5156250000 0.6224557590 0.0000000000
v 0.4843750000 0.6224557590 0.0000000000
v 0.2187500000 0.1082531755 0.0000000000
v 0.2031250000 0.1353164693 0.0000000000
v 0.2812500000 0.1082531755 0.0000000000
v 0.2968750000 0.1353164693 0.0000000000
v 0.2656250000 0.1894430571 0.0000000000
v 0.2343750000 0.1894430571 0.0000000000
v 0.7187500000 0.1082531755 0.0000000000
v 0.7031250000 0.1353164693 0.0000000000
v 0.7812500000 0.1082531755 0.0000000000
v 0.7968750000 0.1353164693 0.0000000000
v 0.7656250000 0.1894430571 0.0000000000
v 0.7343750000 0.1894430571 0.0000000000
v 0.4687500000 0.1082531755 0.0000000000
v 0.4531250000 0.1353164693 0.0000000000
v 0.5312500000 0.1082531755 0.0000000000
v 0.5468750000 0.1353164693 0.0000000000
v 0.5156250000 0.1894430571 0.0000000000
v 0.4843750000 0.1894430571 0.0000000000
v 0.5937500000 0.3247595264 0.0000000000
v 0.5781250000 0.3518228203 0.0000000000
v 0.6562500000 0.3247595264 0.0000000000
v 0.6718750000 0.3518228203 0.0000000000
v 0.6406250000 0.4059494080 0.0000000000
v 0.6093750000 0.4059494080 0.0000000000
v 0.3437500000 0.3247595264 0.0000000000
v 0.3281250000 0.3518228203 0.0000000000
v 0.4062500000 0.3247595264 0.0000000000
v 0.4218750000 0.3518228203 0.0000000000
v 0.3906250000 0.4059494080 0.0000000000
v 0.3593750000 0.4059494080 0.0000000000
v 0.3281250000 0.5142025835 0.0000000000
v 0.3437500000 0.5412658774 0.0000000000
v 0.3593750000 0.4600759958 0.0000000000
v 0.3906250000 0.4600759958 0.0000000000
v 0.4218750000 0.5142025835 0.0000000000
v 0.4062500000 0.5412658774 0.0000000000
v 0.5781250000 0.5142025835 0.0000000000
v 0.5937500000 0.5412658774 0.0000000000
v 0.6093750000 0.4600759958 0.0000000000
v 0.6406250000 0.4600759958 0.0000000000
v 0.6718750000 0.5142025835 0.0000000000
v 0.6562500000 0.5412658774 0.0000000000
v 0.4531250000 0.7307089344 0.0000000000
v 0.4687500000 0.7577722283 0.0000000000
v 0.4843750000 0.6765823467 0.0000000000
v 0.5156250000 0.6765823467 0.0000000000
v 0.5468750000 0.7307089344 0.0000000000
v 0.5312500000 0.7577722283 0.0000000000
v 0.0781250000 0.0811898816 0.0000000000
v 0.0937500000 0.1082531755 0.0000000000
v 0.1093750000 0.0270632939 0.0000000000
v 0.1406250000 0.0270632939 0.0000000000
v 0.1718750000 0.0811898816 0.0000000000
v 0.1562500000 0.1082531755 0.0000000000
v 0.3281250000 0.0811898816 0.0000000000
v 0.3437500000 0.1082531755 0.0000000000
v 0.3593750000 0.0270632939 0.0000000000
v 0.3906250000 0.0270632939 0.0000000000
v 0.4218750000 0.0811898816 0.0000000000
v 0.4062500000 0.1082531755 0.0000000000
v 0.2031250000 0.2976962326 0.0000000000
v 0.2187500000 0.3247595264 0.0000000000
v 0.2343750000 0.2435696448 0.0000000000
v 0.2656250000 0.2435696448 0.0000000000
v 0.2968750000 0.2976962326 0.0000000000
v 0.2812500000 0.3247595264 0.0000000000
v 0.5781250000 0.0811898816 0.0000000000
v 0.5937500000 0.1082531755 0.0000000000
v 0.6093750000 0.0270632939 0.0000000000
v 0.6406250000 0.0270632939 0.0000000000
v 0.6718750000 0.0811898816 0.0000000000
v 0.6562500000 0.1082531755 0.0000000000
v 0.8281250000 0.0811898816 0.0000000000
v 0.8437500000 0.1082531755 0.0000000000
v 0.8593750000 0.0270632939 0.0000000000
v 0.8906250000 0.0270632939 0.0000000000
v 0.9218750000 0.0811898816 0.0000000000
v 0.9062500000 0.1082531755 0.0000000000
v 0.7031250000 0.2976962326 0.0000000000
v 0.7187500000 0.3247595264 0.0000000000
v 0.7343750000 0.2435696448 0.0000000000
v 0.7656250000 0.2435696448 0.0000000000
v 0.7968750000 0.2976962326 0.0000000000
v 0.7812500000 0.3247595264 0.0000000000
v 0.4531250000 0.3518228203 0.0000000000
v 0.5468750000 0.3518228203 0.0000000000
v 0.5156250000 0.4059494080 0.0000000000
v 0.4843750000 0.4059494080 0.0000000000
v 0.4062500000 0.2165063509 0.0000000000
v 0.3906250000 0.2435696448 0.0000000000
v 0.4687500000 0.2165063509 0.0000000000
v 0.4218750000 0.2976962326 0.0000000000
v 0.5312500000 0.2165063509 0.0000000000
v 0.5937500000 0.2165063509 0.0000000000
v 0.6093750000 0.2435696448 0.0000000000
v 0.5781250000 0.2976962326 0.0000000000
v 0.5312500000 0.6495190528 0.0000000000
v 0.5781250000 0.5683291712 0.0000000000
v 0.6093750000 0.6224557590 0.0000000000
v 0.5937500000 0.6495190528 0.0000000000
v 0.3906250000 0.6224557590 0.0000000000
v 0.4062500000 0.6495190528 0.0000000000
v 0.4218750000 0.5683291712 0.0000000000
v 0.4687500000 0.6495190528 0.0000000000
v 0.4531250000 0.5142025835 0.0000000000
v 0.4843750000 0.4600759958 0.0000000000
v 0.5156250000 0.4600759958 0.0000000000
v 0.5468750000 0.5142025835 0.0000000000
v 0.2812500000 0.2165063509 0.0000000000
v 0.3281250000 0.1353164693 0.0000000000
v 0.3593750000 0.1894430571 0.0000000000
v 0.3437500000 0.2165063509 0.0000000000
v 0.1406250000 0.1894430571 0.0000000000
v 0.1562500000 0.2165063509 0.0000000000
v 0.1718750000 0.1353164693 0.0000000000
v 0.2187500000 0.2165063509 0.0000000000
v 0.2031250000 0.0811898816 0.0000000000
v 0.2343750000 0.0270632939 0.0000000000
v 0.2656250000 0.0270632939 0.0000000000
v 0.2968750000 0.0811898816 0.0000000000
v 0.7812500000 0.2165063509 0.0000000000
v 0.8281250000 0.1353164693 0.0000000000
v 0.8593750000 0.1894430571 0.0000000000
v 0.8437500000 0.2165063509 0.0000000000
v 0.6406250000 0.1894430571 0.0000000000
v 0.6562500000 0.2165063509 0.0000000000
v 0.6718750000 0.1353164693 0.0000000000
v 0.7187500000 0.2165063509 0.0000000000
v 0.7031250000 0.0811898816 0.0000000000
v 0.7343750000 0.0270632939 0.0000000000
v 0.7656250000 0.0270632939 0.0000000000
v 0.7968750000 0.0811898816 0.0000000000
v 0.5781250000 0.1353164693 0.0000000000
v 0.6093750000 0.1894430571 0.0000000000
v 0.3906250000 0.1894430571 0.0000000000
v 0.4218750000 0.1353164693 0.0000000000
v 0.4531250000 0.0811898816 0.0000000000
v 0.4843750000 0.0270632939 0.0000000000
v 0.5156250000 0.0270632939 0.0000000000
v 0.5468750000 0.0811898816 0.0000000000
v 0.6562500000 0.4330127019 0.0000000000
v 0.7031250000 0.3518228203 0.0000000000
v 0.7343750000 0.4059494080 0.0000000000
v 0.7187500000 0.4330127019 0.0000000000
v 0.5312500000 0.4330127019 0.0000000000
v 0.5937500000 0.4330127019 0.0000000000
v 0.6406250000 0.2435696448 0.0000000000
v 0.6718750000 0.2976962326 0.0000000000
v 0.4062500000 0.4330127019 0.0000000000
v 0.4687500000 0.4330127019 0.0000000000
v 0.2656250000 0.4059494080 0.0000000000
v 0.2812500000 0.4330127019 0.0000000000
v 0.2968750000 0.3518228203 0.0000000000
v 0.3437500000 0.4330127019 0.0000000000
v 0.3281250000 0.2976962326 0.0000000000
v 0.3593750000 0.2435696448 0.0000000000
v 0.3593750000 0.6224557590 0.0000000000
v 0.3281250000 0.5683291712 0.0000000000
v 0.2968750000 0.5142025835 0.0000000000
v 0.2656250000 0.4600759958 0.0000000000
v 0.7031250000 0.5142025835 0.0000000000
v 0.7343750000 0.4600759958 0.0000000000
v 0.6406250000 0.6224557590 0.0000000000
v 0.6718750000 0.5683291712 0.0000000000
v 0.5781250000 0.7307089344 0.0000000000
v 0.6093750000 0.6765823467 0.0000000000
v 0.4843750000 0.8389621099 0.0000000000
v 0.5156250000 0.8389621099 0.0000000000
v 0.4531250000 0.7848355222 0.0000000000
v 0.5468750000 0.7848355222 0.0000000000
v 0.4218750000 0.7307089344 0.0000000000
v 0.3906250000 0.6765823467 0.0000000000
v 0.1562500000 0.0000000000 0.0000000000
v 0.2187500000 0.0000000000 0.0000000000
v 0.1093750000 0.1894430571 0.0000000000
v 0.0781250000 0.1353164693 0.0000000000
v 0.0468750000 0.0811898816 0.0000000000
v 0.0156250000 0.0270632939 0.0000000000
v 0.0312500000 0.0000000000 0.0000000000
v 0.0937500000 0.0000000000 0.0000000000
v 0.4062500000 0.0000000000 0.0000000000
v 0.4687500000 0.0000000000 0.0000000000
v 0.2812500000 0.0000000000 0.0000000000
v 0.3437500000 0.0000000000 0.0000000000
v 0.2343750000 0.4059494080 0.0000000000
v 0.2031250000 0.3518228203 0.0000000000
v 0.1718750000 0.2976962326 0.0000000000
v 0.1406250000 0.2435696448 0.0000000000
v 0.6562500000 0.0000000000 0.0000000000
v 0.7187500000 0.0000000000 0.0000000000
v 0.5312500000 0.0000000000 0.0000000000
v 0.5937500000 0.0000000000 0.0000000000
v 0.9531250000 0.0811898816 0.0000000000
v 0.9062500000 0.0000000000 0.0000000000
v 0.9687500000 0.0000000000 0.0000000000
v 0.9843750000 0.0270632939 0.0000000000
v 0.8906250000 0.1894430571 0.0000000000
v 0.9218750000 0.1353164693 0.0000000000
v 0.7812500000 0.0000000000 0.0000000000
v 0.8437500000 0.0000000000 0.0000000000
v 0.8281250000 0.2976962326 0.0000000000
v 0.8593750000 0.2435696448 0.0000000000
v 0.7656250000 0.4059494080 0.0000000000
v 0.7968750000 0.3518228203 0.0000000000
v 0.4921875000 0.2841645856 0.0000000000
v 0.5078125000 0.2841645856 0.0000000000
v 0.5000000000 0.2976962326 0.0000000000
v 0.4921875000 0.5818608182 0.0000000000
v 0.5000000000 0.5683291712 0.0000000000
v 0.5078125000 0.5818608182 0.0000000000
v 0.2421875000 0.1488481163 0.0000000000
v 0.2500000000 0.1353164693 0.0000000000
v 0.2578125000 0.1488481163 0.0000000000
v 0.7421875000 0.1488481163 0.0000000000
v 0.7500000000 0.1353164693 0.0000000000
v 0.7578125000 0.1488481163 0.0000000000
v 0.4921875000 0.1488481163 0.0000000000
v 0.5000000000 0.1353164693 0.0000000000
v 0.5078125000 0.1488481163 0.0000000000
v 0.6171875000 0.3653544672 0.0000000000
v 0.6250000000 0.3518228203 0.0000000000
v 0.6328125000 0.3653544672 0.0000000000
v 0.3671875000 0.3653544672 0.0000000000
v 0.3750000000 0.3518228203 0.0000000000
v 0.3828125000 0.3653544672 0.0000000000
v 0.3750000000 0.5142025835 0.0000000000
v 0.3671875000 0.5006709366 0.0000000000
v 0.3828125000 0.5006709366 0.0000000000
v 0.6250000000 0.5142025835 0.0000000000
v 0.6171875000 0.5006709366 0.0000000000
v 0.6328125000 0.5006709366 0.0000000000
v 0.5000000000 0.7307089344 0.0000000000
v 0.4921875000 0.7171772875 0.0000000000
v 0.5078125000 0.7171772875 0.0000000000
v 0.1250000000 0.0811898816 0.0000000000
v 0.1171875000 0.0676582347 0.0000000000
v 0.1328125000 0.0676582347 0.0000000000
v 0.3750000000 0.0811898816 0.0000000000
v 0.3671875000 0.0676582347 0.0000000000
v 0.3828125000 0.0676582347 0.0000000000
v 0.2500000000 0.2976962326 0.0000000000
v 0.2421875000 0.2841645856 0.0000000000
v 0.2578125000 0.2841645856 0.0000000000
v 0.6250000000 0.0811898816 0.0000000000
v 0.6171875000 0.0676582347 0.0000000000
v 0.6328125000 0.0676582347 0.0000000000
v 0.8750000000 0.0811898816 0.0000000000
v 0.8671875000 0.0676582347 0.0000000000
v 0.8828125000 0.0676582347 0.0000000000
v 0.7500000000 0.2976962326 0.0000000000
v 0.7421875000 0.2841645856 0.0000000000
v 0.7578125000 0.2841645856 0.0000000000
v 0.4921875000 0.3653544672 0.0000000000
v 0.5000000000 0.3518228203 0.0000000000
v 0.5078125000 0.3653544672 0.0000000000
v 0.4296875000 0.2571012917 0.0000000000
v 0.4375000000 0.2435696448 0.0000000000
v 0.4453125000 0.2571012917 0.0000000000
v 0.5546875000 0.2571012917 0.0000000000
v 0.5625000000 0.2435696448 0.0000000000
v 0.5703125000 0.2571012917 0.0000000000
v 0.5625000000 0.6224557590 0.0000000000
v 0.5546875000 0.6089241120 0.0000000000
v 0.5703125000 0.6089241120 0.0000000000
v 0.4375000000 0.6224557590 0.0000000000
v 0.4296875000 0.6089241120 0.0000000000
v 0.4453125000 0.6089241120 0.0000000000
v 0.5000000000 0.5142025835 0.0000000000
v 0.4921875000 0.5006709366 0.0000000000
v 0.5078125000 0.5006709366 0.0000000000
v 0.3125000000 0.1894430571 0.0000000000
v 0.3046875000 0.1759114101 0.0000000000
v 0.3203125000 0.1759114101 0.0000000000
v 0.1875000000 0.1894430571 0.0000000000
v 0.1796875000 0.1759114101 0.0000000000
v 0.1953125000 0.1759114101 0.0000000000
v 0.2500000000 0.0811898816 0.0000000000
v 0.2421875000 0.0676582347 0.0000000000
v 0.2578125000 0.0676582347 0.0000000000
v 0.8125000000 0.1894430571 0.0000000000
v 0.8046875000 0.1759114101 0.0000000000
v 0.8203125000 0.1759114101 0.0000000000
v 0.6875000000 0.1894430571 0.0000000000
v 0.6796875000 0.1759114101 0.0000000000
v 0.6953125000 0.1759114101 0.0000000000
v 0.7500000000 0.0811898816 0.0000000000
v 0.7421875000 0.0676582347 0.0000000000
v 0.7578125000 0.0676582347 0.0000000000
v 0.5625000000 0.1894430571 0.0000000000
v 0.5546875000 0.1759114101 0.0000000000
v 0.5703125000 0.1759114101 0.0000000000
v 0.4375000000 0.1894430571 0.0000000000
v 0.4296875000 0.1759114101 0.0000000000
v 0.4453125000 0.1759114101 0.0000000000
v 0.5000000000 0.0811898816 0.0000000000
v 0.4921875000 0.0676582347 0.0000000000
v 0.5078125000 0.0676582347 0.0000000000
v 0.6875000000 0.4059494080 0.0000000000
v 0.6796875000 0.3924177611 0.0000000000
v 0.6953125000 0.3924177611 0.0000000000
v 0.5625000000 0.4059494080 0.0000000000
v 0.5546875000 0.3924177611 0.0000000000
v 0.5703125000 0.3924177611 0.0000000000
v 0.6250000000 0.2976962326 0.0000000000
v 0.6171875000 0.2841645856 0.0000000000
v 0.6328125000 0.2841645856 0.0000000000
v 0.4375000000 0.4059494080 0.0000000000
v 0.4296875000 0.3924177611 0.0000000000
v 0.4453125000 0.3924177611 0.0000000000
v 0.3125000000 0.4059494080 0.0000000000
v 0.3046875000 0.3924177611 0.0000000000
v 0.3203125000 0.3924177611 0.0000000000
v 0.3750000000 0.2976962326 0.0000000000
v 0.3671875000 0.2841645856 0.0000000000
v 0.3828125000 0.2841645856 0.0000000000
v 0.4453125000 0.4736076427 0.0000000000
v 0.4296875000 0.4736076427 0.0000000000
v 0.4375000000 0.4600759958 0.0000000000
v 0.3828125000 0.5818608182 0.0000000000
v 0.3671875000 0.5818608182 0.0000000000
v 0.3750000000 0.5683291712 0.0000000000
v 0.3203125000 0.4736076427 0.0000000000
v 0.3046875000 0.4736076427 0.0000000000
v 0.3125000000 0.4600759958 0.0000000000
v 0.6953125000 0.4736076427 0.0000000000
v 0.6796875000 0.4736076427 0.0000000000
v 0.6875000000 0.4600759958 0.0000000000
v 0.6328125000 0.5818608182 0.0000000000
v 0.6171875000 0.5818608182 0.0000000000
v 0.6250000000 0.5683291712 0.0000000000
v 0.5703125000 0.4736076427 0.0000000000
v 0.5546875000 0.4736076427 0.0000000000
v 0.5625000000 0.4600759958 0.0000000000
v 0.5703125000 0.6901139936 0.0000000000
v 0.5546875000 0.6901139936 0.0000000000
v 0.5625000000 0.6765823467 0.0000000000
v 0.5078125000 0.7983671691 0.0000000000
v 0.4921875000 0.7983671691 0.0000000000
v 0.5000000000 0.7848355222 0.0000000000
v 0.4453125000 0.6901139936 0.0000000000
v 0.4296875000 0.6901139936 0.0000000000
v 0.4375000000 0.6765823467 0.0000000000
v 0.1953125000 0.0405949408 0.0000000000
v 0.1796875000 0.0405949408 0.0000000000
v 0.1875000000 0.0270632939 0.0000000000
v 0.1328125000 0.1488481163 0.0000000000
v 0.1171875000 0.1488481163 0.0000000000
v 0.1250000000 0.1353164693 0.0000000000
v 0.0703125000 0.0405949408 0.0000000000
v 0.0546875000 0.0405949408 0.0000000000
v 0.0625000000 0.0270632939 0.0000000000
v 0.4453125000 0.0405949408 0.0000000000
v 0.4296875000 0.0405949408 0.0000000000
v 0.4375000000 0.0270632939 0.0000000000
v 0.3828125000 0.1488481163 0.0000000000
v 0.3671875000 0.1488481163 0.0000000000
v 0.3750000000 0.1353164693 0.0000000000
v 0.3203125000 0.0405949408 0.0000000000
v 0.3046875000 0.0405949408 0.0000000000
v 0.3125000000 0.0270632939 0.0000000000
v 0.3203125000 0.2571012917 0.0000000000
v 0.3046875000 0.2571012917 0.0000000000
v 0.3125000000 0.2435696448 0.0000000000
v 0.2578125000 0.3653544672 0.0000000000
v 0.2421875000 0.3653544672 0.0000000000
v 0.2500000000 0.3518228203 0.0000000000
v 0.1953125000 0.2571012917 0.0000000000
v 0.1796875000 0.2571012917 0.0000000000
v 0.1875000000 0.2435696448 0.0000000000
v 0.6953125000 0.0405949408 0.0000000000
v 0.6796875000 0.0405949408 0.0000000000
v 0.6875000000 0.0270632939 0.0000000000
v 0.6328125000 0.1488481163 0.0000000000
v 0.6171875000 0.1488481163 0.0000000000
v 0.6250000000 0.1353164693 0.0000000000
v 0.5703125000 0.0405949408 0.0000000000
v 0.5546875000 0.0405949408 0.0000000000
v 0.5625000000 0.0270632939 0.0000000000
v 0.9453125000 0.0405949408 0.0000000000
v 0.9296875000 0.0405949408 0.0000000000
v 0.9375000000 0.0270632939 0.0000000000
v 0.8828125000 0.1488481163 0.0000000000
v 0.8671875000 0.1488481163 0.0000000000
v 0.8750000000 0.1353164693 0.0000000000
v 0.8203125000 0.0405949408 0.0000000000
v 0.8046875000 0.0405949408 0.0000000000
v 0.8125000000 0.0270632939 0.0000000000
v 0.8203125000 0.2571012917 0.0000000000
v 0.8046875000 0.2571012917 0.0000000000
v 0.8125000000 0.2435696448 0.0000000000
v 0.7578125000 0.3653544672 0.0000000000
v 0.7421875000 0.3653544672 0.0000000000
v 0.7500000000 0.3518228203 0.0000000000
v 0.6953125000 0.2571012917 0.0000000000
v 0.6796875000 0.2571012917 0.0000000000
v 0.6875000000 0.2435696448 0.0000000000
v 0.4921875000 0.2571012917 0.0000000000
v 0.5000000000 0.2435696448 0.0000000000
v 0.5078125000 0.2571012917 0.0000000000
v 0.5234375000 0.3112278795 0.0000000000
v 0.5312500000 0.2976962326 0.0000000000
v 0.5390625000 0.3112278795 0.0000000000
v 0.4609375000 0.3112278795 0.0000000000
v 0.4687500000 0.2976962326 0.0000000000
v 0.4765625000 0.3112278795 0.0000000000
v 0.4687500000 0.5683291712 0.0000000000
v 0.4609375000 0.5547975243 0.0000000000
v 0.4765625000 0.5547975243 0.0000000000
v 0.5312500000 0.5683291712 0.0000000000
v 0.5234375000 0.5547975243 0.0000000000
v 0.5390625000 0.5547975243 0.0000000000
v 0.5000000000 0.6224557590 0.0000000000
v 0.4921875000 0.6089241120 0.0000000000
v 0.5078125000 0.6089241120 0.0000000000
v 0.2187500000 0.1353164693 0.0000000000
v 0.2109375000 0.1217848224 0.0000000000
v 0.2265625000 0.1217848224 0.0000000000
v 0.2812500000 0.1353164693 0.0000000000
v 0.2734375000 0.1217848224 0.0000000000
v 0.2890625000 0.1217848224 0.0000000000
v 0.2500000000 0.1894430571 0.0000000000
v 0.2421875000 0.1759114101 0.0000000000
v 0.2578125000 0.1759114101 0.0000000000
v 0.7187500000 0.1353164693 0.0000000000
v 0.7109375000 0.1217848224 0.0000000000
v 0.7265625000 0.1217848224 0.0000000000
v 0.7812500000 0.1353164693 0.0000000000
v 0.7734375000 0.1217848224 0.0000000000
v 0.7890625000 0.1217848224 0.0000000000
v 0.7500000000 0.1894430571 0.0000000000
v 0.7421875000 0.1759114101 0.0000000000
v 0.7578125000 0.1759114101 0.0000000000
v 0.4687500000 0.1353164693 0.0000000000
v 0.4609375000 0.1217848224 0.0000000000
v 0.4765625000 0.1217848224 0.0000000000
v 0.5312500000 0.1353164693 0.0000000000
v 0.5234375000 0.1217848224 0.0000000000
v 0.5390625000 0.1217848224 0.0000000000
v 0.5000000000 0.1894430571 0.0000000000
v 0.4921875000 0.1759114101 0.0000000000
v 0.5078125000 0.1759114101 0.0000000000
v 0.5937500000 0.3518228203 0.0000000000
v 0.5859375000 0.3382911734 0.0000000000
v 0.6015625000 0.3382911734 0.0000000000
v 0.6562500000 0.3518228203 0.0000000000
v 0.6484375000 0.3382911734 0.0000000000
v 0.6640625000 0.3382911734 0.0000000000
v 0.6250000000 0.4059494080 0.0000000000
v 0.6171875000 0.3924177611 0.0000000000
v 0.6328125000 0.3924177611 0.0000000000
v 0.3437500000 0.3518228203 0.0000000000
v 0.3359375000 0.3382911734 0.0000000000
v 0.3515625000 0.3382911734 0.0000000000
v 0.4062500000 0.3518228203 0.0000000000
v 0.3984375000 0.3382911734 0.0000000000
v 0.4140625000 0.3382911734 0.0000000000
v 0.3750000000 0.4059494080 0.0000000000
v 0.3671875000 0.3924177611 0.0000000000
v 0.3828125000 0.3924177611 0.0000000000
v 0.3515625000 0.5277342304 0.0000000000
v 0.3359375000 0.5277342304 0.0000000000
v 0.3437500000 0.5142025835 0.0000000000
v 0.3828125000 0.4736076427 0.0000000000
v 0.3671875000 0.4736076427 0.0000000000
v 0.3750000000 0.4600759958 0.0000000000
v 0.4140625000 0.5277342304 0.0000000000
v 0.3984375000 0.5277342304 0.0000000000
v 0.4062500000 0.5142025835 0.0000000000
v 0.6015625000 0.5277342304 0.0000000000
v 0.5859375000 0.5277342304 0.0000000000
v 0.5937500000 0.5142025835 0.0000000000
v 0.6328125000 0.4736076427 0.0000000000
v 0.6171875000 0.4736076427 0.0000000000
v 0.6250000000 0.4600759958 0.0000000000
v 0.6640625000 0.5277342304 0.0000000000
v 0.6484375000 0.5277342304 0.0000000000
v 0.6562500000 0.5142025835 0.0000000000
v 0.4765625000 0.7442405814 0.0000000000
v 0.4609375000 0.7442405814 0.0000000000
v 0.4687500000 0.7307089344 0.0000000000
v 0.5078125000 0.6901139936 0.0000000000
v 0.4921875000 0.6901139936 0.0000000000
v 0.5000000000 0.6765823467 0.0000000000
v 0.5390625000 0.7442405814 0.0000000000
v 0.5234375000 0.7442405814 0.0000000000
v 0.5312500000 0.7307089344 0.0000000000
v 0.1015625000 0.0947215285 0.0000000000
v 0.0859375000 0.0947215285 0.0000000000
v 0.0937500000 0.0811898816 0.0000000000
v 0.1328125000 0.0405949408 0.0000000000
v 0.1171875000 0.0405949408 0.0000000000
v 0.1250000000 0.0270632939 0.0000000000
v 0.1640625000 0.0947215285 0.0000000000
v 0.1484375000 0.0947215285 0.0000000000
v 0.1562500000 0.0811898816 0.0000000000
v 0.3515625000 0.0947215285 0.0000000000
v 0.3359375000 0.0947215285 0.0000000000
v 0.3437500000 0.0811898816 0.0000000000
v 0.3828125000 0.0405949408 0.0000000000
v 0.3671875000 0.0405949408 0.0000000000
v 0.3750000000 0.0270632939 0.0000000000
v 0.4140625000 0.0947215285 0.0000000000
v 0.3984375000 0.0947215285 0.0000000000
v 0.4062500000 0.0811898816 0.0000000000
v 0.2265625000 0.3112278795 0.0000000000
v 0.2109375000 0.3112278795 0.0000000000
v 0.2187500000 0.2976962326 0.0000000000
v 0.2578125000 0.2571012917 0.0000000000
v 0.2421875000 0.2571012917 0.0000000000
v 0.2500000000 0.2435696448 0.0000000000
v 0.2890625000 0.3112278795 0.0000000000
v 0.2734375000 0.3112278795 0.0000000000
v 0.2812500000 0.2976962326 0.0000000000
v 0.6015625000 0.0947215285 0.0000000000
v 0.5859375000 0.0947215285 0.0000000000
v 0.5937500000 0.0811898816 0.0000000000
v 0.6328125000 0.0405949408 0.0000000000
v 0.6171875000 0.0405949408 0.0000000000
v 0.6250000000 0.0270632939 0.0000000000
v 0.6640625000 0.0947215285 0.0000000000
v 0.6484375000 0.0947215285 0.0000000000
v 0.6562500000 0.0811898816 0.0000000000
v 0.8515625000 0.0947215285 0.0000000000
v 0.8359375000 0.0947215285 0.0000000000
v 0.8437500000 0.0811898816 0.0000000000
v 0.8828125000 0.0405949408 0.0000000000
v 0.8671875000 0.0405949408 0.0000000000
v 0.8750000000 0.0270632939 0.0000000000
v 0.9140625000 0.0947215285 0.0000000000
v 0.8984375000 0.0947215285 0.0000000000
v 0.9062500000 0.0811898816 0.0000000000
v 0.7265625000 0.3112278795 0.0000000000
v 0.7109375000 0.3112278795 0.0000000000
v 0.7187500000 0.2976962326 0.0000000000
v 0.7578125000 0.2571012917 0.0000000000
v 0.7421875000 0.2571012917 0.0000000000
v 0.7500000000 0.2435696448 0.0000000000
v 0.7890625000 0.3112278795 0.0000000000
v 0.7734375000 0.3112278795 0.0000000000
v 0.7812500000 0.2976962326 0.0000000000
v 0.4687500000 0.3518228203 0.0000000000
v 0.4609375000 0.3382911734 0.0000000000
v 0.4765625000 0.3382911734 0.0000000000
v 0.5312500000 0.3518228203 0.0000000000
v 0.5234375000 0.3382911734 0.0000000000
v 0.5390625000 0.3382911734 0.0000000000
v 0.5000000000 0.4059494080 0.0000000000
v 0.4921875000 0.3924177611 0.0000000000
v 0.5078125000 0.3924177611 0.0000000000
v 0.4062500000 0.2435696448 0.0000000000
v 0.3984375000 0.2300379979 0.0000000000
v 0.4140625000 0.2300379979 0.0000000000
v 0.4687500000 0.2435696448 0.0000000000
v 0.4609375000 0.2300379979 0.0000000000
v 0.4765625000 0.2300379979 0.0000000000
v 0.4375000000 0.2976962326 0.0000000000
v 0.4296875000 0.2841645856 0.0000000000
v 0.4453125000 0.2841645856 0.0000000000
v 0.5312500000 0.2435696448 0.0000000000
v 0.5234375000 0.2300379979 0.0000000000
v 0.5390625000 0.2300379979 0.0000000000
v 0.5937500000 0.2435696448 0.0000000000
v 0.5859375000 0.2300379979 0.0000000000
v 0.6015625000 0.2300379979 0.0000000000
v 0.5625000000 0.2976962326 0.0000000000
v 0.5546875000 0.2841645856 0.0000000000
v 0.5703125000 0.2841645856 0.0000000000
v 0.5390625000 0.6359874059 0.0000000000
v 0.5234375000 0.6359874059 0.0000000000
v 0.5312500000 0.6224557590 0.0000000000
v 0.5703125000 0.5818608182 0.0000000000
v 0.5546875000 0.5818608182 0.0000000000
v 0.5625000000 0.5683291712 0.0000000000
v 0.6015625000 0.6359874059 0.0000000000
v 0.5859375000 0.6359874059 0.0000000000
v 0.5937500000 0.6224557590 0.0000000000
v 0.4140625000 0.6359874059 0.0000000000
v 0.3984375000 0.6359874059 0.0000000000
v 0.4062500000 0.6224557590 0.0000000000
v 0.4453125000 0.5818608182 0.0000000000
v 0.4296875000 0.5818608182 0.0000000000
v 0.4375000000 0.5683291712 0.0000000000
v 0.4765625000 0.6359874059 0.0000000000
v 0.4609375000 0.6359874059 0.0000000000
v 0.4687500000 0.6224557590 0.0000000000
v 0.4765625000 0.5277342304 0.0000000000
v 0.4609375000 0.5277342304 0.0000000000
v 0.4687500000 0.5142025835 0.0000000000
v 0.5078125000 0.4736076427 0.0000000000
v 0.4921875000 0.4736076427 0.0000000000
v 0.5000000000 0.4600759958 0.0000000000
v 0.5390625000 0.5277342304 0.0000000000
v 0.5234375000 0.5277342304 0.0000000000
v 0.5312500000 0.5142025835 0.0000000000
v 0.2890625000 0.2029747040 0.0000000000
v 0.2734375000 0.2029747040 0.0000000000
v 0.2812500000 0.1894430571 0.0000000000
v 0.3203125000 0.1488481163 0.0000000000
v 0.3046875000 0.1488481163 0.0000000000
v 0.3125000000 0.1353164693 0.0000000000
v 0.3515625000 0.2029747040 0.0000000000
v 0.3359375000 0.2029747040 0.0000000000
v 0.3437500000 0.1894430571 0.0000000000
v 0.1640625000 0.2029747040 0.0000000000
v 0.1484375000 0.2029747040 0.0000000000
v 0.1562500000 0.1894430571 0.0000000000
v 0.1953125000 0.1488481163 0.0000000000
v 0.1796875000 0.1488481163 0.0000000000
v 0.1875000000 0.1353164693 0.0000000000
v 0.2265625000 0.2029747040 0.0000000000
v 0.2109375000 0.2029747040 0.0000000000
v 0.2187500000 0.1894430571 0.0000000000
v 0.2265625000 0.0947215285 0.0000000000
v 0.2109375000 0.0947215285 0.0000000000
v 0.2187500000 0.0811898816 0.0000000000
v 0.2578125000 0.0405949408 0.0000000000
v 0.2421875000 0.0405949408 0.0000000000
v 0.2500000000 0.0270632939 0.0000000000
v 0.2890625000 0.0947215285 0.0000000000
v 0.2734375000 0.0947215285 0.0000000000
v 0.2812500000 0.0811898816 0.0000000000
v 0.7890625000 0.2029747040 0.0000000000
v 0.7734375000 0.2029747040 0.0000000000
v 0.7812500000 0.1894430571 0.0000000000
v 0.8203125000 0.1488481163 0.0000000000
v 0.8046875000 0.1488481163 0.0000000000
v 0.8125000000 0.1353164693 0.0000000000
v 0.8515625000 0.2029747040 0.0000000000
v 0.8359375000 0.2029747040 0.0000000000
v 0.8437500000 0.1894430571 0.0000000000
v 0.6640625000 0.2029747040 0.0000000000
v 0.6484375000 0.2029747040 0.0000000000
v 0.6562500000 0.1894430571 0.0000000000
v 0.6953125000 0.1488481163 0.0000000000
v 0.6796875000 0.1488481163 0.0000000000
v 0.6875000000 0.1353164693 0.0000000000
v 0.7265625000 0.2029747040 0.0000000000
v 0.7109375000 0.2029747040 0.0000000000
v 0.7187500000 0.1894430571 0.0000000000
v 0.7265625000 0.0947215285 0.0000000000
v 0.7109375000 0.0947215285 0.0000000000
v 0.7187500000 0.0811898816 0.0000000000
v 0.7578125000 0.0405949408 0.0000000000
v 0.7421875000 0.0405949408 0.0000000000
v 0.7500000000 0.0270632939 0.0000000000
v 0.7890625000 0.0947215285 0.0000000000
v 0.7734375000 0.0947215285 0.0000000000
v 0.7812500000 0.0811898816 0.0000000000
v 0.5390625000 0.2029747040 0.0000000000
v 0.5234375000 0.2029747040 0.0000000000
v 0.5312500000 0.1894430571 0.0000000000
v 0.5703125000 0.1488481163 0.0000000000
v 0.5546875000 0.1488481163 0.0000000000
v 0.5625000000 0.1353164693 0.0000000000
v 0.6015625000 0.2029747040 0.0000000000
v 0.5859375000 0.2029747040 0.0000000000
v 0.5937500000 0.1894430571 0.0000000000
v 0.4140625000 0.2029747040 0.0000000000
v 0.3984375000 0.2029747040 0.0000000000
v 0.4062500000 0.1894430571 0.0000000000
v 0.4453125000 0.1488481163 0.0000000000
v 0.4296875000 0.1488481163 0.0000000000
v 0.4375000000 0.1353164693 0.0000000000
v 0.4765625000 0.2029747040 0.0000000000
v 0.4609375000 0.2029747040 0.0000000000
v 0.4687500000 0.1894430571 0.0000000000
v 0.4765625000 0.0947215285 0.0000000000
v 0.4609375000 0.0947215285 0.0000000000
v 0.4687500000 0.0811898816 0.0000000000
v 0.5078125000 0.0405949408 0.0000000000
v 0.4921875000 0.0405949408 0.0000000000
v 0.5000000000 0.0270632939 0.0000000000
v 0.5390625000 0.0947215285 0.0000000000
v 0.5234375000 0.0947215285 0.0000000000
v 0.5312500000 0.0811898816 0.0000000000
v 0.6640625000 0.4194810550 0.0000000000
v 0.6484375000 0.4194810550 0.0000000000
v 0.6562500000 0.4059494080 0.0000000000
v 0.6953125000 0.3653544672 0.0000000000
v 0.6796875000 0.3653544672 0.0000000000
v 0.6875000000 0.3518228203 0.0000000000
v 0.7265625000 0.4194810550 0.0000000000
v 0.7109375000 0.4194810550 0.0000000000
v 0.7187500000 0.4059494080 0.0000000000
v 0.5390625000 0.4194810550 0.0000000000
v 0.5234375000 0.4194810550 0.0000000000
v 0.5312500000 0.4059494080 0.0000000000
v 0.5703125000 0.3653544672 0.0000000000
v 0.5546875000 0.3653544672 0.0000000000
v 0.5625000000 0.3518228203 0.0000000000
v 0.6015625000 0.4194810550 0.0000000000
v 0.5859375000 0.4194810550 0.0000000000
v 0.5937500000 0.4059494080 0.0000000000
v 0.6015625000 0.3112278795 0.0000000000
v 0.5859375000 0.3112278795 0.0000000000
v 0.5937500000 0.2976962326 0.0000000000
v 0.6328125000 0.2571012917 0.0000000000
v 0.6171875000 0.2571012917 0.0000000000
v 0.6250000000 0.2435696448 0.0000000000
v 0.6640625000 0.3112278795 0.0000000000
v 0.6484375000 0.3112278795 0.0000000000
v 0.6562500000 0.2976962326 0.0000000000
v 0.4140625000 0.4194810550 0.0000000000
v 0.3984375000 0.4194810550 0.0000000000
v 0.4062500000 0.4059494080 0.0000000000
v 0.4453125000 0.3653544672 0.0000000000
v 0.4296875000 0.3653544672 0.0000000000
v 0.4375000000 0.3518228203 0.0000000000
v 0.4765625000 0.4194810550 0.0000000000
v 0.4609375000 0.4194810550 0.0000000000
v 0.4687500000 0.4059494080 0.0000000000
v 0.2890625000 0.4194810550 0.0000000000
v 0.2734375000 0.4194810550 0.0000000000
v 0.2812500000 0.4059494080 0.0000000000
v 0.3203125000 0.3653544672 0.0000000000
v 0.3046875000 0.3653544672 0.0000000000
v 0.3125000000 0.3518228203 0.0000000000
v 0.3515625000 0.4194810550 0.0000000000
v 0.3359375000 0.4194810550 0.0000000000
v 0.3437500000 0.4059494080 0.0000000000
v 0.3515625000 0.3112278795 0.0000000000
v 0.3359375000 0.3112278795 0.0000000000
v 0.3437500000 0.2976962326 0.0000000000
v 0.3828125000 0.2571012917 0.0000000000
v 0.3671875000 0.2571012917 0.0000000000
v 0.3750000000 0.2435696448 0.0000000000
v 0.4140625000 0.3112278795 0.0000000000
v 0.3984375000 0.3112278795 0.0000000000
v 0.4062500000 0.2976962326 0.0000000000
v 0.4453125000 0.5006709366 0.0000000000
v 0.4375000000 0.5142025835 0.0000000000
v 0.4296875000 0.5006709366 0.0000000000
v 0.4140625000 0.4465443488 0.0000000000
v 0.4062500000 0.4600759958 0.0000000000
v 0.3984375000 0.4465443488 0.0000000000
v 0.4765625000 0.4465443488 0.0000000000
v 0.4687500000 0.4600759958 0.0000000000
v 0.4609375000 0.4465443488 0.0000000000
v 0.3828125000 0.6089241120 0.0000000000
v 0.3750000000 0.6224557590 0.0000000000
v 0.3671875000 0.6089241120 0.0000000000
v 0.3515625000 0.5547975243 0.0000000000
v 0.3437500000 0.5683291712 0.0000000000
v 0.3359375000 0.5547975243 0.0000000000
v 0.4140625000 0.5547975243 0.0000000000
v 0.4062500000 0.5683291712 0.0000000000
v 0.3984375000 0.5547975243 0.0000000000
v 0.3203125000 0.5006709366 0.0000000000
v 0.3125000000 0.5142025835 0.0000000000
v 0.3046875000 0.5006709366 0.0000000000
v 0.2890625000 0.4465443488 0.0000000000
v 0.2812500000 0.4600759958 0.0000000000
v 0.2734375000 0.4465443488 0.0000000000
v 0.3515625000 0.4465443488 0.0000000000
v 0.3437500000 0.4600759958 0.0000000000
v 0.3359375000 0.4465443488 0.0000000000
v 0.6953125000 0.5006709366 0.0000000000
v 0.6875000000 0.5142025835 0.0000000000
v 0.6796875000 0.5006709366 0.0000000000
v 0.6640625000 0.4465443488 0.0000000000
v 0.6562500000 0.4600759958 0.0000000000
v 0.6484375000 0.4465443488 0.0000000000
v 0.7265625000 0.4465443488 0.0000000000
v 0.7187500000 0.4600759958 0.0000000000
v 0.7109375000 0.4465443488 0.0000000000
v 0.6328125000 0.6089241120 0.0000000000
v 0.6250000000 0.6224557590 0.0000000000
v 0.6171875000 0.6089241120 0.0000000000
v 0.6015625000 0.5547975243 0.0000000000
v 0.5937500000 0.5683291712 0.0000000000
v 0.5859375000 0.5547975243 0.0000000000
v 0.6640625000 0.5547975243 0.0000000000
v 0.6562500000 0.5683291712 0.0000000000
v 0.6484375000 0.5547975243 0.0000000000
v 0.5703125000 0.5006709366 0.0000000000
v 0.5625000000 0.5142025835 0.0000000000
v 0.5546875000 0.5006709366 0.0000000000
v 0.5390625000 0.4465443488 0.0000000000
v 0.5312500000 0.4600759958 0.0000000000
v 0.5234375000 0.4465443488 0.0000000000
v 0.6015625000 0.4465443488 0.0000000000
v 0.5937500000 0.4600759958 0.0000000000
v 0.5859375000 0.4465443488 0.0000000000
v 0.5703125000 0.7171772875 0.0000000000
v 0.5625000000 0.7307089344 0.0000000000
v 0.5546875000 0.7171772875 0.0000000000
v 0.5390625000 0.6630506998 0.0000000000
v 0.5312500000 0.6765823467 0.0000000000
v 0.5234375000 0.6630506998 0.0000000000
v 0.6015625000 0.6630506998 0.0000000000
v 0.5937500000 0.6765823467 0.0000000000
v 0.5859375000 0.6630506998 0.0000000000
v 0.5078125000 0.8254304630 0.0000000000
v 0.5000000000 0.8389621099 0.0000000000
v 0.4921875000 0.8254304630 0.0000000000
v 0.4765625000 0.7713038752 0.0000000000
v 0.4687500000 0.7848355222 0.0000000000
v 0.4609375000 0.7713038752 0.0000000000
v 0.5390625000 0.7713038752 0.0000000000
v 0.5312500000 0.7848355222 0.0000000000
v 0.5234375000 0.7713038752 0.0000000000
v 0.4453125000 0.7171772875 0.0000000000
v 0.4375000000 0.7307089344 0.0000000000
v 0.4296875000 0.7171772875 0.0000000000
v 0.4140625000 0.6630506998 0.0000000000
v 0.4062500000 0.6765823467 0.0000000000
v 0.3984375000 0.6630506998 0.0000000000
v 0.4765625000 0.6630506998 0.0000000000
v 0.4687500000 0.6765823467 0.0000000000
v 0.4609375000 0.6630506998 0.0000000000
v 0.1953125000 0.0676582347 0.0000000000
v 0.1875000000 0.0811898816 0.0000000000
v 0.1796875000 0.0676582347 0.0000000000
v 0.1640625000 0.0135316469 0.0000000000
v 0.1562500000 0.0270632939 0.0000000000
v 0.1484375000 0.0135316469 0.0000000000
v 0.2265625000 0.0135316469 0.0000000000
v 0.2187500000 0.0270632939 0.0000000000
v 0.2109375000 0.0135316469 0.0000000000
v 0.1328125000 0.1759114101 0.0000000000
v 0.1250000000 0.1894430571 0.0000000000
v 0.1171875000 0.1759114101 0.0000000000
v 0.1015625000 0.1217848224 0.0000000000
v 0.0937500000 0.1353164693 0.0000000000
v 0.0859375000 0.1217848224 0.0000000000
v 0.1640625000 0.1217848224 0.0000000000
v 0.1562500000 0.1353164693 0.0000000000
v 0.1484375000 0.1217848224 0.0000000000
v 0.0703125000 0.0676582347 0.0000000000
v 0.0625000000 0.0811898816 0.0000000000
v 0.0546875000 0.0676582347 0.0000000000
v 0.0390625000 0.0135316469 0.0000000000
v 0.0312500000 0.0270632939 0.0000000000
v 0.0234375000 0.0135316469 0.0000000000
v 0.1015625000 0.0135316469 0.0000000000
v 0.0937500000 0.0270632939 0.0000000000
v 0.0859375000 0.0135316469 0.0000000000
v 0.4453125000 0.0676582347 0.0000000000
v 0.4375000000 0.0811898816 0.0000000000
v 0.4296875000 0.0676582347 0.0000000000
v 0.4140625000 0.0135316469 0.0000000000
v 0.4062500000 0.0270632939 0.0000000000
v 0.3984375000 0.0135316469 0.0000000000
v 0.4765625000 0.0135316469 0.0000000000
v 0.4687500000 0.0270632939 0.0000000000
v 0.4609375000 0.0135316469 0.0000000000
v 0.3828125000 0.1759114101 0.0000000000
v 0.3750000000 0.1894430571 0.0000000000
v 0.3671875000 0.1759114101 0.0000000000
v 0.3515625000 0.1217848224 0.0000000000
v 0.3437500000 0.1353164693 0.0000000000
v 0.3359375000 0.1217848224 0.0000000000
v 0.4140625000 0.1217848224 0.0000000000
v 0.4062500000 0.1353164693 0.0000000000
v 0.3984375000 0.1217848224 0.0000000000
v 0.3203125000 0.0676582347 0.0000000000
v 0.3125000000 0.0811898816 0.0000000000
v 0.3046875000 0.0676582347 0.0000000000
v 0.2890625000 0.0135316469 0.0000000000
v 0.2812500000 0.0270632939 0.0000000000
v 0.2734375000 0.0135316469 0.0000000000
v 0.3515625000 0.0135316469 0.0000000000
v 0.3437500000 0.0270632939 0.0000000000
v 0.3359375000 0.0135316469 0.0000000000
v 0.3203125000 0.2841645856 0.0000000000
v 0.3125000000 0.2976962326 0.0000000000
v 0.3046875000 0.2841645856 0.0000000000
v 0.2890625000 0.2300379979 0.0000000000
v 0.2812500000 0.2435696448 0.0000000000
v 0.2734375000 0.2300379979 0.0000000000
v 0.3515625000 0.2300379979 0.0000000000
v 0.3437500000 0.2435696448 0.0000000000
v 0.3359375000 0.2300379979 0.0000000000
v 0.2578125000 0.3924177611 0.0000000000
v 0.2500000000 0.4059494080 0.0000000000
v 0.2421875000 0.3924177611 0.0000000000
v 0.2265625000 0.3382911734 0.0000000000
v 0.2187500000 0.3518228203 0.0000000000
v 0.2109375000 0.3382911734 0.0000000000
v 0.2890625000 0.3382911734 0.0000000000
v 0.2812500000 0.3518228203 0.0000000000
v 0.2734375000 0.3382911734 0.0000000000
v 0.1953125000 0.2841645856 0.0000000000
v 0.1875000000 0.2976962326 0.0000000000
v 0.1796875000 0.2841645856 0.0000000000
v 0.1640625000 0.2300379979 0.0000000000
v 0.1562500000 0.2435696448 0.0000000000
v 0.1484375000 0.2300379979 0.0000000000
v 0.2265625000 0.2300379979 0.0000000000
v 0.2187500000 0.2435696448 0.0000000000
v 0.2109375000 0.2300379979 0.0000000000
v 0.6953125000 0.0676582347 0.0000000000
v 0.6875000000 0.0811898816 0.0000000000
v 0.6796875000 0.0676582347 0.0000000000
v 0.6640625000 0.0135316469 0.0000000000
v 0.6562500000 0.0270632939 0.0000000000
v 0.6484375000 0.0135316469 0.0000000000
v 0.7265625000 0.0135316469 0.0000000000
v 0.7187500000 0.0270632939 0.0000000000
v 0.7109375000 0.0135316469 0.0000000000
v 0.6328125000 0.1759114101 0.0000000000
v 0.6250000000 0.1894430571 0.0000000000
v 0.6171875000 0.1759114101 0.0000000000
v 0.6015625000 0.1217848224 0.0000000000
v 0.5937500000 0.1353164693 0.0000000000
v 0.5859375000 0.1217848224 0.0000000000
v 0.6640625000 0.1217848224 0.0000000000
v 0.6562500000 0.1353164693 0.0000000000
v 0.6484375000 0.1217848224 0.0000000000
v 0.5703125000 0.0676582347 0.0000000000
v 0.5625000000 0.0811898816 0.0000000000
v 0.5546875000 0.0676582347 0.0000000000
v 0.5390625000 0.0135316469 0.0000000000
v 0.5312500000 0.0270632939 0.0000000000
v 0.5234375000 0.0135316469 0.0000000000
v 0.6015625000 0.0135316469 0.0000000000
v 0.5937500000 0.0270632939 0.0000000000
v 0.5859375000 0.0135316469 0.0000000000
v 0.9453125000 0.0676582347 0.0000000000
v 0.9375000000 0.0811898816 0.0000000000
v 0.9296875000 0.0676582347 0.0000000000
v 0.9140625000 0.0135316469 0.0000000000
v 0.9062500000 0.0270632939 0.0000000000
v 0.8984375000 0.0135316469 0.0000000000
v 0.9765625000 0.0135316469 0.0000000000
v 0.9687500000 0.0270632939 0.0000000000
v 0.9609375000 0.0135316469 0.0000000000
v 0.8828125000 0.1759114101 0.0000000000
v 0.8750000000 0.1894430571 0.0000000000
v 0.8671875000 0.1759114101 0.0000000000
v 0.8515625000 0.1217848224 0.0000000000
v 0.8437500000 0.1353164693 0.0000000000
v 0.8359375000 0.1217848224 0.0000000000
v 0.9140625000 0.1217848224 0.0000000000
v 0.9062500000 0.1353164693 0.0000000000
v 0.8984375000 0.1217848224 0.0000000000
v 0.8203125000 0.0676582347 0.0000000000
v 0.8125000000 0.0811898816 0.0000000000
v 0.8046875000 0.0676582347 0.0000000000
v 0.7890625000 0.0135316469 0.0000000000
v 0.7812500000 0.0270632939 0.0000000000
v 0.7734375000 0.0135316469 0.0000000000
v 0.8515625000 0.0135316469 0.0000000000
v 0.8437500000 0.0270632939 0.0000000000
v 0.8359375000 0.0135316469 0.0000000000
v 0.8203125000 0.2841645856 0.0000000000
v 0.8125000000 0.2976962326 0.0000000000
v 0.8046875000 0.2841645856 0.0000000000
v 0.7890625000 0.2300379979 0.0000000000
v 0.7812500000 0.2435696448 0.0000000000
v 0.7734375000 0.2300379979 0.0000000000
v 0.8515625000 0.2300379979 0.0000000000
v 0.8437500000 0.2435696448 0.0000000000
v 0.8359375000 0.2300379979 0.0000000000
v 0.7578125000 0.3924177611 0.0000000000
v 0.7500000000 0.4059494080 0.0000000000
v 0.7421875000 0.3924177611 0.0000000000
v 0.7265625000 0.3382911734 0.0000000000
v 0.7187500000 0.3518228203 0.0000000000
v 0.7109375000 0.3382911734 0.0000000000
v 0.7890625000 0.3382911734 0.0000000000
v 0.7812500000 0.3518228203 0.0000000000
v 0.7734375000 0.3382911734 0.0000000000
v 0.6953125000 0.2841645856 0.0000000000
v 0.6875000000 0.2976962326 0.0000000000
v 0.6796875000 0.2841645856 0.0000000000
v 0.6640625000 0.2300379979 0.0000000000
v 0.6562500000 0.2435696448 0.0000000000
v 0.6484375000 0.2300379979 0.0000000000
v 0.7265625000 0.2300379979 0.0000000000
v 0.7187500000 0.2435696448 0.0000000000
v 0.7109375000 0.2300379979 0.0000000000
v 0.4921875000 0.3112278795 0.0000000000
v 0.5078125000 0.3112278795 0.0000000000
v 0.4765625000 0.2841645856 0.0000000000
v 0.4843750000 0.2706329387 0.0000000000
v 0.5156250000 0.2706329387 0.0000000000
v 0.5234375000 0.2841645856 0.0000000000
v 0.5156250000 0.5953924651 0.0000000000
v 0.5234375000 0.5818608182 0.0000000000
v 0.4843750000 0.5953924651 0.0000000000
v 0.4765625000 0.5818608182 0.0000000000
v 0.4921875000 0.5547975243 0.0000000000
v 0.5078125000 0.5547975243 0.0000000000
v 0.2656250000 0.1623797632 0.0000000000
v 0.2734375000 0.1488481163 0.0000000000
v 0.2343750000 0.1623797632 0.0000000000
v 0.2265625000 0.1488481163 0.0000000000
v 0.2421875000 0.1217848224 0.0000000000
v 0.2578125000 0.1217848224 0.0000000000
v 0.7656250000 0.1623797632 0.0000000000
v 0.7734375000 0.1488481163 0.0000000000
v 0.7343750000 0.1623797632 0.0000000000
v 0.7265625000 0.1488481163 0.0000000000
v 0.7421875000 0.1217848224 0.0000000000
v 0.7578125000 0.1217848224 0.0000000000
v 0.5156250000 0.1623797632 0.0000000000
v 0.5234375000 0.1488481163 0.0000000000
v 0.4843750000 0.1623797632 0.0000000000
v 0.4765625000 0.1488481163 0.0000000000
v 0.4921875000 0.1217848224 0.0000000000
v 0.5078125000 0.1217848224 0.0000000000
v 0.6406250000 0.3788861142 0.0000000000
v 0.6484375000 0.3653544672 0.0000000000
v 0.6093750000 0.3788861142 0.0000000000
v 0.6015625000 0.3653544672 0.0000000000
v 0.6171875000 0.3382911734 0.0000000000
v 0.6328125000 0.3382911734 0.0000000000
v 0.3906250000 0.3788861142 0.0000000000
v 0.3984375000 0.3653544672 0.0000000000
v 0.3593750000 0.3788861142 0.0000000000
v 0.3515625000 0.3653544672 0.0000000000
v 0.3671875000 0.3382911734 0.0000000000
v 0.3828125000 0.3382911734 0.0000000000
v 0.3984375000 0.5006709366 0.0000000000
v 0.3906250000 0.4871392896 0.0000000000
v 0.3828125000 0.5277342304 0.0000000000
v 0.3671875000 0.5277342304 0.0000000000
v 0.3515625000 0.5006709366 0.0000000000
v 0.3593750000 0.4871392896 0.0000000000
v 0.6484375000 0.5006709366 0.0000000000
v 0.6406250000 0.4871392896 0.0000000000
v 0.6328125000 0.5277342304 0.0000000000
v 0.6171875000 0.5277342304 0.0000000000
v 0.6015625000 0.5006709366 0.0000000000
v 0.6093750000 0.4871392896 0.0000000000
v 0.5234375000 0.7171772875 0.0000000000
v 0.5156250000 0.7036456406 0.0000000000
v 0.5078125000 0.7442405814 0.0000000000
v 0.4921875000 0.7442405814 0.0000000000
v 0.4765625000 0.7171772875 0.0000000000
v 0.4843750000 0.7036456406 0.0000000000
v 0.1484375000 0.0676582347 0.0000000000
v 0.1406250000 0.0541265877 0.0000000000
v 0.1328125000 0.0947215285 0.0000000000
v 0.1171875000 0.0947215285 0.0000000000
v 0.1015625000 0.0676582347 0.0000000000
v 0.1093750000 0.0541265877 0.0000000000
v 0.3984375000 0.0676582347 0.0000000000
v 0.3906250000 0.0541265877 0.0000000000
v 0.3828125000 0.0947215285 0.0000000000
v 0.3671875000 0.0947215285 0.0000000000
v 0.3515625000 0.0676582347 0.0000000000
v 0.3593750000 0.0541265877 0.0000000000
v 0.2734375000 0.2841645856 0.0000000000
v 0.2656250000 0.2706329387 0.0000000000
v 0.2578125000 0.3112278795 0.0000000000
v 0.2421875000 0.3112278795 0.0000000000
v 0.2265625000 0.2841645856 0.0000000000
v 0.2343750000 0.2706329387 0.0000000000
v 0.6484375000 0.0676582347 0.0000000000
v 0.6406250000 0.0541265877 0.0000000000
v 0.6328125000 0.0947215285 0.0000000000
v 0.6171875000 0.0947215285 0.0000000000
v 0.6015625000 0.0676582347 0.0000000000
v 0.6093750000 0.0541265877 0.0000000000
v 0.8984375000 0.0676582347 0.0000000000
v 0.8906250000 0.0541265877 0.0000000000
v 0.8828125000 0.0947215285 0.0000000000
v 0.8671875000 0.0947215285 0.0000000000
v 0.8515625000 0.0676582347 0.0000000000
v 0.8593750000 0.0541265877 0.0000000000
v 0.7734375000 0.2841645856 0.0000000000
v 0.7656250000 0.2706329387 0.0000000000
v 0.7578125000 0.3112278795 0.0000000000
v 0.7421875000 0.3112278795 0.0000000000
v 0.7265625000 0.2841645856 0.0000000000
v 0.7343750000 0.2706329387 0.0000000000
v 0.5156250000 0.3788861142 0.0000000000
v 0.5234375000 0.3653544672 0.0000000000
v 0.4843750000 0.3788861142 0.0000000000
v 0.4765625000 0.3653544672 0.0000000000
v 0.4921875000 0.3382911734 0.0000000000
v 0.5078125000 0.3382911734 0.0000000000
v 0.4531250000 0.2706329387 0.0000000000
v 0.4609375000 0.2571012917 0.0000000000
v 0.4218750000 0.2706329387 0.0000000000
v 0.4140625000 0.2571012917 0.0000000000
v 0.4296875000 0.2300379979 0.0000000000
v 0.4453125000 0.2300379979 0.0000000000
v 0.5781250000 0.2706329387 0.0000000000
v 0.5859375000 0.2571012917 0.0000000000
v 0.5468750000 0.2706329387 0.0000000000
v 0.5390625000 0.2571012917 0.0000000000
v 0.5546875000 0.2300379979 0.0000000000
v 0.5703125000 0.2300379979 0.0000000000
v 0.5859375000 0.6089241120 0.0000000000
v 0.5781250000 0.5953924651 0.0000000000
v 0.5703125000 0.6359874059 0.0000000000
v 0.5546875000 0.6359874059 0.0000000000
v 0.5390625000 0.6089241120 0.0000000000
v 0.5468750000 0.5953924651 0.0000000000
v 0.4609375000 0.6089241120 0.0000000000
v 0.4531250000 0.5953924651 0.0000000000
v 0.4453125000 0.6359874059 0.0000000000
v 0.4296875000 0.6359874059 0.0000000000
v 0.4140625000 0.6089241120 0.0000000000
v 0.4218750000 0.5953924651 0.0000000000
v 0.5234375000 0.5006709366 0.0000000000
v 0.5156250000 0.4871392896 0.0000000000
v 0.5078125000 0.5277342304 0.0000000000
v 0.4921875000 0.5277342304 0.0000000000
v 0.4765625000 0.5006709366 0.0000000000
v 0.4843750000 0.4871392896 0.0000000000
v 0.3359375000 0.1759114101 0.0000000000
v 0.3281250000 0.1623797632 0.0000000000
v 0.3203125000 0.2029747040 0.0000000000
v 0.3046875000 0.2029747040 0.0000000000
v 0.2890625000 0.1759114101 0.0000000000
v 0.2968750000 0.1623797632 0.0000000000
v 0.2109375000 0.1759114101 0.0000000000
v 0.2031250000 0.1623797632 0.0000000000
v 0.1953125000 0.2029747040 0.0000000000
v 0.1796875000 0.2029747040 0.0000000000
v 0.1640625000 0.1759114101 0.0000000000
v 0.1718750000 0.1623797632 0.0000000000
v 0.2734375000 0.0676582347 0.0000000000
v 0.2656250000 0.0541265877 0.0000000000
v 0.2578125000 0.0947215285 0.0000000000
v 0.2421875000 0.0947215285 0.0000000000
v 0.2265625000 0.0676582347 0.0000000000
v 0.2343750000 0.0541265877 0.0000000000
v 0.8359375000 0.1759114101 0.0000000000
v 0.8281250000 0.1623797632 0.0000000000
v 0.8203125000 0.2029747040 0.0000000000
v 0.8046875000 0.2029747040 0.0000000000
v 0.7890625000 0.1759114101 0.0000000000
v 0.7968750000 0.1623797632 0.0000000000
v 0.7109375000 0.1759114101 0.0000000000
v 0.7031250000 0.1623797632 0.0000000000
v 0.6953125000 0.2029747040 0.0000000000
v 0.6796875000 0.2029747040 0.0000000000
v 0.6640625000 0.1759114101 0.0000000000
v 0.6718750000 0.1623797632 0.0000000000
v 0.7734375000 0.0676582347 0.0000000000
v 0.7656250000 0.0541265877 0.0000000000
v 0.7578125000 0.0947215285 0.0000000000
v 0.7421875000 0.0947215285 0.0000000000
v 0.7265625000 0.0676582347 0.0000000000
v 0.7343750000 0.0541265877 0.0000000000
v 0.5859375000 0.1759114101 0.0000000000
v 0.5781250000 0.1623797632 0.0000000000
v 0.5703125000 0.2029747040 0.0000000000
v 0.5546875000 0.2029747040 0.0000000000
v 0.5390625000 0.1759114101 0.0000000000
v 0.5468750000 0.1623797632 0.0000000000
v 0.4609375000 0.1759114101 0.0000000000
v 0.4531250000 0.1623797632 0.0000000000
v 0.4453125000 0.2029747040 0.0000000000
v 0.4296875000 0.2029747040 0.0000000000
v 0.4140625000 0.1759114101 0.0000000000
v 0.4218750000 0.1623797632 0.0000000000
v 0.5234375000 0.0676582347 0.0000000000
v 0.5156250000 0.0541265877 0.0000000000
v 0.5078125000 0.0947215285 0.0000000000
v 0.4921875000 0.0947215285 0.0000000000
v 0.4765625000 0.0676582347 0.0000000000
v 0.4843750000 0.0541265877 0.0000000000
v 0.7109375000 0.3924177611 0.0000000000
v 0.7031250000 0.3788861142 0.0000000000
v 0.6953125000 0.4194810550 0.0000000000
v 0.6796875000 0.4194810550 0.0000000000
v 0.6640625000 0.3924177611 0.0000000000
v 0.6718750000 0.3788861142 0.0000000000
v 0.5859375000 0.3924177611 0.0000000000
v 0.5781250000 0.3788861142 0.0000000000
v 0.5703125000 0.4194810550 0.0000000000
v 0.5546875000 0.4194810550 0.0000000000
v 0.5390625000 0.3924177611 0.0000000000
v 0.5468750000 0.3788861142 0.0000000000
v 0.6484375000 0.2841645856 0.0000000000
v 0.6406250000 0.2706329387 0.0000000000
v 0.6328125000 0.3112278795 0.0000000000
v 0.6171875000 0.3112278795 0.0000000000
v 0.6015625000 0.2841645856 0.0000000000
v 0.6093750000 0.2706329387 0.0000000000
v 0.4609375000 0.3924177611 0.0000000000
v 0.4531250000 0.3788861142 0.0000000000
v 0.4453125000 0.4194810550 0.0000000000
v 0.4296875000 0.4194810550 0.0000000000
v 0.4140625000 0.3924177611 0.0000000000
v 0.4218750000 0.3788861142 0.0000000000
v 0.3359375000 0.3924177611 0.0000000000
v 0.3281250000 0.3788861142 0.0000000000
v 0.3203125000 0.4194810550 0.0000000000
v 0.3046875000 0.4194810550 0.0000000000
v 0.2890625000 0.3924177611 0.0000000000
v 0.2968750000 0.3788861142 0.0000000000
v 0.3984375000 0.2841645856 0.0000000000
v 0.3906250000 0.2706329387 0.0000000000
v 0.3828125000 0.3112278795 0.0000000000
v 0.3671875000 0.3112278795 0.0000000000
v 0.3515625000 0.2841645856 0.0000000000
v 0.3593750000 0.2706329387 0.0000000000
v 0.4453125000 0.4465443488 0.0000000000
v 0.4296875000 0.4465443488 0.0000000000
v 0.4609375000 0.4736076427 0.0000000000
v 0.4531250000 0.4871392896 0.0000000000
v 0.4218750000 0.4871392896 0.0000000000
v 0.4140625000 0.4736076427 0.0000000000
v 0.3828125000 0.5547975243 0.0000000000
v 0.3671875000 0.5547975243 0.0000000000
v 0.3984375000 0.5818608182 0.0000000000
v 0.3906250000 0.5953924651 0.0000000000
v 0.3593750000 0.5953924651 0.0000000000
v 0.3515625000 0.5818608182 0.0000000000
v 0.3203125000 0.4465443488 0.0000000000
v 0.3046875000 0.4465443488 0.0000000000
v 0.3359375000 0.4736076427 0.0000000000
v 0.3281250000 0.4871392896 0.0000000000
v 0.2968750000 0.4871392896 0.0000000000
v 0.2890625000 0.4736076427 0.0000000000
v 0.6953125000 0.4465443488 0.0000000000
v 0.6796875000 0.4465443488 0.0000000000
v 0.7109375000 0.4736076427 0.0000000000
v 0.7031250000 0.4871392896 0.0000000000
v 0.6718750000 0.4871392896 0.0000000000
v 0.6640625000 0.4736076427 0.0000000000
v 0.6328125000 0.5547975243 0.0000000000
v 0.6171875000 0.5547975243 0.0000000000
v 0.6484375000 0.5818608182 0.0000000000
v 0.6406250000 0.5953924651 0.0000000000
v 0.6093750000 0.5953924651 0.0000000000
v 0.6015625000 0.5818608182 0.0000000000
v 0.5703125000 0.4465443488 0.0000000000
v 0.5546875000 0.4465443488 0.0000000000
v 0.5859375000 0.4736076427 0.0000000000
v 0.5781250000 0.4871392896 0.0000000000
v 0.5468750000 0.4871392896 0.0000000000
v 0.5390625000 0.4736076427 0.0000000000
v 0.5703125000 0.6630506998 0.0000000000
v 0.5546875000 0.6630506998 0.0000000000
v 0.5859375000 0.6901139936 0.0000000000
v 0.5781250000 0.7036456406 0.0000000000
v 0.5468750000 0.7036456406 0.0000000000
v 0.5390625000 0.6901139936 0.0000000000
v 0.5078125000 0.7713038752 0.0000000000
v 0.4921875000 0.7713038752 0.0000000000
v 0.5234375000 0.7983671691 0.0000000000
v 0.5156250000 0.8118988160 0.0000000000
v 0.4843750000 0.8118988160 0.0000000000
v 0.4765625000 0.7983671691 0.0000000000
v 0.4453125000 0.6630506998 0.0000000000
v 0.4296875000 0.6630506998 0.0000000000
v 0.4609375000 0.6901139936 0.0000000000
v 0.4531250000 0.7036456406 0.0000000000
v 0.4218750000 0.7036456406 0.0000000000
v 0.4140625000 0.6901139936 0.0000000000
v 0.1953125000 0.0135316469 0.0000000000
v 0.1796875000 0.0135316469 0.0000000000
v 0.2109375000 0.0405949408 0.0000000000
v 0.2031250000 0.0541265877 0.0000000000
v 0.1718750000 0.0541265877 0.0000000000
v 0.1640625000 0.0405949408 0.0000000000
v 0.1328125000 0.1217848224 0.0000000000
v 0.1171875000 0.1217848224 0.0000000000
v 0.1484375000 0.1488481163 0.0000000000
v 0.1406250000 0.1623797632 0.0000000000
v 0.1093750000 0.1623797632 0.0000000000
v 0.1015625000 0.1488481163 0.0000000000
v 0.0703125000 0.0135316469 0.0000000000
v 0.0546875000 0.0135316469 0.0000000000
v 0.0859375000 0.0405949408 0.0000000000
v 0.0781250000 0.0541265877 0.0000000000
v 0.0468750000 0.0541265877 0.0000000000
v 0.0390625000 0.0405949408 0.0000000000
v 0.4453125000 0.0135316469 0.0000000000
v 0.4296875000 0.0135316469 0.0000000000
v 0.4609375000 0.0405949408 0.0000000000
v 0.4531250000 0.0541265877 0.0000000000
v 0.4218750000 0.0541265877 0.0000000000
v 0.4140625000 0.0405949408 0.0000000000
v 0.3828125000 0.1217848224 0.0000000000
v 0.3671875000 0.1217848224 0.0000000000
v 0.3984375000 0.1488481163 0.0000000000
v 0.3906250000 0.1623797632 0.0000000000
v 0.3593750000 0.1623797632 0.0000000000
v 0.3515625000 0.1488481163 0.0000000000
v 0.3203125000 0.0135316469 0.0000000000
v 0.3046875000 0.0135316469 0.0000000000
v 0.3359375000 0.0405949408 0.0000000000
v 0.3281250000 0.0541265877 0.0000000000
v 0.2968750000 0.0541265877 0.0000000000
v 0.2890625000 0.0405949408 0.0000000000
v 0.3203125000 0.2300379979 0.0000000000
v 0.3046875000 0.2300379979 0.0000000000
v 0.3359375000 0.2571012917 0.0000000000
v 0.3281250000 0.2706329387 0.0000000000
v 0.2968750000 0.2706329387 0.0000000000
v 0.2890625000 0.2571012917 0.0000000000
v 0.2578125000 0.3382911734 0.0000000000
v 0.2421875000 0.3382911734 0.0000000000
v 0.2734375000 0.3653544672 0.0000000000
v 0.2656250000 0.3788861142 0.0000000000
v 0.2343750000 0.3788861142 0.0000000000
v 0.2265625000 0.3653544672 0.0000000000
v 0.1953125000 0.2300379979 0.0000000000
v 0.1796875000 0.2300379979 0.0000000000
v 0.2109375000 0.2571012917 0.0000000000
v 0.2031250000 0.2706329387 0.0000000000
v 0.1718750000 0.2706329387 0.0000000000
v 0.1640625000 0.2571012917 0.0000000000
v 0.6953125000 0.0135316469 0.0000000000
v 0.6796875000 0.0135316469 0.0000000000
v 0.7109375000 0.0405949408 0.0000000000
v 0.7031250000 0.0541265877 0.0000000000
v 0.6718750000 0.0541265877 0.0000000000
v 0.6640625000 0.0405949408 0.0000000000
v 0.6328125000 0.1217848224 0.0000000000
v 0.6171875000 0.1217848224 0.0000000000
v 0.6484375000 0.1488481163 0.0000000000
v 0.6406250000 0.1623797632 0.0000000000
v 0.6093750000 0.1623797632 0.0000000000
v 0.6015625000 0.1488481163 0.0000000000
v 0.5703125000 0.0135316469 0.0000000000
v 0.5546875000 0.0135316469 0.0000000000
v 0.5859375000 0.0405949408 0.0000000000
v 0.5781250000 0.0541265877 0.0000000000
v 0.5468750000 0.0541265877 0.0000000000
v 0.5390625000 0.0405949408 0.0000000000
v 0.9453125000 0.0135316469 0.0000000000
v 0.9296875000 0.0135316469 0.0000000000
v 0.9609375000 0.0405949408 0.0000000000
v 0.9531250000 0.0541265877 0.0000000000
v 0.9218750000 0.0541265877 0.0000000000
v 0.9140625000 0.0405949408 0.0000000000
v 0.8828125000 0.1217848224 0.0000000000
v 0.8671875000 0.1217848224 0.0000000000
v 0.8984375000 0.1488481163 0.0000000000
v 0.8906250000 0.1623797632 0.0000000000
v 0.8593750000 0.1623797632 0.0000000000
v 0.8515625000 0.1488481163 0.0000000000
v 0.8203125000 0.0135316469 0.0000000000
v 0.8046875000 0.0135316469 0.0000000000
v 0.8359375000 0.0405949408 0.0000000000
v 0.8281250000 0.0541265877 0.0000000000
v 0.7968750000 0.0541265877 0.0000000000
v 0.7890625000 0.0405949408 0.0000000000
v 0.8203125000 0.2300379979 0.0000000000
v 0.8046875000 0.2300379979 0.0000000000
v 0.8359375000 0.2571012917 0.0000000000
v 0.8281250000 0.2706329387 0.0000000000
v 0.7968750000 0.2706329387 0.0000000000
v 0.7890625000 0.2571012917 0.0000000000
v 0.7578125000 0.3382911734 0.0000000000
v 0.7421875000 0.3382911734 0.0000000000
v 0.7734375000 0.3653544672 0.0000000000
v 0.7656250000 0.3788861142 0.0000000000
v 0.7343750000 0.3788861142 0.0000000000
v 0.7265625000 0.3653544672 0.0000000000
v 0.6953125000 0.2300379979 0.0000000000
v 0.6796875000 0.2300379979 0.0000000000
v 0.7109375000 0.2571012917 0.0000000000
v 0.7031250000 0.2706329387 0.0000000000
v 0.6718750000 0.2706329387 0.0000000000
v 0.6640625000 0.2571012917 0.0000000000
v 0.5234375000 0.2571012917 0.0000000000
v 0.4765625000 0.2571012917 0.0000000000
v 0.4921875000 0.2300379979 0.0000000000
v 0.5078125000 0.2300379979 0.0000000000
v 0.5468750000 0.3247595264 0.0000000000
v 0.5546875000 0.3112278795 0.0000000000
v 0.5156250000 0.3247595264 0.0000000000
v 0.5390625000 0.2841645856 0.0000000000
v 0.4843750000 0.3247595264 0.0000000000
v 0.4531250000 0.3247595264 0.0000000000
v 0.4453125000 0.3112278795 0.0000000000
v 0.4609375000 0.2841645856 0.0000000000
v 0.4843750000 0.5412658774 0.0000000000
v 0.4609375000 0.5818608182 0.0000000000
v 0.4453125000 0.5547975243 0.0000000000
v 0.4531250000 0.5412658774 0.0000000000
v 0.5546875000 0.5547975243 0.0000000000
v 0.5468750000 0.5412658774 0.0000000000
v 0.5390625000 0.5818608182 0.0000000000
v 0.5156250000 0.5412658774 0.0000000000
v 0.5234375000 0.6089241120 0.0000000000
v 0.5078125000 0.6359874059 0.0000000000
v 0.4921875000 0.6359874059 0.0000000000
v 0.4765625000 0.6089241120 0.0000000000
v 0.2343750000 0.1082531755 0.0000000000
v 0.2109375000 0.1488481163 0.0000000000
v 0.1953125000 0.1217848224 0.0000000000
v 0.2031250000 0.1082531755 0.0000000000
v 0.3046875000 0.1217848224 0.0000000000
v 0.2968750000 0.1082531755 0.0000000000
v 0.2890625000 0.1488481163 0.0000000000
v 0.2656250000 0.1082531755 0.0000000000
v 0.2734375000 0.1759114101 0.0000000000
v 0.2578125000 0.2029747040 0.0000000000
v 0.2421875000 0.2029747040 0.0000000000
v 0.2265625000 0.1759114101 0.0000000000
v 0.7343750000 0.1082531755 0.0000000000
v 0.7109375000 0.1488481163 0.0000000000
v 0.6953125000 0.1217848224 0.0000000000
v 0.7031250000 0.1082531755 0.0000000000
v 0.8046875000 0.1217848224 0.0000000000
v 0.7968750000 0.1082531755 0.0000000000
v 0.7890625000 0.1488481163 0.0000000000
v 0.7656250000 0.1082531755 0.0000000000
v 0.7734375000 0.1759114101 0.0000000000
v 0.7578125000 0.2029747040 0.0000000000
v 0.7421875000 0.2029747040 0.0000000000
v 0.7265625000 0.1759114101 0.0000000000
v 0.4843750000 0.1082531755 0.0000000000
v 0.4609375000 0.1488481163 0.0000000000
v 0.4453125000 0.1217848224 0.0000000000
v 0.4531250000 0.1082531755 0.0000000000
v 0.5546875000 0.1217848224 0.0000000000
v 0.5468750000 0.1082531755 0.0000000000
v 0.5390625000 0.1488481163 0.0000000000
v 0.5156250000 0.1082531755 0.0000000000
v 0.5234375000 0.1759114101 0.0000000000
v 0.5078125000 0.2029747040 0.0000000000
v 0.4921875000 0.2029747040 0.0000000000
v 0.4765625000 0.1759114101 0.0000000000
v 0.6093750000 0.3247595264 0.0000000000
v 0.5859375000 0.3653544672 0.0000000000
v 0.5703125000 0.3382911734 0.0000000000
v 0.5781250000 0.3247595264 0.0000000000
v 0.6796875000 0.3382911734 0.0000000000
v 0.6718750000 0.3247595264 0.0000000000
v 0.6640625000 0.3653544672 0.0000000000
v 0.6406250000 0.3247595264 0.0000000000
v 0.6484375000 0.3924177611 0.0000000000
v 0.6328125000 0.4194810550 0.0000000000
v 0.6171875000 0.4194810550 0.0000000000
v 0.6015625000 0.3924177611 0.0000000000
v 0.3593750000 0.3247595264 0.0000000000
v 0.3359375000 0.3653544672 0.0000000000
v 0.3203125000 0.3382911734 0.0000000000
v 0.3281250000 0.3247595264 0.0000000000
v 0.4296875000 0.3382911734 0.0000000000
v 0.4218750000 0.3247595264 0.0000000000
v 0.4140625000 0.3653544672 0.0000000000
v 0.3906250000 0.3247595264 0.0000000000
v 0.3984375000 0.3924177611 0.0000000000
v 0.3828125000 0.4194810550 0.0000000000
v 0.3671875000 0.4194810550 0.0000000000
v 0.3515625000 0.3924177611 0.0000000000
v 0.3359375000 0.5006709366 0.0000000000
v 0.3593750000 0.5412658774 0.0000000000
v 0.3281250000 0.5412658774 0.0000000000
v 0.3203125000 0.5277342304 0.0000000000
v 0.3828125000 0.4465443488 0.0000000000
v 0.3671875000 0.4465443488 0.0000000000
v 0.3984375000 0.4736076427 0.0000000000
v 0.3515625000 0.4736076427 0.0000000000
v 0.4140625000 0.5006709366 0.0000000000
v 0.4296875000 0.5277342304 0.0000000000
v 0.4218750000 0.5412658774 0.0000000000
v 0.3906250000 0.5412658774 0.0000000000
v 0.5859375000 0.5006709366 0.0000000000
v 0.6093750000 0.5412658774 0.0000000000
v 0.5781250000 0.5412658774 0.0000000000
v 0.5703125000 0.5277342304 0.0000000000
v 0.6328125000 0.4465443488 0.0000000000
v 0.6171875000 0.4465443488 0.0000000000
v 0.6484375000 0.4736076427 0.0000000000
v 0.6015625000 0.4736076427 0.0000000000
v 0.6640625000 0.5006709366 0.0000000000
v 0.6796875000 0.5277342304 0.0000000000
v 0.6718750000 0.5412658774 0.0000000000
v 0.6406250000 0.5412658774 0.0000000000
v 0.4609375000 0.7171772875 0.0000000000
v 0.4843750000 0.7577722283 0.0000000000
v 0.4531250000 0.7577722283 0.0000000000
v 0.4453125000 0.7442405814 0.0000000000
v 0.5078125000 0.6630506998 0.0000000000
v 0.4921875000 0.6630506998 0.0000000000
v 0.5234375000 0.6901139936 0.0000000000
v 0.4765625000 0.6901139936 0.0000000000
v 0.5390625000 0.7171772875 0.0000000000
v 0.5546875000 0.7442405814 0.0000000000
v 0.5468750000 0.7577722283 0.0000000000
v 0.5156250000 0.7577722283 0.0000000000
v 0.0859375000 0.0676582347 0.0000000000
v 0.1093750000 0.1082531755 0.0000000000
v 0.0781250000 0.1082531755 0.0000000000
v 0.0703125000 0.0947215285 0.0000000000
v 0.1328125000 0.0135316469 0.0000000000
v 0.1171875000 0.0135316469 0.0000000000
v 0.1484375000 0.0405949408 0.0000000000
v 0.1015625000 0.0405949408 0.0000000000
v 0.1640625000 0.0676582347 0.0000000000
v 0.1796875000 0.0947215285 0.0000000000
v 0.1718750000 0.1082531755 0.0000000000
v 0.1406250000 0.1082531755 0.0000000000
v 0.3359375000 0.0676582347 0.0000000000
v 0.3593750000 0.1082531755 0.0000000000
v 0.3281250000 0.1082531755 0.0000000000
v 0.3203125000 0.0947215285 0.0000000000
v 0.3828125000 0.0135316469 0.0000000000
v 0.3671875000 0.0135316469 0.0000000000
v 0.3984375000 0.0405949408 0.0000000000
v 0.3515625000 0.0405949408 0.0000000000
v 0.4140625000 0.0676582347 0.0000000000
v 0.4296875000 0.0947215285 0.0000000000
v 0.4218750000 0.1082531755 0.0000000000
v 0.3906250000 0.1082531755 0.0000000000
v 0.2109375000 0.2841645856 0.0000000000
v 0.2343750000 0.3247595264 0.0000000000
v 0.2031250000 0.3247595264 0.0000000000
v 0.1953125000 0.3112278795 0.0000000000
v 0.2578125000 0.2300379979 0.0000000000
v 0.2421875000 0.2300379979 0.0000000000
v 0.2734375000 0.2571012917 0.0000000000
v 0.2265625000 0.2571012917 0.0000000000
v 0.2890625000 0.2841645856 0.0000000000
v 0.3046875000 0.3112278795 0.0000000000
v 0.2968750000 0.3247595264 0.0000000000
v 0.2656250000 0.3247595264 0.0000000000
v 0.5859375000 0.0676582347 0.0000000000
v 0.6093750000 0.1082531755 0.0000000000
v 0.5781250000 0.1082531755 0.0000000000
v 0.5703125000 0.0947215285 0.0000000000
v 0.6328125000 0.0135316469 0.0000000000
v 0.6171875000 0.0135316469 0.0000000000
v 0.6484375000 0.0405949408 0.0000000000
v 0.6015625000 0.0405949408 0.0000000000
v 0.6640625000 0.0676582347 0.0000000000
v 0.6796875000 0.0947215285 0.0000000000
v 0.6718750000 0.1082531755 0.0000000000
v 0.6406250000 0.1082531755 0.0000000000
v 0.8359375000 0.0676582347 0.0000000000
v 0.8593750000 0.1082531755 0.0000000000
v 0.8281250000 0.1082531755 0.0000000000
v 0.8203125000 0.0947215285 0.0000000000
v 0.8828125000 0.0135316469 0.0000000000
v 0.8671875000 0.0135316469 0.0000000000
v 0.8984375000 0.0405949408 0.0000000000
v 0.8515625000 0.0405949408 0.0000000000
v 0.9140625000 0.0676582347 0.0000000000
v 0.9296875000 0.0947215285 0.0000000000
v 0.9218750000 0.1082531755 0.0000000000
v 0.8906250000 0.1082531755 0.0000000000
v 0.7109375000 0.2841645856 0.0000000000
v 0.7343750000 0.3247595264 0.0000000000
v 0.7031250000 0.3247595264 0.0000000000
v 0.6953125000 0.3112278795 0.0000000000
v 0.7578125000 0.2300379979 0.0000000000
v 0.7421875000 0.2300379979 0.0000000000
v 0.7734375000 0.2571012917 0.0000000000
v 0.7265625000 0.2571012917 0.0000000000
v 0.7890625000 0.2841645856 0.0000000000
v 0.8046875000 0.3112278795 0.0000000000
v 0.7968750000 0.3247595264 0.0000000000
v 0.7656250000 0.3247595264 0.0000000000
v 0.4609375000 0.3653544672 0.0000000000
v 0.4453125000 0.3382911734 0.0000000000
v 0.5546875000 0.3382911734 0.0000000000
v 0.5390625000 0.3653544672 0.0000000000
v 0.5234375000 0.3924177611 0.0000000000
v 0.5078125000 0.4194810550 0.0000000000
v 0.4921875000 0.4194810550 0.0000000000
v 0.4765625000 0.3924177611 0.0000000000
v 0.4218750000 0.2165063509 0.0000000000
v 0.3984375000 0.2571012917 0.0000000000
v 0.3828125000 0.2300379979 0.0000000000
v 0.3906250000 0.2165063509 0.0000000000
v 0.4843750000 0.2165063509 0.0000000000
v 0.4531250000 0.2165063509 0.0000000000
v 0.4296875000 0.3112278795 0.0000000000
v 0.4140625000 0.2841645856 0.0000000000
v 0.5468750000 0.2165063509 0.0000000000
v 0.5156250000 0.2165063509 0.0000000000
v 0.6171875000 0.2300379979 0.0000000000
v 0.6093750000 0.2165063509 0.0000000000
v 0.6015625000 0.2571012917 0.0000000000
v 0.5781250000 0.2165063509 0.0000000000
v 0.5859375000 0.2841645856 0.0000000000
v 0.5703125000 0.3112278795 0.0000000000
v 0.5468750000 0.6495190528 0.0000000000
v 0.5156250000 0.6495190528 0.0000000000
v 0.5703125000 0.5547975243 0.0000000000
v 0.5859375000 0.5818608182 0.0000000000
v 0.6015625000 0.6089241120 0.0000000000
v 0.6171875000 0.6359874059 0.0000000000
v 0.6093750000 0.6495190528 0.0000000000
v 0.5781250000 0.6495190528 0.0000000000
v 0.3984375000 0.6089241120 0.0000000000
v 0.4218750000 0.6495190528 0.0000000000
v 0.3906250000 0.6495190528 0.0000000000
v 0.3828125000 0.6359874059 0.0000000000
v 0.4296875000 0.5547975243 0.0000000000
v 0.4140625000 0.5818608182 0.0000000000
v 0.4843750000 0.6495190528 0.0000000000
v 0.4531250000 0.6495190528 0.0000000000
v 0.4609375000 0.5006709366 0.0000000000
v 0.4453125000 0.5277342304 0.0000000000
v 0.5078125000 0.4465443488 0.0000000000
v 0.4921875000 0.4465443488 0.0000000000
v 0.5234375000 0.4736076427 0.0000000000
v 0.4765625000 0.4736076427 0.0000000000
v 0.5390625000 0.5006709366 0.0000000000
v 0.5546875000 0.5277342304 0.0000000000
v 0.2968750000 0.2165063509 0.0000000000
v 0.2656250000 0.2165063509 0.0000000000
v 0.3203125000 0.1217848224 0.0000000000
v 0.3359375000 0.1488481163 0.0000000000
v 0.3515625000 0.1759114101 0.0000000000
v 0.3671875000 0.2029747040 0.0000000000
v 0.3593750000 0.2165063509 0.0000000000
v 0.3281250000 0.2165063509 0.0000000000
v 0.1484375000 0.1759114101 0.0000000000
v 0.1718750000 0.2165063509 0.0000000000
v 0.1406250000 0.2165063509 0.0000000000
v 0.1328125000 0.2029747040 0.0000000000
v 0.1796875000 0.1217848224 0.0000000000
v 0.1640625000 0.1488481163 0.0000000000
v 0.2343750000 0.2165063509 0.0000000000
v 0.2031250000 0.2165063509 0.0000000000
v 0.2109375000 0.0676582347 0.0000000000
v 0.1953125000 0.0947215285 0.0000000000
v 0.2578125000 0.0135316469 0.0000000000
v 0.2421875000 0.0135316469 0.0000000000
v 0.2734375000 0.0405949408 0.0000000000
v 0.2265625000 0.0405949408 0.0000000000
v 0.2890625000 0.0676582347 0.0000000000
v 0.3046875000 0.0947215285 0.0000000000
v 0.7968750000 0.2165063509 0.0000000000
v 0.7656250000 0.2165063509 0.0000000000
v 0.8203125000 0.1217848224 0.0000000000
v 0.8359375000 0.1488481163 0.0000000000
v 0.8515625000 0.1759114101 0.0000000000
v 0.8671875000 0.2029747040 0.0000000000
v 0.8593750000 0.2165063509 0.0000000000
v 0.8281250000 0.2165063509 0.0000000000
v 0.6484375000 0.1759114101 0.0000000000
v 0.6718750000 0.2165063509 0.0000000000
v 0.6406250000 0.2165063509 0.0000000000
v 0.6328125000 0.2029747040 0.0000000000
v 0.6796875000 0.1217848224 0.0000000000
v 0.6640625000 0.1488481163 0.0000000000
v 0.7343750000 0.2165063509 0.0000000000
v 0.7031250000 0.2165063509 0.0000000000
v 0.7109375000 0.0676582347 0.0000000000
v 0.6953125000 0.0947215285 0.0000000000
v 0.7578125000 0.0135316469 0.0000000000
v 0.7421875000 0.0135316469 0.0000000000
v 0.7734375000 0.0405949408 0.0000000000
v 0.7265625000 0.0405949408 0.0000000000
v 0.7890625000 0.0676582347 0.0000000000
v 0.8046875000 0.0947215285 0.0000000000
v 0.5703125000 0.1217848224 0.0000000000
v 0.5859375000 0.1488481163 0.0000000000
v 0.6015625000 0.1759114101 0.0000000000
v 0.6171875000 0.2029747040 0.0000000000
v 0.3984375000 0.1759114101 0.0000000000
v 0.3828125000 0.2029747040 0.0000000000
v 0.4296875000 0.1217848224 0.0000000000
v 0.4140625000 0.1488481163 0.0000000000
v 0.4609375000 0.0676582347 0.0000000000
v 0.4453125000 0.0947215285 0.0000000000
v 0.5078125000 0.0135316469 0.0000000000
v 0.4921875000 0.0135316469 0.0000000000
v 0.5234375000 0.0405949408 0.0000000000
v 0.4765625000 0.0405949408 0.0000000000
v 0.5390625000 0.0676582347 0.0000000000
v 0.5546875000 0.0947215285 0.0000000000
v 0.6718750000 0.4330127019 0.0000000000
v 0.6406250000 0.4330127019 0.0000000000
v 0.6953125000 0.3382911734 0.0000000000
v 0.7109375000 0.3653544672 0.0000000000
v 0.7265625000 0.3924177611 0.0000000000
v 0.7421875000 0.4194810550 0.0000000000
v 0.7343750000 0.4330127019 0.0000000000
v 0.7031250000 0.4330127019 0.0000000000
v 0.5468750000 0.4330127019 0.0000000000
v 0.5156250000 0.4330127019 0.0000000000
v 0.6093750000 0.4330127019 0.0000000000
v 0.5781250000 0.4330127019 0.0000000000
v 0.6328125000 0.2300379979 0.0000000000
v 0.6484375000 0.2571012917 0.0000000000
v 0.6640625000 0.2841645856 0.0000000000
v 0.6796875000 0.3112278795 0.0000000000
v 0.4218750000 0.4330127019 0.0000000000
v 0.3906250000 0.4330127019 0.0000000000
v 0.4843750000 0.4330127019 0.0000000000
v 0.4531250000 0.4330127019 0.0000000000
v 0.2734375000 0.3924177611 0.0000000000
v 0.2968750000 0.4330127019 0.0000000000
v 0.2656250000 0.4330127019 0.0000000000
v 0.2578125000 0.4194810550 0.0000000000
v 0.3046875000 0.3382911734 0.0000000000
v 0.2890625000 0.3653544672 0.0000000000
v 0.3593750000 0.4330127019 0.0000000000
v 0.3281250000 0.4330127019 0.0000000000
v 0.3359375000 0.2841645856 0.0000000000
v 0.3203125000 0.3112278795 0.0000000000
v 0.3671875000 0.2300379979 0.0000000000
v 0.3515625000 0.2571012917 0.0000000000
v 0.3515625000 0.6089241120 0.0000000000
v 0.3671875000 0.6359874059 0.0000000000
v 0.3203125000 0.5547975243 0.0000000000
v 0.3359375000 0.5818608182 0.0000000000
v 0.2890625000 0.5006709366 0.0000000000
v 0.3046875000 0.5277342304 0.0000000000
v 0.2578125000 0.4465443488 0.0000000000
v 0.2734375000 0.4736076427 0.0000000000
v 0.7109375000 0.5006709366 0.0000000000
v 0.6953125000 0.5277342304 0.0000000000
v 0.7421875000 0.4465443488 0.0000000000
v 0.7265625000 0.4736076427 0.0000000000
v 0.6484375000 0.6089241120 0.0000000000
v 0.6328125000 0.6359874059 0.0000000000
v 0.6796875000 0.5547975243 0.0000000000
v 0.6640625000 0.5818608182 0.0000000000
v 0.5859375000 0.7171772875 0.0000000000
v 0.5703125000 0.7442405814 0.0000000000
v 0.6171875000 0.6630506998 0.0000000000
v 0.6015625000 0.6901139936 0.0000000000
v 0.4765625000 0.8254304630 0.0000000000
v 0.5234375000 0.8254304630 0.0000000000
v 0.5078125000 0.8524937569 0.0000000000
v 0.4921875000 0.8524937569 0.0000000000
v 0.4453125000 0.7713038752 0.0000000000
v 0.4609375000 0.7983671691 0.0000000000
v 0.5546875000 0.7713038752 0.0000000000
v 0.5390625000 0.7983671691 0.0000000000
v 0.4140625000 0.7171772875 0.0000000000
v 0.4296875000 0.7442405814 0.0000000000
v 0.3828125000 0.6630506998 0.0000000000
v 0.3984375000 0.6901139936 0.0000000000
v 0.1406250000 0.0000000000 0.0000000000
v 0.1718750000 0.0000000000 0.0000000000
v 0.2031250000 0.0000000000 0.0000000000
v 0.2343750000 0.0000000000 0.0000000000
v 0.1015625000 0.1759114101 0.0000000000
v 0.1171875000 0.2029747040 0.0000000000
v 0.0703125000 0.1217848224 0.0000000000
v 0.0859375000 0.1488481163 0.0000000000
v 0.0390625000 0.0676582347 0.0000000000
v 0.0546875000 0.0947215285 0.0000000000
v 0.0156250000 0.0000000000 0.0000000000
v 0.0078125000 0.0135316469 0.0000000000
v 0.0468750000 0.0000000000 0.0000000000
v 0.0234375000 0.0405949408 0.0000000000
v 0.0781250000 0.0000000000 0.0000000000
v 0.1093750000 0.0000000000 0.0000000000
v 0.3906250000 0.0000000000 0.0000000000
v 0.4218750000 0.0000000000 0.0000000000
v 0.4531250000 0.0000000000 0.0000000000
v 0.4843750000 0.0000000000 0.0000000000
v 0.2656250000 0.0000000000 0.0000000000
v 0.2968750000 0.0000000000 0.0000000000
v 0.3281250000 0.0000000000 0.0000000000
v 0.3593750000 0.0000000000 0.0000000000
v 0.2265625000 0.3924177611 0.0000000000
v 0.2421875000 0.4194810550 0.0000000000
v 0.1953125000 0.3382911734 0.0000000000
v 0.2109375000 0.3653544672 0.0000000000
v 0.1640625000 0.2841645856 0.0000000000
v 0.1796875000 0.3112278795 0.0000000000
v 0.1328125000 0.2300379979 0.0000000000
v 0.1484375000 0.2571012917 0.0000000000
v 0.6406250000 0.0000000000 0.0000000000
v 0.6718750000 0.0000000000 0.0000000000
v 0.7031250000 0.0000000000 0.0000000000
v 0.7343750000 0.0000000000 0.0000000000
v 0.5156250000 0.0000000000 0.0000000000
v 0.5468750000 0.0000000000 0.0000000000
v 0.5781250000 0.0000000000 0.0000000000
v 0.6093750000 0.0000000000 0.0000000000
v 0.9609375000 0.0676582347 0.0000000000
v 0.9453125000 0.0947215285 0.0000000000
v 0.8906250000 0.0000000000 0.0000000000
v 0.9218750000 0.0000000000 0.0000000000
v 0.9531250000 0.0000000000 0.0000000000
v 0.9843750000 0.0000000000 0.0000000000
v 0.9921875000 0.0135316469 0.0000000000
v 0.9765625000 0.0405949408 0.0000000000
v 0.8984375000 0.1759114101 0.0000000000
v 0.8828125000 0.2029747040 0.0000000000
v 0.9296875000 0.1217848224 0.0000000000
v 0.9140625000 0.1488481163 0.0000000000
v 0.7656250000 0.0000000000 0.0000000000
v 0.7968750000 0.0000000000 0.0000000000
v 0.8281250000 0.0000000000 0.0000000000
v 0.8593750000 0.0000000000 0.0000000000
v 0.8359375000 0.2841645856 0.0000000000
v 0.8203125000 0.3112278795 0.0000000000
v 0.8671875000 0.2300379979 0.0000000000
v 0.8515625000 0.2571012917 0.0000000000
v 0.7734375000 0.3924177611 0.0000000000
v 0.7578125000 0.4194810550 0.0000000000
v 0.8046875000 0.3382911734 0.0000000000
v 0.7890625000 0.3653544672 0.0000000000
f 562 563 564
f 565 566 567
f 568 569 570
f 571 572 573
f 574 575 576
f 577 578 579
f 580 581 582
f 583 584 585
f 586 587 588
f 589 590 591
f 592 593 594
f 595 596 597
f 598 599 600
f 601 602 603
f 604 605 606
f 607 608 609
f 610 611 612
f 613 614 615
f 616 617 618
f 619 620 621
f 622 623 624
f 625 626 627
f 628 629 630
f 631 632 633
f 634 635 636
f 637 638 639
f 640 641 642
f 643 644 645
f 646 647 648
f 649 650 651
f 652 653 654
f 655 656 657
f 658 659 660
f 661 662 663
f 664 665 666
f 667 668 669
f 670 671 672
f 673 674 675
f 676 677 678
f 679 680 681
f 682 683 684
f 685 686 687
f 688 689 690
f 691 692 693
f 694 695 696
f 697 698 699
f 700 701 702
f 703 704 705
f 706 707 708
f 709 710 711
f 712 713 714
f 715 716 717
f 718 719 720
f 721 722 723
f 724 725 726
f 727 728 729
f 730 731 732
f 733 734 735
f 736 737 738
f 739 740 741
f 742 743 744
f 745 746 747
f 748 749 750
f 751 752 753
f 754 755 756
f 757 758 759
f 760 761 762
f 763 764 765
f 766 767 768
f 769 770 771
f 772 773 774
f 775 776 777
f 778 779 780
f 781 782 783
f 784 785 786
f 787 788 789
f 790 791 792
f 793 794 795
f 796 797 798
f 799 800 801
f 802 803 804
f 805 806 807
f 808 809 810
f 811 812 813
f 814 815 816
f 817 818 819
f 820 821 822
f 823 824 825
f 826 827 828
f 829 830 831
f 832 833 834
f 835 836 837
f 838 839 840
f 841 842 843
f 844 845 846
f 847 848 849
f 850 851 852
f 853 854 855
f 856 857 858
f 859 860 861
f 862 863 864
f 865 866 867
f 868 869 870
f 871 872 873
f 874 875 876
f 877 878 879
f 880 881 882
f 883 884 885
f 886 887 888
f 889 890 891
f 892 893 894
f 895 896 897
f 898 899 900
f 901 902 903
f 904 905 906
f 907 908 909
f 910 911 912
f 913 914 915
f 916 917 918
f 919 920 921
f 922 923 924
f 925 926 927
f 928 929 930
f 931 932 933
f 934 935 936
f 937 938 939
f 940 941 942
f 943 944 945
f 946 947 948
f 949 950 951
f 952 953 954
f 955 956 957
f 958 959 960
f 961 962 963
f 964 965 966
f 967 968 969
f 970 971 972
f 973 974 975
f 976 977 978
f 979 980 981
f 982 983 984
f 985 986 987
f 988 989 990
f 991 992 993
f 994 995 996
f 997 998 999
f 1000 1001 1002
f 1003 1004 1005
f 1006 1007 1008
f 1009 1010 1011
f 1012 1013 1014
f 1015 1016 1017
f 1018 1019 1020
f 1021 1022 1023
f 1024 1025 1026
f 1027 1028 1029
f 1030 1031 1032
f 1033 1034 1035
f 1036 1037 1038
f 1039 1040 1041
f 1042 1043 1044
f 1045 1046 1047
f 1048 1049 1050
f 1051 1052 1053
f 1054 1055 1056
f 1057 1058 1059
f 1060 1061 1062
f 1063 1064 1065
f 1066 1067 1068
f 1069 1070 1071
f 1072 1073 1074
f 1075 1076 1077
f 1078 1079 1080
f 1081 1082 1083
f 1084 1085 1086
f 1087 1088 1089
f 1090 1091 1092
f 1093 1094 1095
f 1096 1097 1098
f 1099 1100 1101
f 1102 1103 1104
f 1105 1106 1107
f 1108 1109 1110
f 1111 1112 1113
f 1114 1115 1116
f 1117 1118 1119
f 1120 1121 1122
f 1123 1124 1125
f 1126 1127 1128
f 1129 1130 1131
f 1132 1133 1134
f 1135 1136 1137
f 1138 1139 1140
f 1141 1142 1143
f 1144 1145 1146
f 1147 1148 1149
f 1150 1151 1152
f 1153 1154 1155
f 1156 1157 1158
f 1159 1160 1161
f 1162 1163 1164
f 1165 1166 1167
f 1168 1169 1170
f 1171 1172 1173
f 1174 1175 1176
f 1177 1178 1179
f 1180 1181 1182
f 1183 1184 1185
f 1186 1187 1188
f 1189 1190 1191
f 1192 1193 1194
f 1195 1196 1197
f 1198 1199 1200
f 1201 1202 1203
f 1204 1205 1206
f 1207 1208 1209
f 1210 1211 1212
f 1213 1214 1215
f 1216 1217 1218
f 1219 1220 1221
f 1222 1223 1224
f 1225 1226 1227
f 1228 1229 1230
f 1231 1232 1233
f 1234 1235 1236
f 1237 1238 1239
f 1240 1241 1242
f 1243 1244 1245
f 1246 1247 1248
f 1249 1250 1251
f 1252 1253 1254
f 1255 1256 1257
f 1258 1259 1260
f 1261 1262 1263
f 1264 1265 1266
f 1267 1268 1269
f 1270 1271 1272
f 1273 1274 1275
f 1276 1277 1278
f 1279 1280 1281
f 1282 1283 1284
f 1285 1286 1287
f 1288 1289 1290
f 1291 1292 1293
f 1294 1295 1296
f 1297 1298 1299
f 1300 1301 1302
f 1303 1304 1305
f 1306 1307 1308
f 1309 1310 1311
f 1312 1313 1314
f 1315 1316 1317
f 1318 1319 1320
f 1321 1322 1323
f 1324 1325 1326
f 1327 1328 1329
f 1330 564 1331
f 1332 1333 562
f 563 1334 1335
f 1336 567 1337
f 1338 1339 565
f 566 1340 1341
f 1342 570 1343
f 1344 1345 568
f 569 1346 1347
f 1348 573 1349
f 1350 1351 571
f 572 1352 1353
f 1354 576 1355
f 1356 1357 574
f 575 1358 1359
f 1360 579 1361
f 1362 1363 577
f 578 1364 1365
f 1366 582 1367
f 1368 1369 580
f 581 1370 1371
f 1372 585 1373
f 1374 1375 583
f 584 1376 1377
f 1378 588 1379
f 1380 1381 586
f 587 1382 1383
f 1384 591 1385
f 1386 1387 589
f 590 1388 1389
f 1390 594 1391
f 1392 1393 592
f 593 1394 1395
f 1396 597 1397
f 1398 1399 595
f 596 1400 1401
f 1402 600 1403
f 1404 1405 598
f 599 1406 1407
f 1408 603 1409
f 1410 1411 601
f 602 1412 1413
f 1414 606 1415
f 1416 1417 604
f 605 1418 1419
f 1420 609 1421
f 1422 1423 607
f 608 1424 1425
f 1426 612 1427
f 1428 1429 610
f 611 1430 1431
f 1432 615 1433
f 1434 1435 613
f 614 1436 1437
f 1438 618 1439
f 1440 1441 616
f 617 1442 1443
f 1444 621 1445
f 1446 1447 619
f 620 1448 1449
f 1450 624 1451
f 1452 1453 622
f 623 1454 1455
f 1456 627 1457
f 1458 1459 625
f 626 1460 1461
f 1462 630 1463
f 1464 1465 628
f 629 1466 1467
f 1468 633 1469
f 1470 1471 631
f 632 1472 1473
f 1474 636 1475
f 1476 1477 634
f 635 1478 1479
f 1480 639 1481
f 1482 1483 637
f 638 1484 1485
f 1486 642 1487
f 1488 1489 640
f 641 1490 1491
f 1492 645 1493
f 1494 1495 643
f 644 1496 1497
f 1498 648 1499
f 1500 1501 646
f 647 1502 1503
f 1504 651 1505
f 1506 1507 649
f 650 1508 1509
f 1510 654 1511
f 1512 1513 652
f 653 1514 1515
f 1516 657 1517
f 1518 1519 655
f 656 1520 1521
f 1522 660 1523
f 1524 1525 658
f 659 1526 1527
f 1528 663 1529
f 1530 1531 661
f 662 1532 1533
f 1534 666 1535
f 1536 1537 664
f 665 1538 1539
f 1540 669 1541
f 1542 1543 667
f 668 1544 1545
f 1546 672 1547
f 1548 1549 670
f 671 1550 1551
f 1552 675 1553
f 1554 1555 673
f 674 1556 1557
f 1558 678 1559
f 1560 1561 676
f 677 1562 1563
f 1564 681 1565
f 1566 1567 679
f 680 1568 1569
f 1570 684 1571
f 1572 1573 682
f 683 1574 1575
f 1576 687 1577
f 1578 1579 685
f 686 1580 1581
f 1582 690 1583
f 1584 1585 688
f 689 1586 1587
f 1588 693 1589
f 1590 1591 691
f 692 1592 1593
f 1594 696 1595
f 1596 1597 694
f 695 1598 1599
f 1600 699 1601
f 1602 1603 697
f 698 1604 1605
f 1606 702 1607
f 1608 1609 700
f 701 1610 1611
f 1612 705 1613
f 1614 1615 703
f 704 1616 1617
f 1618 708 1619
f 1620 1621 706
f 707 1622 1623
f 1624 711 1625
f 1626 1627 709
f 710 1628 1629
f 1630 714 1631
f 1632 1633 712
f 713 1634 1635
f 1636 717 1637
f 1638 1639 715
f 716 1640 1641
f 1642 720 1643
f 1644 1645 718
f 719 1646 1647
f 1648 723 1649
f 1650 1651 721
f 722 1652 1653
f 1654 726 1655
f 1656 1657 724
f 725 1658 1659
f 1660 729 1661
f 1662 1663 727
f 728 1664 1665
f 1666 732 1667
f 1668 1669 730
f 731 1670 1671
f 1672 735 1673
f 1674 1675 733
f 734 1676 1677
f 1678 738 1679
f 1680 1681 736
f 737 1682 1683
f 1684 741 1685
f 1686 1687 739
f 740 1688 1689
f 1690 744 1691
f 1692 1693 742
f 743 1694 1695
f 1696 747 1697
f 1698 1699 745
f 746 1700 1701
f 1702 750 1703
f 1704 1705 748
f 749 1706 1707
f 1708 753 1709
f 1710 1711 751
f 752 1712 1713
f 1334 756 1714
f 1333 1715 754
f 755 1716 1717
f 1718 759 1719
f 1720 1331 757
f 758 1335 1721
f 1722 762 1330
f 1723 1724 760
f 761 1725 1332
f 1340 765 1726
f 1339 1727 763
f 764 1728 1729
f 1730 768 1731
f 1732 1337 766
f 767 1341 1733
f 1734 771 1336
f 1735 1736 769
f 770 1737 1338
f 1346 774 1738
f 1345 1739 772
f 773 1740 1741
f 1742 777 1743
f 1744 1343 775
f 776 1347 1745
f 1746 780 1342
f 1747 1748 778
f 779 1749 1344
f 1352 783 1750
f 1351 1751 781
f 782 1752 1753
f 1754 786 1755
f 1756 1349 784
f 785 1353 1757
f 1758 789 1348
f 1759 1760 787
f 788 1761 1350
f 1358 792 1762
f 1357 1763 790
f 791 1764 1765
f 1766 795 1767
f 1768 1355 793
f 794 1359 1769
f 1770 798 1354
f 1771 1772 796
f 797 1773 1356
f 1364 801 1774
f 1363 1775 799
f 800 1776 1777
f 1778 804 1779
f 1780 1361 802
f 803 1365 1781
f 1782 807 1360
f 1783 1784 805
f 806 1785 1362
f 1370 810 1786
f 1369 1787 808
f 809 1788 1789
f 1790 813 1791
f 1792 1367 811
f 812 1371 1793
f 1794 816 1366
f 1795 1796 814
f 815 1797 1368
f 1376 819 1798
f 1375 1799 817
f 818 1800 1801
f 1802 822 1803
f 1804 1373 820
f 821 1377 1805
f 1806 825 1372
f 1807 1808 823
f 824 1809 1374
f 1382 828 1810
f 1381 1811 826
f 827 1812 1813
f 1814 831 1815
f 1816 1379 829
f 830 1383 1817
f 1818 834 1378
f 1819 1820 832
f 833 1821 1380
f 1388 837 1822
f 1387 1823 835
f 836 1824 1825
f 1826 840 1827
f 1828 1385 838
f 839 1389 1829
f 1830 843 1384
f 1831 1832 841
f 842 1833 1386
f 1394 846 1834
f 1393 1835 844
f 845 1836 1837
f 1838 849 1839
f 1840 1391 847
f 848 1395 1841
f 1842 852 1390
f 1843 1844 850
f 851 1845 1392
f 1400 855 1846
f 1399 1847 853
f 854 1848 1849
f 1850 858 1851
f 1852 1397 856
f 857 1401 1853
f 1854 861 1396
f 1855 1856 859
f 860 1857 1398
f 1406 864 1858
f 1405 1859 862
f 863 1860 1861
f 1862 867 1863
f 1864 1403 865
f 866 1407 1865
f 1866 870 1402
f 1867 1868 868
f 869 1869 1404
f 1412 873 1870
f 1411 1871 871
f 872 1872 1873
f 1874 876 1875
f 1876 1409 874
f 875 1413 1877
f 1878 879 1408
f 1879 1880 877
f 878 1881 1410
f 1418 882 1882
f 1417 1883 880
f 881 1884 1885
f 1886 885 1887
f 1888 1415 883
f 884 1419 1889
f 1890 888 1414
f 1891 1892 886
f 887 1893 1416
f 1424 891 1894
f 1423 1895 889
f 890 1896 1897
f 1898 894 1899
f 1900 1421 892
f 893 1425 1901
f 1902 897 1420
f 1903 1904 895
f 896 1905 1422
f 1430 900 1722
f 1429 1906 898
f 899 1907 1723
f 1908 903 1718
f 1909 1427 901
f 902 1431 1720
f 1910 906 1426
f 1911 1912 904
f 905 1913 1428
f 1436 909 1914
f 1435 1915 907
f 908 1916 1917
f 1716 912 1918
f 1715 1433 910
f 911 1437 1919
f 1725 915 1432
f 1724 1920 913
f 914 1921 1434
f 1442 918 1922
f 1441 1714 916
f 917 1717 1923
f 1924 921 1925
f 1926 1439 919
f 920 1443 1927
f 1928 924 1438
f 1929 1719 922
f 923 1721 1440
f 1448 927 1734
f 1447 1930 925
f 926 1931 1735
f 1932 930 1730
f 1933 1445 928
f 929 1449 1732
f 1934 933 1444
f 1935 1936 931
f 932 1937 1446
f 1454 936 1938
f 1453 1939 934
f 935 1940 1941
f 1728 939 1942
f 1727 1451 937
f 938 1455 1943
f 1737 942 1450
f 1736 1944 940
f 941 1945 1452
f 1460 945 1946
f 1459 1726 943
f 944 1729 1947
f 1948 948 1949
f 1950 1457 946
f 947 1461 1951
f 1952 951 1456
f 1953 1731 949
f 950 1733 1458
f 1466 954 1746
f 1465 1954 952
f 953 1955 1747
f 1956 957 1742
f 1957 1463 955
f 956 1467 1744
f 1958 960 1462
f 1959 1960 958
f 959 1961 1464
f 1472 963 1962
f 1471 1963 961
f 962 1964 1965
f 1740 966 1966
f 1739 1469 964
f 965 1473 1967
f 1749 969 1468
f 1748 1968 967
f 968 1969 1470
f 1478 972 1970
f 1477 1738 970
f 971 1741 1971
f 1972 975 1973
f 1974 1475 973
f 974 1479 1975
f 1976 978 1474
f 1977 1743 976
f 977 1745 1476
f 1484 981 1758
f 1483 1978 979
f 980 1979 1759
f 1980 984 1754
f 1981 1481 982
f 983 1485 1756
f 1982 987 1480
f 1983 1984 985
f 986 1985 1482
f 1490 990 1986
f 1489 1987 988
f 989 1988 1989
f 1752 993 1990
f 1751 1487 991
f 992 1491 1991
f 1761 996 1486
f 1760 1992 994
f 995 1993 1488
f 1496 999 1994
f 1495 1750 997
f 998 1753 1995
f 1996 1002 1997
f 1998 1493 1000
f 1001 1497 1999
f 2000 1005 1492
f 2001 1755 1003
f 1004 1757 1494
f 1502 1008 1770
f 1501 1922 1006
f 1007 1923 1771
f 2002 1011 1766
f 2003 1499 1009
f 1010 1503 1768
f 2004 1014 1498
f 2005 1925 1012
f 1013 1927 1500
f 1508 1017 2006
f 1507 1914 1015
f 1016 1917 2007
f 1764 1020 2008
f 1763 1505 1018
f 1019 1509 2009
f 1773 1023 1504
f 1772 1918 1021
f 1022 1919 1506
f 1514 1026 2010
f 1513 1762 1024
f 1025 1765 2011
f 2012 1029 2013
f 2014 1511 1027
f 1028 1515 2015
f 2016 1032 1510
f 2017 1767 1030
f 1031 1769 1512
f 1520 1035 1782
f 1519 2018 1033
f 1034 2019 1783
f 2020 1038 1778
f 2021 1517 1036
f 1037 1521 1780
f 2022 1041 1516
f 2023 2024 1039
f 1040 2025 1518
f 1526 1044 1910
f 1525 2026 1042
f 1043 2027 1911
f 1776 1047 1908
f 1775 1523 1045
f 1046 1527 1909
f 1785 1050 1522
f 1784 2028 1048
f 1049 2029 1524
f 1532 1053 1928
f 1531 1774 1051
f 1052 1777 1929
f 2030 1056 1924
f 2031 1529 1054
f 1055 1533 1926
f 2032 1059 1528
f 2033 1779 1057
f 1058 1781 1530
f 1538 1062 1794
f 1537 2034 1060
f 1061 2035 1795
f 1907 1065 1790
f 1906 1535 1063
f 1064 1539 1792
f 1913 1068 1534
f 1912 2036 1066
f 1067 2037 1536
f 1544 1071 2038
f 1543 2039 1069
f 1070 2040 2041
f 1788 1074 2042
f 1787 1541 1072
f 1073 1545 2043
f 1797 1077 1540
f 1796 2044 1075
f 1076 2045 1542
f 1550 1080 2046
f 1549 1786 1078
f 1079 1789 2047
f 1916 1083 2048
f 1915 1547 1081
f 1082 1551 2049
f 1921 1086 1546
f 1920 1791 1084
f 1085 1793 1548
f 1556 1089 1806
f 1555 1946 1087
f 1088 1947 1807
f 2035 1092 1802
f 2034 1553 1090
f 1091 1557 1804
f 2037 1095 1552
f 2036 1949 1093
f 1094 1951 1554
f 1562 1098 2050
f 1561 1938 1096
f 1097 1941 2051
f 1800 1101 2052
f 1799 1559 1099
f 1100 1563 2053
f 1809 1104 1558
f 1808 1942 1102
f 1103 1943 1560
f 1568 1107 2054
f 1567 1798 1105
f 1106 1801 2055
f 2040 1110 2056
f 2039 1565 1108
f 1109 1569 2057
f 2045 1113 1564
f 2044 1803 1111
f 1112 1805 1566
f 1574 1116 1818
f 1573 2058 1114
f 1115 2059 1819
f 2019 1119 1814
f 2018 1571 1117
f 1118 1575 1816
f 2025 1122 1570
f 2024 2060 1120
f 1121 2061 1572
f 1580 1125 1934
f 1579 2062 1123
f 1124 2063 1935
f 1812 1128 1932
f 1811 1577 1126
f 1127 1581 1933
f 1821 1131 1576
f 1820 2064 1129
f 1130 2065 1578
f 1586 1134 1952
f 1585 1810 1132
f 1133 1813 1953
f 2027 1137 1948
f 2026 1583 1135
f 1136 1587 1950
f 2029 1140 1582
f 2028 1815 1138
f 1139 1817 1584
f 1592 1143 1830
f 1591 2066 1141
f 1142 2067 1831
f 1931 1146 1826
f 1930 1589 1144
f 1145 1593 1828
f 1937 1149 1588
f 1936 2068 1147
f 1148 2069 1590
f 1598 1152 2070
f 1597 2071 1150
f 1151 2072 2073
f 1824 1155 2074
f 1823 1595 1153
f 1154 1599 2075
f 1833 1158 1594
f 1832 2076 1156
f 1157 2077 1596
f 1604 1161 2078
f 1603 1822 1159
f 1160 1825 2079
f 1940 1164 2080
f 1939 1601 1162
f 1163 1605 2081
f 1945 1167 1600
f 1944 1827 1165
f 1166 1829 1602
f 1610 1170 1842
f 1609 1970 1168
f 1169 1971 1843
f 2082 1173 1838
f 2083 1607 1171
f 1172 1611 1840
f 2084 1176 1606
f 2085 1973 1174
f 1175 1975 1608
f 1616 1179 2086
f 1615 1962 1177
f 1178 1965 2087
f 1836 1182 2088
f 1835 1613 1180
f 1181 1617 2089
f 1845 1185 1612
f 1844 1966 1183
f 1184 1967 1614
f 1622 1188 2090
f 1621 1834 1186
f 1187 1837 2091
f 2092 1191 2093
f 2094 1619 1189
f 1190 1623 2095
f 2096 1194 1618
f 2097 1839 1192
f 1193 1841 1620
f 1628 1197 1854
f 1627 2010 1195
f 1196 2011 1855
f 2098 1200 1850
f 2099 1625 1198
f 1199 1629 1852
f 2100 1203 1624
f 2101 2013 1201
f 1202 2015 1626
f 1634 1206 1958
f 1633 2006 1204
f 1205 2007 1959
f 1848 1209 1956
f 1847 1631 1207
f 1208 1635 1957
f 1857 1212 1630
f 1856 2008 1210
f 1211 2009 1632
f 1640 1215 1976
f 1639 1846 1213
f 1214 1849 1977
f 2102 1218 1972
f 2103 1637 1216
f 1217 1641 1974
f 2104 1221 1636
f 2105 1851 1219
f 1220 1853 1638
f 1646 1224 1866
f 1645 2046 1222
f 1223 2047 1867
f 1955 1227 1862
f 1954 1643 1225
f 1226 1647 1864
f 1961 1230 1642
f 1960 2048 1228
f 1229 2049 1644
f 1652 1233 2106
f 1651 2038 1231
f 1232 2041 2107
f 1860 1236 2108
f 1859 1649 1234
f 1235 1653 2109
f 1869 1239 1648
f 1868 2042 1237
f 1238 2043 1650
f 1658 1242 2110
f 1657 1858 1240
f 1241 1861 2111
f 1964 1245 2112
f 1963 1655 1243
f 1244 1659 2113
f 1969 1248 1654
f 1968 1863 1246
f 1247 1865 1656
f 1664 1251 1878
f 1663 1994 1249
f 1250 1995 1879
f 2114 1254 1874
f 2115 1661 1252
f 1253 1665 1876
f 2116 1257 1660
f 2117 1997 1255
f 1256 1999 1662
f 1670 1260 2004
f 1669 1986 1258
f 1259 1989 2005
f 1872 1263 2002
f 1871 1667 1261
f 1262 1671 2003
f 1881 1266 1666
f 1880 1990 1264
f 1265 1991 1668
f 1676 1269 2016
f 1675 1870 1267
f 1268 1873 2017
f 2118 1272 2012
f 2119 1673 1270
f 1271 1677 2014
f 2120 1275 1672
f 2121 1875 1273
f 1274 1877 1674
f 1682 1278 1890
f 1681 2122 1276
f 1277 2123 1891
f 2124 1281 1886
f 2125 1679 1279
f 1280 1683 1888
f 2126 1284 1678
f 2127 2128 1282
f 1283 2129 1680
f 1688 1287 1982
f 1687 2130 1285
f 1286 2131 1983
f 1884 1290 1980
f 1883 1685 1288
f 1289 1689 1981
f 1893 1293 1684
f 1892 2132 1291
f 1292 2133 1686
f 1694 1296 2000
f 1693 1882 1294
f 1295 1885 2001
f 2134 1299 1996
f 2135 1691 1297
f 1298 1695 1998
f 2136 1302 1690
f 2137 1887 1300
f 1301 1889 1692
f 1700 1305 1902
f 1699 2138 1303
f 1304 2139 1903
f 1979 1308 1898
f 1978 1697 1306
f 1307 1701 1900
f 1985 1311 1696
f 1984 2140 1309
f 1310 2141 1698
f 1706 1314 2022
f 1705 2142 1312
f 1313 2143 2023
f 1896 1317 2020
f 1895 1703 1315
f 1316 1707 2021
f 1905 1320 1702
f 1904 2144 1318
f 1319 2145 1704
f 1712 1323 2032
f 1711 1894 1321
f 1322 1897 2033
f 1988 1326 2030
f 1987 1709 1324
f 1325 1713 2031
f 1993 1329 1708
f 1992 1899 1327
f 1328 1901 1710
f 562 156 563
f 564 563 154
f 155 562 564
f 565 159 566
f 567 566 157
f 158 565 567
f 568 162 569
f 570 569 160
f 161 568 570
f 571 165 572
f 573 572 163
f 164 571 573
f 574 168 575
f 576 575 166
f 167 574 576
f 577 171 578
f 579 578 169
f 170 577 579
f 580 174 581
f 582 581 172
f 173 580 582
f 583 177 584
f 585 584 175
f 176 583 585
f 586 180 587
f 588 587 178
f 179 586 588
f 589 183 590
f 591 590 181
f 182 589 591
f 592 186 593
f 594 593 184
f 185 592 594
f 595 189 596
f 597 596 187
f 188 595 597
f 598 192 599
f 600 599 190
f 191 598 600
f 601 195 602
f 603 602 193
f 194 601 603
f 604 198 605
f 606 605 196
f 197 604 606
f 607 201 608
f 609 608 199
f 200 607 609
f 610 204 611
f 612 611 202
f 203 610 612
f 613 207 614
f 615 614 205
f 206 613 615
f 616 210 617
f 618 617 208
f 209 616 618
f 619 213 620
f 621 620 211
f 212 619 621
f 622 216 623
f 624 623 214
f 215 622 624
f 625 219 626
f 627 626 217
f 218 625 627
f 628 222 629
f 630 629 220
f 221 628 630
f 631 225 632
f 633 632 223
f 224 631 633
f 634 228 635
f 636 635 226
f 227 634 636
f 637 231 638
f 639 638 229
f 230 637 639
f 640 234 641
f 642 641 232
f 233 640 642
f 643 237 644
f 645 644 235
f 236 643 645
f 646 240 647
f 648 647 238
f 239 646 648
f 649 243 650
f 651 650 241
f 242 649 651
f 652 246 653
f 654 653 244
f 245 652 654
f 655 249 656
f 657 656 247
f 248 655 657
f 658 252 659
f 660 659 250
f 251 658 660
f 661 255 662
f 663 662 253
f 254 661 663
f 664 258 665
f 666 665 256
f 257 664 666
f 667 261 668
f 669 668 259
f 260 667 669
f 670 264 671
f 672 671 262
f 263 670 672
f 673 267 674
f 675 674 265
f 266 673 675
f 676 270 677
f 678 677 268
f 269 676 678
f 679 273 680
f 681 680 271
f 272 679 681
f 682 276 683
f 684 683 274
f 275 682 684
f 685 279 686
f 687 686 277
f 278 685 687
f 688 282 689
f 690 689 280
f 281 688 690
f 691 285 692
f 693 692 283
f 284 691 693
f 694 288 695
f 696 695 286
f 287 694 696
f 697 291 698
f 699 698 289
f 290 697 699
f 700 294 701
f 702 701 292
f 293 700 702
f 703 297 704
f 705 704 295
f 296 703 705
f 706 300 707
f 708 707 298
f 299 706 708
f 709 303 710
f 711 710 301
f 302 709 711
f 712 306 713
f 714 713 304
f 305 712 714
f 715 309 716
f 717 716 307
f 308 715 717
f 718 312 719
f 720 719 310
f 311 718 720
f 721 315 722
f 723 722 313
f 314 721 723
f 724 318 725
f 726 725 316
f 317 724 726
f 727 321 728
f 729 728 319
f 320 727 729
f 730 324 731
f 732 731 322
f 323 730 732
f 733 327 734
f 735 734 325
f 326 733 735
f 736 330 737
f 738 737 328
f 329 736 738
f 739 333 740
f 741 740 331
f 332 739 741
f 742 336 743
f 744 743 334
f 335 742 744
f 745 339 746
f 747 746 337
f 338 745 747
f 748 342 749
f 750 749 340
f 341 748 750
f 751 345 752
f 753 752 343
f 344 751 753
f 754 347 755
f 756 755 346
f 156 754 756
f 757 154 758
f 759 758 348
f 349 757 759
f 760 351 761
f 762 761 155
f 350 760 762
f 763 353 764
f 765 764 352
f 159 763 765
f 766 157 767
f 768 767 354
f 355 766 768
f 769 357 770
f 771 770 158
f 356 769 771
f 772 359 773
f 774 773 358
f 162 772 774
f 775 160 776
f 777 776 360
f 361 775 777
f 778 363 779
f 780 779 161
f 362 778 780
f 781 365 782
f 783 782 364
f 165 781 783
f 784 163 785
f 786 785 366
f 367 784 786
f 787 369 788
f 789 788 164
f 368 787 789
f 790 371 791
f 792 791 370
f 168 790 792
f 793 166 794
f 795 794 372
f 373 793 795
f 796 375 797
f 798 797 167
f 374 796 798
f 799 377 800
f 801 800 376
f 171 799 801
f 802 169 803
f 804 803 378
f 379 802 804
f 805 381 806
f 807 806 170
f 380 805 807
f 808 383 809
f 810 809 382
f 174 808 810
f 811 172 812
f 813 812 384
f 385 811 813
f 814 387 815
f 816 815 173
f 386 814 816
f 817 389 818
f 819 818 388
f 177 817 819
f 820 175 821
f 822 821 390
f 391 820 822
f 823 393 824
f 825 824 176
f 392 823 825
f 826 395 827
f 828 827 394
f 180 826 828
f 829 178 830
f 831 830 396
f 397 829 831
f 832 399 833
f 834 833 179
f 398 832 834
f 835 401 836
f 837 836 400
f 183 835 837
f 838 181 839
f 840 839 402
f 403 838 840
f 841 405 842
f 843 842 182
f 404 841 843
f 844 407 845
f 846 845 406
f 186 844 846
f 847 184 848
f 849 848 408
f 409 847 849
f 850 411 851
f 852 851 185
f 410 850 852
f 853 413 854
f 855 854 412
f 189 853 855
f 856 187 857
f 858 857 414
f 415 856 858
f 859 417 860
f 861 860 188
f 416 859 861
f 862 419 863
f 864 863 418
f 192 862 864
f 865 190 866
f 867 866 420
f 421 865 867
f 868 423 869
f 870 869 191
f 422 868 870
f 871 425 872
f 873 872 424
f 195 871 873
f 874 193 875
f 876 875 426
f 427 874 876
f 877 429 878
f 879 878 194
f 428 877 879
f 880 431 881
f 882 881 430
f 198 880 882
f 883 196 884
f 885 884 432
f 433 883 885
f 886 435 887
f 888 887 197
f 434 886 888
f 889 437 890
f 891 890 436
f 201 889 891
f 892 199 893
f 894 893 438
f 439 892 894
f 895 441 896
f 897 896 200
f 440 895 897
f 898 442 899
f 900 899 350
f 204 898 900
f 901 202 902
f 903 902 349
f 443 901 903
f 904 445 905
f 906 905 203
f 444 904 906
f 907 447 908
f 909 908 446
f 207 907 909
f 910 205 911
f 912 911 448
f 347 910 912
f 913 449 914
f 915 914 206
f 351 913 915
f 916 346 917
f 918 917 450
f 210 916 918
f 919 208 920
f 921 920 451
f 452 919 921
f 922 348 923
f 924 923 209
f 453 922 924
f 925 454 926
f 927 926 356
f 213 925 927
f 928 211 929
f 930 929 355
f 455 928 930
f 931 457 932
f 933 932 212
f 456 931 933
f 934 459 935
f 936 935 458
f 216 934 936
f 937 214 938
f 939 938 460
f 353 937 939
f 940 461 941
f 942 941 215
f 357 940 942
f 943 352 944
f 945 944 462
f 219 943 945
f 946 217 947
f 948 947 463
f 464 946 948
f 949 354 950
f 951 950 218
f 465 949 951
f 952 466 953
f 954 953 362
f 222 952 954
f 955 220 956
f 957 956 361
f 467 955 957
f 958 469 959
f 960 959 221
f 468 958 960
f 961 471 962
f 963 962 470
f 225 961 963
f 964 223 965
f 966 965 472
f 359 964 966
f 967 473 968
f 969 968 224
f 363 967 969
f 970 358 971
f 972 971 474
f 228 970 972
f 973 226 974
f 975 974 475
f 476 973 975
f 976 360 977
f 978 977 227
f 477 976 978
f 979 478 980
f 981 980 368
f 231 979 981
f 982 229 983
f 984 983 367
f 479 982 984
f 985 481 986
f 987 986 230
f 480 985 987
f 988 483 989
f 990 989 482
f 234 988 990
f 991 232 992
f 993 992 484
f 365 991 993
f 994 485 995
f 996 995 233
f 369 994 996
f 997 364 998
f 999 998 486
f 237 997 999
f 1000 235 1001
f 1002 1001 487
f 488 1000 1002
f 1003 366 1004
f 1005 1004 236
f 489 1003 1005
f 1006 450 1007
f 1008 1007 374
f 240 1006 1008
f 1009 238 1010
f 1011 1010 373
f 490 1009 1011
f 1012 451 1013
f 1014 1013 239
f 491 1012 1014
f 1015 446 1016
f 1017 1016 492
f 243 1015 1017
f 1018 241 1019
f 1020 1019 493
f 371 1018 1020
f 1021 448 1022
f 1023 1022 242
f 375 1021 1023
f 1024 370 1025
f 1026 1025 494
f 246 1024 1026
f 1027 244 1028
f 1029 1028 495
f 496 1027 1029
f 1030 372 1031
f 1032 1031 245
f 497 1030 1032
f 1033 498 1034
f 1035 1034 380
f 249 1033 1035
f 1036 247 1037
f 1038 1037 379
f 499 1036 1038
f 1039 501 1040
f 1041 1040 248
f 500 1039 1041
f 1042 502 1043
f 1044 1043 444
f 252 1042 1044
f 1045 250 1046
f 1047 1046 443
f 377 1045 1047
f 1048 503 1049
f 1050 1049 251
f 381 1048 1050
f 1051 376 1052
f 1053 1052 453
f 255 1051 1053
f 1054 253 1055
f 1056 1055 452
f 504 1054 1056
f 1057 378 1058
f 1059 1058 254
f 505 1057 1059
f 1060 506 1061
f 1062 1061 386
f 258 1060 1062
f 1063 256 1064
f 1065 1064 385
f 442 1063 1065
f 1066 507 1067
f 1068 1067 257
f 445 1066 1068
f 1069 509 1070
f 1071 1070 508
f 261 1069 1071
f 1072 259 1073
f 1074 1073 510
f 383 1072 1074
f 1075 511 1076
f 1077 1076 260
f 387 1075 1077
f 1078 382 1079
f 1080 1079 512
f 264 1078 1080
f 1081 262 1082
f 1083 1082 513
f 447 1081 1083
f 1084 384 1085
f 1086 1085 263
f 449 1084 1086
f 1087 462 1088
f 1089 1088 392
f 267 1087 1089
f 1090 265 1091
f 1092 1091 391
f 506 1090 1092
f 1093 463 1094
f 1095 1094 266
f 507 1093 1095
f 1096 458 1097
f 1098 1097 514
f 270 1096 1098
f 1099 268 1100
f 1101 1100 515
f 389 1099 1101
f 1102 460 1103
f 1104 1103 269
f 393 1102 1104
f 1105 388 1106
f 1107 1106 516
f 273 1105 1107
f 1108 271 1109
f 1110 1109 517
f 509 1108 1110
f 1111 390 1112
f 1113 1112 272
f 511 1111 1113
f 1114 518 1115
f 1116 1115 398
f 276 1114 1116
f 1117 274 1118
f 1119 1118 397
f 498 1117 1119
f 1120 519 1121
f 1122 1121 275
f 501 1120 1122
f 1123 520 1124
f 1125 1124 456
f 279 1123 1125
f 1126 277 1127
f 1128 1127 455
f 395 1126 1128
f 1129 521 1130
f 1131 1130 278
f 399 1129 1131
f 1132 394 1133
f 1134 1133 465
f 282 1132 1134
f 1135 280 1136
f 1137 1136 464
f 502 1135 1137
f 1138 396 1139
f 1140 1139 281
f 503 1138 1140
f 1141 522 1142
f 1143 1142 404
f 285 1141 1143
f 1144 283 1145
f 1146 1145 403
f 454 1144 1146
f 1147 523 1148
f 1149 1148 284
f 457 1147 1149
f 1150 525 1151
f 1152 1151 524
f 288 1150 1152
f 1153 286 1154
f 1155 1154 526
f 401 1153 1155
f 1156 527 1157
f 1158 1157 287
f 405 1156 1158
f 1159 400 1160
f 1161 1160 528
f 291 1159 1161
f 1162 289 1163
f 1164 1163 529
f 459 1162 1164
f 1165 402 1166
f 1167 1166 290
f 461 1165 1167
f 1168 474 1169
f 1170 1169 410
f 294 1168 1170
f 1171 292 1172
f 1173 1172 409
f 530 1171 1173
f 1174 475 1175
f 1176 1175 293
f 531 1174 1176
f 1177 470 1178
f 1179 1178 532
f 297 1177 1179
f 1180 295 1181
f 1182 1181 533
f 407 1180 1182
f 1183 472 1184
f 1185 1184 296
f 411 1183 1185
f 1186 406 1187
f 1188 1187 534
f 300 1186 1188
f 1189 298 1190
f 1191 1190 535
f 536 1189 1191
f 1192 408 1193
f 1194 1193 299
f 537 1192 1194
f 1195 494 1196
f 1197 1196 416
f 303 1195 1197
f 1198 301 1199
f 1200 1199 415
f 538 1198 1200
f 1201 495 1202
f 1203 1202 302
f 539 1201 1203
f 1204 492 1205
f 1206 1205 468
f 306 1204 1206
f 1207 304 1208
f 1209 1208 467
f 413 1207 1209
f 1210 493 1211
f 1212 1211 305
f 417 1210 1212
f 1213 412 1214
f 1215 1214 477
f 309 1213 1215
f 1216 307 1217
f 1218 1217 476
f 540 1216 1218
f 1219 414 1220
f 1221 1220 308
f 541 1219 1221
f 1222 512 1223
f 1224 1223 422
f 312 1222 1224
f 1225 310 1226
f 1227 1226 421
f 466 1225 1227
f 1228 513 1229
f 1230 1229 311
f 469 1228 1230
f 1231 508 1232
f 1233 1232 542
f 315 1231 1233
f 1234 313 1235
f 1236 1235 543
f 419 1234 1236
f 1237 510 1238
f 1239 1238 314
f 423 1237 1239
f 1240 418 1241
f 1242 1241 544
f 318 1240 1242
f 1243 316 1244
f 1245 1244 545
f 471 1243 1245
f 1246 420 1247
f 1248 1247 317
f 473 1246 1248
f 1249 486 1250
f 1251 1250 428
f 321 1249 1251
f 1252 319 1253
f 1254 1253 427
f 546 1252 1254
f 1255 487 1256
f 1257 1256 320
f 547 1255 1257
f 1258 482 1259
f 1260 1259 491
f 324 1258 1260
f 1261 322 1262
f 1263 1262 490
f 425 1261 1263
f 1264 484 1265
f 1266 1265 323
f 429 1264 1266
f 1267 424 1268
f 1269 1268 497
f 327 1267 1269
f 1270 325 1271
f 1272 1271 496
f 548 1270 1272
f 1273 426 1274
f 1275 1274 326
f 549 1273 1275
f 1276 550 1277
f 1278 1277 434
f 330 1276 1278
f 1279 328 1280
f 1281 1280 433
f 551 1279 1281
f 1282 553 1283
f 1284 1283 329
f 552 1282 1284
f 1285 554 1286
f 1287 1286 480
f 333 1285 1287
f 1288 331 1289
f 1290 1289 479
f 431 1288 1290
f 1291 555 1292
f 1293 1292 332
f 435 1291 1293
f 1294 430 1295
f 1296 1295 489
f 336 1294 1296
f 1297 334 1298
f 1299 1298 488
f 556 1297 1299
f 1300 432 1301
f 1302 1301 335
f 557 1300 1302
f 1303 558 1304
f 1305 1304 440
f 339 1303 1305
f 1306 337 1307
f 1308 1307 439
f 478 1306 1308
f 1309 559 1310
f 1311 1310 338
f 481 1309 1311
f 1312 560 1313
f 1314 1313 500
f 342 1312 1314
f 1315 340 1316
f 1317 1316 499
f 437 1315 1317
f 1318 561 1319
f 1320 1319 341
f 441 1318 1320
f 1321 436 1322
f 1323 1322 505
f 345 1321 1323
f 1324 343 1325
f 1326 1325 504
f 483 1324 1326
f 1327 438 1328
f 1329 1328 344
f 485 1327 1329
f 1330 155 564
f 1331 564 154
f 48 1330 1331
f 1332 46 1333
f 562 1333 156
f 155 1332 562
f 563 156 1334
f 1335 1334 47
f 154 563 1335
f 1336 158 567
f 1337 567 157
f 51 1336 1337
f 1338 49 1339
f 565 1339 159
f 158 1338 565
f 566 159 1340
f 1341 1340 50
f 157 566 1341
f 1342 161 570
f 1343 570 160
f 54 1342 1343
f 1344 52 1345
f 568 1345 162
f 161 1344 568
f 569 162 1346
f 1347 1346 53
f 160 569 1347
f 1348 164 573
f 1349 573 163
f 57 1348 1349
f 1350 55 1351
f 571 1351 165
f 164 1350 571
f 572 165 1352
f 1353 1352 56
f 163 572 1353
f 1354 167 576
f 1355 576 166
f 60 1354 1355
f 1356 58 1357
f 574 1357 168
f 167 1356 574
f 575 168 1358
f 1359 1358 59
f 166 575 1359
f 1360 170 579
f 1361 579 169
f 63 1360 1361
f 1362 61 1363
f 577 1363 171
f 170 1362 577
f 578 171 1364
f 1365 1364 62
f 169 578 1365
f 1366 173 582
f 1367 582 172
f 66 1366 1367
f 1368 64 1369
f 580 1369 174
f 173 1368 580
f 581 174 1370
f 1371 1370 65
f 172 581 1371
f 1372 176 585
f 1373 585 175
f 69 1372 1373
f 1374 67 1375
f 583 1375 177
f 176 1374 583
f 584 177 1376
f 1377 1376 68
f 175 584 1377
f 1378 179 588
f 1379 588 178
f 72 1378 1379
f 1380 70 1381
f 586 1381 180
f 179 1380 586
f 587 180 1382
f 1383 1382 71
f 178 587 1383
f 1384 182 591
f 1385 591 181
f 75 1384 1385
f 1386 73 1387
f 589 1387 183
f 182 1386 589
f 590 183 1388
f 1389 1388 74
f 181 590 1389
f 1390 185 594
f 1391 594 184
f 78 1390 1391
f 1392 76 1393
f 592 1393 186
f 185 1392 592
f 593 186 1394
f 1395 1394 77
f 184 593 1395
f 1396 188 597
f 1397 597 187
f 81 1396 1397
f 1398 79 1399
f 595 1399 189
f 188 1398 595
f 596 189 1400
f 1401 1400 80
f 187 596 1401
f 1402 191 600
f 1403 600 190
f 84 1402 1403
f 1404 82 1405
f 598 1405 192
f 191 1404 598
f 599 192 1406
f 1407 1406 83
f 190 599 1407
f 1408 194 603
f 1409 603 193
f 87 1408 1409
f 1410 85 1411
f 601 1411 195
f 194 1410 601
f 602 195 1412
f 1413 1412 86
f 193 602 1413
f 1414 197 606
f 1415 606 196
f 90 1414 1415
f 1416 88 1417
f 604 1417 198
f 197 1416 604
f 605 198 1418
f 1419 1418 89
f 196 605 1419
f 1420 200 609
f 1421 609 199
f 93 1420 1421
f 1422 91 1423
f 607 1423 201
f 200 1422 607
f 608 201 1424
f 1425 1424 92
f 199 608 1425
f 1426 203 612
f 1427 612 202
f 95 1426 1427
f 1428 94 1429
f 610 1429 204
f 203 1428 610
f 611 204 1430
f 1431 1430 48
f 202 611 1431
f 1432 206 615
f 1433 615 205
f 46 1432 1433
f 1434 96 1435
f 613 1435 207
f 206 1434 613
f 614 207 1436
f 1437 1436 97
f 205 614 1437
f 1438 209 618
f 1439 618 208
f 99 1438 1439
f 1440 47 1441
f 616 1441 210
f 209 1440 616
f 617 210 1442
f 1443 1442 98
f 208 617 1443
f 1444 212 621
f 1445 621 211
f 101 1444 1445
f 1446 100 1447
f 619 1447 213
f 212 1446 619
f 620 213 1448
f 1449 1448 51
f 211 620 1449
f 1450 215 624
f 1451 624 214
f 49 1450 1451
f 1452 102 1453
f 622 1453 216
f 215 1452 622
f 623 216 1454
f 1455 1454 103
f 214 623 1455
f 1456 218 627
f 1457 627 217
f 105 1456 1457
f 1458 50 1459
f 625 1459 219
f 218 1458 625
f 626 219 1460
f 1461 1460 104
f 217 626 1461
f 1462 221 630
f 1463 630 220
f 107 1462 1463
f 1464 106 1465
f 628 1465 222
f 221 1464 628
f 629 222 1466
f 1467 1466 54
f 220 629 1467
f 1468 224 633
f 1469 633 223
f 52 1468 1469
f 1470 108 1471
f 631 1471 225
f 224 1470 631
f 632 225 1472
f 1473 1472 109
f 223 632 1473
f 1474 227 636
f 1475 636 226
f 111 1474 1475
f 1476 53 1477
f 634 1477 228
f 227 1476 634
f 635 228 1478
f 1479 1478 110
f 226 635 1479
f 1480 230 639
f 1481 639 229
f 113 1480 1481
f 1482 112 1483
f 637 1483 231
f 230 1482 637
f 638 231 1484
f 1485 1484 57
f 229 638 1485
f 1486 233 642
f 1487 642 232
f 55 1486 1487
f 1488 114 1489
f 640 1489 234
f 233 1488 640
f 641 234 1490
f 1491 1490 115
f 232 641 1491
f 1492 236 645
f 1493 645 235
f 117 1492 1493
f 1494 56 1495
f 643 1495 237
f 236 1494 643
f 644 237 1496
f 1497 1496 116
f 235 644 1497
f 1498 239 648
f 1499 648 238
f 118 1498 1499
f 1500 98 1501
f 646 1501 240
f 239 1500 646
f 647 240 1502
f 1503 1502 60
f 238 647 1503
f 1504 242 651
f 1505 651 241
f 58 1504 1505
f 1506 97 1507
f 649 1507 243
f 242 1506 649
f 650 243 1508
f 1509 1508 119
f 241 650 1509
f 1510 245 654
f 1511 654 244
f 121 1510 1511
f 1512 59 1513
f 652 1513 246
f 245 1512 652
f 653 246 1514
f 1515 1514 120
f 244 653 1515
f 1516 248 657
f 1517 657 247
f 123 1516 1517
f 1518 122 1519
f 655 1519 249
f 248 1518 655
f 656 249 1520
f 1521 1520 63
f 247 656 1521
f 1522 251 660
f 1523 660 250
f 61 1522 1523
f 1524 124 1525
f 658 1525 252
f 251 1524 658
f 659 252 1526
f 1527 1526 95
f 250 659 1527
f 1528 254 663
f 1529 663 253
f 125 1528 1529
f 1530 62 1531
f 661 1531 255
f 254 1530 661
f 662 255 1532
f 1533 1532 99
f 253 662 1533
f 1534 257 666
f 1535 666 256
f 94 1534 1535
f 1536 126 1537
f 664 1537 258
f 257 1536 664
f 665 258 1538
f 1539 1538 66
f 256 665 1539
f 1540 260 669
f 1541 669 259
f 64 1540 1541
f 1542 127 1543
f 667 1543 261
f 260 1542 667
f 668 261 1544
f 1545 1544 128
f 259 668 1545
f 1546 263 672
f 1547 672 262
f 96 1546 1547
f 1548 65 1549
f 670 1549 264
f 263 1548 670
f 671 264 1550
f 1551 1550 129
f 262 671 1551
f 1552 266 675
f 1553 675 265
f 126 1552 1553
f 1554 104 1555
f 673 1555 267
f 266 1554 673
f 674 267 1556
f 1557 1556 69
f 265 674 1557
f 1558 269 678
f 1559 678 268
f 67 1558 1559
f 1560 103 1561
f 676 1561 270
f 269 1560 676
f 677 270 1562
f 1563 1562 130
f 268 677 1563
f 1564 272 681
f 1565 681 271
f 127 1564 1565
f 1566 68 1567
f 679 1567 273
f 272 1566 679
f 680 273 1568
f 1569 1568 131
f 271 680 1569
f 1570 275 684
f 1571 684 274
f 122 1570 1571
f 1572 132 1573
f 682 1573 276
f 275 1572 682
f 683 276 1574
f 1575 1574 72
f 274 683 1575
f 1576 278 687
f 1577 687 277
f 70 1576 1577
f 1578 133 1579
f 685 1579 279
f 278 1578 685
f 686 279 1580
f 1581 1580 101
f 277 686 1581
f 1582 281 690
f 1583 690 280
f 124 1582 1583
f 1584 71 1585
f 688 1585 282
f 281 1584 688
f 689 282 1586
f 1587 1586 105
f 280 689 1587
f 1588 284 693
f 1589 693 283
f 100 1588 1589
f 1590 134 1591
f 691 1591 285
f 284 1590 691
f 692 285 1592
f 1593 1592 75
f 283 692 1593
f 1594 287 696
f 1595 696 286
f 73 1594 1595
f 1596 135 1597
f 694 1597 288
f 287 1596 694
f 695 288 1598
f 1599 1598 136
f 286 695 1599
f 1600 290 699
f 1601 699 289
f 102 1600 1601
f 1602 74 1603
f 697 1603 291
f 290 1602 697
f 698 291 1604
f 1605 1604 137
f 289 698 1605
f 1606 293 702
f 1607 702 292
f 138 1606 1607
f 1608 110 1609
f 700 1609 294
f 293 1608 700
f 701 294 1610
f 1611 1610 78
f 292 701 1611
f 1612 296 705
f 1613 705 295
f 76 1612 1613
f 1614 109 1615
f 703 1615 297
f 296 1614 703
f 704 297 1616
f 1617 1616 139
f 295 704 1617
f 1618 299 708
f 1619 708 298
f 141 1618 1619
f 1620 77 1621
f 706 1621 300
f 299 1620 706
f 707 300 1622
f 1623 1622 140
f 298 707 1623
f 1624 302 711
f 1625 711 301
f 142 1624 1625
f 1626 120 1627
f 709 1627 303
f 302 1626 709
f 710 303 1628
f 1629 1628 81
f 301 710 1629
f 1630 305 714
f 1631 714 304
f 79 1630 1631
f 1632 119 1633
f 712 1633 306
f 305 1632 712
f 713 306 1634
f 1635 1634 107
f 304 713 1635
f 1636 308 717
f 1637 717 307
f 143 1636 1637
f 1638 80 1639
f 715 1639 309
f 308 1638 715
f 716 309 1640
f 1641 1640 111
f 307 716 1641
f 1642 311 720
f 1643 720 310
f 106 1642 1643
f 1644 129 1645
f 718 1645 312
f 311 1644 718
f 719 312 1646
f 1647 1646 84
f 310 719 1647
f 1648 314 723
f 1649 723 313
f 82 1648 1649
f 1650 128 1651
f 721 1651 315
f 314 1650 721
f 722 315 1652
f 1653 1652 144
f 313 722 1653
f 1654 317 726
f 1655 726 316
f 108 1654 1655
f 1656 83 1657
f 724 1657 318
f 317 1656 724
f 725 318 1658
f 1659 1658 145
f 316 725 1659
f 1660 320 729
f 1661 729 319
f 146 1660 1661
f 1662 116 1663
f 727 1663 321
f 320 1662 727
f 728 321 1664
f 1665 1664 87
f 319 728 1665
f 1666 323 732
f 1667 732 322
f 85 1666 1667
f 1668 115 1669
f 730 1669 324
f 323 1668 730
f 731 324 1670
f 1671 1670 118
f 322 731 1671
f 1672 326 735
f 1673 735 325
f 147 1672 1673
f 1674 86 1675
f 733 1675 327
f 326 1674 733
f 734 327 1676
f 1677 1676 121
f 325 734 1677
f 1678 329 738
f 1679 738 328
f 149 1678 1679
f 1680 148 1681
f 736 1681 330
f 329 1680 736
f 737 330 1682
f 1683 1682 90
f 328 737 1683
f 1684 332 741
f 1685 741 331
f 88 1684 1685
f 1686 150 1687
f 739 1687 333
f 332 1686 739
f 740 333 1688
f 1689 1688 113
f 331 740 1689
f 1690 335 744
f 1691 744 334
f 151 1690 1691
f 1692 89 1693
f 742 1693 336
f 335 1692 742
f 743 336 1694
f 1695 1694 117
f 334 743 1695
f 1696 338 747
f 1697 747 337
f 112 1696 1697
f 1698 152 1699
f 745 1699 339
f 338 1698 745
f 746 339 1700
f 1701 1700 93
f 337 746 1701
f 1702 341 750
f 1703 750 340
f 91 1702 1703
f 1704 153 1705
f 748 1705 342
f 341 1704 748
f 749 342 1706
f 1707 1706 123
f 340 749 1707
f 1708 344 753
f 1709 753 343
f 114 1708 1709
f 1710 92 1711
f 751 1711 345
f 344 1710 751
f 752 345 1712
f 1713 1712 125
f 343 752 1713
f 1334 156 756
f 1714 756 346
f 47 1334 1714
f 1333 46 1715
f 754 1715 347
f 156 1333 754
f 755 347 1716
f 1717 1716 18
f 346 755 1717
f 1718 349 759
f 1719 759 348
f 16 1718 1719
f 1720 48 1331
f 757 1331 154
f 349 1720 757
f 758 154 1335
f 1721 1335 47
f 348 758 1721
f 1722 350 762
f 1330 762 155
f 48 1722 1330
f 1723 17 1724
f 760 1724 351
f 350 1723 760
f 761 351 1725
f 1332 1725 46
f 155 761 1332
f 1340 159 765
f 1726 765 352
f 50 1340 1726
f 1339 49 1727
f 763 1727 353
f 159 1339 763
f 764 353 1728
f 1729 1728 21
f 352 764 1729
f 1730 355 768
f 1731 768 354
f 19 1730 1731
f 1732 51 1337
f 766 1337 157
f 355 1732 766
f 767 157 1341
f 1733 1341 50
f 354 767 1733
f 1734 356 771
f 1336 771 158
f 51 1734 1336
f 1735 20 1736
f 769 1736 357
f 356 1735 769
f 770 357 1737
f 1338 1737 49
f 158 770 1338
f 1346 162 774
f 1738 774 358
f 53 1346 1738
f 1345 52 1739
f 772 1739 359
f 162 1345 772
f 773 359 1740
f 1741 1740 24
f 358 773 1741
f 1742 361 777
f 1743 777 360
f 22 1742 1743
f 1744 54 1343
f 775 1343 160
f 361 1744 775
f 776 160 1347
f 1745 1347 53
f 360 776 1745
f 1746 362 780
f 1342 780 161
f 54 1746 1342
f 1747 23 1748
f 778 1748 363
f 362 1747 778
f 779 363 1749
f 1344 1749 52
f 161 779 1344
f 1352 165 783
f 1750 783 364
f 56 1352 1750
f 1351 55 1751
f 781 1751 365
f 165 1351 781
f 782 365 1752
f 1753 1752 27
f 364 782 1753
f 1754 367 786
f 1755 786 366
f 25 1754 1755
f 1756 57 1349
f 784 1349 163
f 367 1756 784
f 785 163 1353
f 1757 1353 56
f 366 785 1757
f 1758 368 789
f 1348 789 164
f 57 1758 1348
f 1759 26 1760
f 787 1760 369
f 368 1759 787
f 788 369 1761
f 1350 1761 55
f 164 788 1350
f 1358 168 792
f 1762 792 370
f 59 1358 1762
f 1357 58 1763
f 790 1763 371
f 168 1357 790
f 791 371 1764
f 1765 1764 29
f 370 791 1765
f 1766 373 795
f 1767 795 372
f 28 1766 1767
f 1768 60 1355
f 793 1355 166
f 373 1768 793
f 794 166 1359
f 1769 1359 59
f 372 794 1769
f 1770 374 798
f 1354 798 167
f 60 1770 1354
f 1771 18 1772
f 796 1772 375
f 374 1771 796
f 797 375 1773
f 1356 1773 58
f 167 797 1356
f 1364 171 801
f 1774 801 376
f 62 1364 1774
f 1363 61 1775
f 799 1775 377
f 171 1363 799
f 800 377 1776
f 1777 1776 16
f 376 800 1777
f 1778 379 804
f 1779 804 378
f 30 1778 1779
f 1780 63 1361
f 802 1361 169
f 379 1780 802
f 803 169 1365
f 1781 1365 62
f 378 803 1781
f 1782 380 807
f 1360 807 170
f 63 1782 1360
f 1783 31 1784
f 805 1784 381
f 380 1783 805
f 806 381 1785
f 1362 1785 61
f 170 806 1362
f 1370 174 810
f 1786 810 382
f 65 1370 1786
f 1369 64 1787
f 808 1787 383
f 174 1369 808
f 809 383 1788
f 1789 1788 33
f 382 809 1789
f 1790 385 813
f 1791 813 384
f 17 1790 1791
f 1792 66 1367
f 811 1367 172
f 385 1792 811
f 812 172 1371
f 1793 1371 65
f 384 812 1793
f 1794 386 816
f 1366 816 173
f 66 1794 1366
f 1795 32 1796
f 814 1796 387
f 386 1795 814
f 815 387 1797
f 1368 1797 64
f 173 815 1368
f 1376 177 819
f 1798 819 388
f 68 1376 1798
f 1375 67 1799
f 817 1799 389
f 177 1375 817
f 818 389 1800
f 1801 1800 34
f 388 818 1801
f 1802 391 822
f 1803 822 390
f 32 1802 1803
f 1804 69 1373
f 820 1373 175
f 391 1804 820
f 821 175 1377
f 1805 1377 68
f 390 821 1805
f 1806 392 825
f 1372 825 176
f 69 1806 1372
f 1807 21 1808
f 823 1808 393
f 392 1807 823
f 824 393 1809
f 1374 1809 67
f 176 824 1374
f 1382 180 828
f 1810 828 394
f 71 1382 1810
f 1381 70 1811
f 826 1811 395
f 180 1381 826
f 827 395 1812
f 1813 1812 19
f 394 827 1813
f 1814 397 831
f 1815 831 396
f 31 1814 1815
f 1816 72 1379
f 829 1379 178
f 397 1816 829
f 830 178 1383
f 1817 1383 71
f 396 830 1817
f 1818 398 834
f 1378 834 179
f 72 1818 1378
f 1819 35 1820
f 832 1820 399
f 398 1819 832
f 833 399 1821
f 1380 1821 70
f 179 833 1380
f 1388 183 837
f 1822 837 400
f 74 1388 1822
f 1387 73 1823
f 835 1823 401
f 183 1387 835
f 836 401 1824
f 1825 1824 37
f 400 836 1825
f 1826 403 840
f 1827 840 402
f 20 1826 1827
f 1828 75 1385
f 838 1385 181
f 403 1828 838
f 839 181 1389
f 1829 1389 74
f 402 839 1829
f 1830 404 843
f 1384 843 182
f 75 1830 1384
f 1831 36 1832
f 841 1832 405
f 404 1831 841
f 842 405 1833
f 1386 1833 73
f 182 842 1386
f 1394 186 846
f 1834 846 406
f 77 1394 1834
f 1393 76 1835
f 844 1835 407
f 186 1393 844
f 845 407 1836
f 1837 1836 39
f 406 845 1837
f 1838 409 849
f 1839 849 408
f 38 1838 1839
f 1840 78 1391
f 847 1391 184
f 409 1840 847
f 848 184 1395
f 1841 1395 77
f 408 848 1841
f 1842 410 852
f 1390 852 185
f 78 1842 1390
f 1843 24 1844
f 850 1844 411
f 410 1843 850
f 851 411 1845
f 1392 1845 76
f 185 851 1392
f 1400 189 855
f 1846 855 412
f 80 1400 1846
f 1399 79 1847
f 853 1847 413
f 189 1399 853
f 854 413 1848
f 1849 1848 22
f 412 854 1849
f 1850 415 858
f 1851 858 414
f 40 1850 1851
f 1852 81 1397
f 856 1397 187
f 415 1852 856
f 857 187 1401
f 1853 1401 80
f 414 857 1853
f 1854 416 861
f 1396 861 188
f 81 1854 1396
f 1855 29 1856
f 859 1856 417
f 416 1855 859
f 860 417 1857
f 1398 1857 79
f 188 860 1398
f 1406 192 864
f 1858 864 418
f 83 1406 1858
f 1405 82 1859
f 862 1859 419
f 192 1405 862
f 863 419 1860
f 1861 1860 41
f 418 863 1861
f 1862 421 867
f 1863 867 420
f 23 1862 1863
f 1864 84 1403
f 865 1403 190
f 421 1864 865
f 866 190 1407
f 1865 1407 83
f 420 866 1865
f 1866 422 870
f 1402 870 191
f 84 1866 1402
f 1867 33 1868
f 868 1868 423
f 422 1867 868
f 869 423 1869
f 1404 1869 82
f 191 869 1404
f 1412 195 873
f 1870 873 424
f 86 1412 1870
f 1411 85 1871
f 871 1871 425
f 195 1411 871
f 872 425 1872
f 1873 1872 28
f 424 872 1873
f 1874 427 876
f 1875 876 426
f 42 1874 1875
f 1876 87 1409
f 874 1409 193
f 427 1876 874
f 875 193 1413
f 1877 1413 86
f 426 875 1877
f 1878 428 879
f 1408 879 194
f 87 1878 1408
f 1879 27 1880
f 877 1880 429
f 428 1879 877
f 878 429 1881
f 1410 1881 85
f 194 878 1410
f 1418 198 882
f 1882 882 430
f 89 1418 1882
f 1417 88 1883
f 880 1883 431
f 198 1417 880
f 881 431 1884
f 1885 1884 25
f 430 881 1885
f 1886 433 885
f 1887 885 432
f 43 1886 1887
f 1888 90 1415
f 883 1415 196
f 433 1888 883
f 884 196 1419
f 1889 1419 89
f 432 884 1889
f 1890 434 888
f 1414 888 197
f 90 1890 1414
f 1891 44 1892
f 886 1892 435
f 434 1891 886
f 887 435 1893
f 1416 1893 88
f 197 887 1416
f 1424 201 891
f 1894 891 436
f 92 1424 1894
f 1423 91 1895
f 889 1895 437
f 201 1423 889
f 890 437 1896
f 1897 1896 30
f 436 890 1897
f 1898 439 894
f 1899 894 438
f 26 1898 1899
f 1900 93 1421
f 892 1421 199
f 439 1900 892
f 893 199 1425
f 1901 1425 92
f 438 893 1901
f 1902 440 897
f 1420 897 200
f 93 1902 1420
f 1903 45 1904
f 895 1904 441
f 440 1903 895
f 896 441 1905
f 1422 1905 91
f 200 896 1422
f 1430 204 900
f 1722 900 350
f 48 1430 1722
f 1429 94 1906
f 898 1906 442
f 204 1429 898
f 899 442 1907
f 1723 1907 17
f 350 899 1723
f 1908 443 903
f 1718 903 349
f 16 1908 1718
f 1909 95 1427
f 901 1427 202
f 443 1909 901
f 902 202 1431
f 1720 1431 48
f 349 902 1720
f 1910 444 906
f 1426 906 203
f 95 1910 1426
f 1911 9 1912
f 904 1912 445
f 444 1911 904
f 905 445 1913
f 1428 1913 94
f 203 905 1428
f 1436 207 909
f 1914 909 446
f 97 1436 1914
f 1435 96 1915
f 907 1915 447
f 207 1435 907
f 908 447 1916
f 1917 1916 7
f 446 908 1917
f 1716 347 912
f 1918 912 448
f 18 1716 1918
f 1715 46 1433
f 910 1433 205
f 347 1715 910
f 911 205 1437
f 1919 1437 97
f 448 911 1919
f 1725 351 915
f 1432 915 206
f 46 1725 1432
f 1724 17 1920
f 913 1920 449
f 351 1724 913
f 914 449 1921
f 1434 1921 96
f 206 914 1434
f 1442 210 918
f 1922 918 450
f 98 1442 1922
f 1441 47 1714
f 916 1714 346
f 210 1441 916
f 917 346 1717
f 1923 1717 18
f 450 917 1923
f 1924 452 921
f 1925 921 451
f 8 1924 1925
f 1926 99 1439
f 919 1439 208
f 452 1926 919
f 920 208 1443
f 1927 1443 98
f 451 920 1927
f 1928 453 924
f 1438 924 209
f 99 1928 1438
f 1929 16 1719
f 922 1719 348
f 453 1929 922
f 923 348 1721
f 1440 1721 47
f 209 923 1440
f 1448 213 927
f 1734 927 356
f 51 1448 1734
f 1447 100 1930
f 925 1930 454
f 213 1447 925
f 926 454 1931
f 1735 1931 20
f 356 926 1735
f 1932 455 930
f 1730 930 355
f 19 1932 1730
f 1933 101 1445
f 928 1445 211
f 455 1933 928
f 929 211 1449
f 1732 1449 51
f 355 929 1732
f 1934 456 933
f 1444 933 212
f 101 1934 1444
f 1935 11 1936
f 931 1936 457
f 456 1935 931
f 932 457 1937
f 1446 1937 100
f 212 932 1446
f 1454 216 936
f 1938 936 458
f 103 1454 1938
f 1453 102 1939
f 934 1939 459
f 216 1453 934
f 935 459 1940
f 1941 1940 10
f 458 935 1941
f 1728 353 939
f 1942 939 460
f 21 1728 1942
f 1727 49 1451
f 937 1451 214
f 353 1727 937
f 938 214 1455
f 1943 1455 103
f 460 938 1943
f 1737 357 942
f 1450 942 215
f 49 1737 1450
f 1736 20 1944
f 940 1944 461
f 357 1736 940
f 941 461 1945
f 1452 1945 102
f 215 941 1452
f 1460 219 945
f 1946 945 462
f 104 1460 1946
f 1459 50 1726
f 943 1726 352
f 219 1459 943
f 944 352 1729
f 1947 1729 21
f 462 944 1947
f 1948 464 948
f 1949 948 463
f 9 1948 1949
f 1950 105 1457
f 946 1457 217
f 464 1950 946
f 947 217 1461
f 1951 1461 104
f 463 947 1951
f 1952 465 951
f 1456 951 218
f 105 1952 1456
f 1953 19 1731
f 949 1731 354
f 465 1953 949
f 950 354 1733
f 1458 1733 50
f 218 950 1458
f 1466 222 954
f 1746 954 362
f 54 1466 1746
f 1465 106 1954
f 952 1954 466
f 222 1465 952
f 953 466 1955
f 1747 1955 23
f 362 953 1747
f 1956 467 957
f 1742 957 361
f 22 1956 1742
f 1957 107 1463
f 955 1463 220
f 467 1957 955
f 956 220 1467
f 1744 1467 54
f 361 956 1744
f 1958 468 960
f 1462 960 221
f 107 1958 1462
f 1959 7 1960
f 958 1960 469
f 468 1959 958
f 959 469 1961
f 1464 1961 106
f 221 959 1464
f 1472 225 963
f 1962 963 470
f 109 1472 1962
f 1471 108 1963
f 961 1963 471
f 225 1471 961
f 962 471 1964
f 1965 1964 12
f 470 962 1965
f 1740 359 966
f 1966 966 472
f 24 1740 1966
f 1739 52 1469
f 964 1469 223
f 359 1739 964
f 965 223 1473
f 1967 1473 109
f 472 965 1967
f 1749 363 969
f 1468 969 224
f 52 1749 1468
f 1748 23 1968
f 967 1968 473
f 363 1748 967
f 968 473 1969
f 1470 1969 108
f 224 968 1470
f 1478 228 972
f 1970 972 474
f 110 1478 1970
f 1477 53 1738
f 970 1738 358
f 228 1477 970
f 971 358 1741
f 1971 1741 24
f 474 971 1971
f 1972 476 975
f 1973 975 475
f 13 1972 1973
f 1974 111 1475
f 973 1475 226
f 476 1974 973
f 974 226 1479
f 1975 1479 110
f 475 974 1975
f 1976 477 978
f 1474 978 227
f 111 1976 1474
f 1977 22 1743
f 976 1743 360
f 477 1977 976
f 977 360 1745
f 1476 1745 53
f 227 977 1476
f 1484 231 981
f 1758 981 368
f 57 1484 1758
f 1483 112 1978
f 979 1978 478
f 231 1483 979
f 980 478 1979
f 1759 1979 26
f 368 980 1759
f 1980 479 984
f 1754 984 367
f 25 1980 1754
f 1981 113 1481
f 982 1481 229
f 479 1981 982
f 983 229 1485
f 1756 1485 57
f 367 983 1756
f 1982 480 987
f 1480 987 230
f 113 1982 1480
f 1983 15 1984
f 985 1984 481
f 480 1983 985
f 986 481 1985
f 1482 1985 112
f 230 986 1482
f 1490 234 990
f 1986 990 482
f 115 1490 1986
f 1489 114 1987
f 988 1987 483
f 234 1489 988
f 989 483 1988
f 1989 1988 8
f 482 989 1989
f 1752 365 993
f 1990 993 484
f 27 1752 1990
f 1751 55 1487
f 991 1487 232
f 365 1751 991
f 992 232 1491
f 1991 1491 115
f 484 992 1991
f 1761 369 996
f 1486 996 233
f 55 1761 1486
f 1760 26 1992
f 994 1992 485
f 369 1760 994
f 995 485 1993
f 1488 1993 114
f 233 995 1488
f 1496 237 999
f 1994 999 486
f 116 1496 1994
f 1495 56 1750
f 997 1750 364
f 237 1495 997
f 998 364 1753
f 1995 1753 27
f 486 998 1995
f 1996 488 1002
f 1997 1002 487
f 14 1996 1997
f 1998 117 1493
f 1000 1493 235
f 488 1998 1000
f 1001 235 1497
f 1999 1497 116
f 487 1001 1999
f 2000 489 1005
f 1492 1005 236
f 117 2000 1492
f 2001 25 1755
f 1003 1755 366
f 489 2001 1003
f 1004 366 1757
f 1494 1757 56
f 236 1004 1494
f 1502 240 1008
f 1770 1008 374
f 60 1502 1770
f 1501 98 1922
f 1006 1922 450
f 240 1501 1006
f 1007 450 1923
f 1771 1923 18
f 374 1007 1771
f 2002 490 1011
f 1766 1011 373
f 28 2002 1766
f 2003 118 1499
f 1009 1499 238
f 490 2003 1009
f 1010 238 1503
f 1768 1503 60
f 373 1010 1768
f 2004 491 1014
f 1498 1014 239
f 118 2004 1498
f 2005 8 1925
f 1012 1925 451
f 491 2005 1012
f 1013 451 1927
f 1500 1927 98
f 239 1013 1500
f 1508 243 1017
f 2006 1017 492
f 119 1508 2006
f 1507 97 1914
f 1015 1914 446
f 243 1507 1015
f 1016 446 1917
f 2007 1917 7
f 492 1016 2007
f 1764 371 1020
f 2008 1020 493
f 29 1764 2008
f 1763 58 1505
f 1018 1505 241
f 371 1763 1018
f 1019 241 1509
f 2009 1509 119
f 493 1019 2009
f 1773 375 1023
f 1504 1023 242
f 58 1773 1504
f 1772 18 1918
f 1021 1918 448
f 375 1772 1021
f 1022 448 1919
f 1506 1919 97
f 242 1022 1506
f 1514 246 1026
f 2010 1026 494
f 120 1514 2010
f 1513 59 1762
f 1024 1762 370
f 246 1513 1024
f 1025 370 1765
f 2011 1765 29
f 494 1025 2011
f 2012 496 1029
f 2013 1029 495
f 6 2012 2013
f 2014 121 1511
f 1027 1511 244
f 496 2014 1027
f 1028 244 1515
f 2015 1515 120
f 495 1028 2015
f 2016 497 1032
f 1510 1032 245
f 121 2016 1510
f 2017 28 1767
f 1030 1767 372
f 497 2017 1030
f 1031 372 1769
f 1512 1769 59
f 245 1031 1512
f 1520 249 1035
f 1782 1035 380
f 63 1520 1782
f 1519 122 2018
f 1033 2018 498
f 249 1519 1033
f 1034 498 2019
f 1783 2019 31
f 380 1034 1783
f 2020 499 1038
f 1778 1038 379
f 30 2020 1778
f 2021 123 1517
f 1036 1517 247
f 499 2021 1036
f 1037 247 1521
f 1780 1521 63
f 379 1037 1780
f 2022 500 1041
f 1516 1041 248
f 123 2022 1516
f 2023 4 2024
f 1039 2024 501
f 500 2023 1039
f 1040 501 2025
f 1518 2025 122
f 248 1040 1518
f 1526 252 1044
f 1910 1044 444
f 95 1526 1910
f 1525 124 2026
f 1042 2026 502
f 252 1525 1042
f 1043 502 2027
f 1911 2027 9
f 444 1043 1911
f 1776 377 1047
f 1908 1047 443
f 16 1776 1908
f 1775 61 1523
f 1045 1523 250
f 377 1775 1045
f 1046 250 1527
f 1909 1527 95
f 443 1046 1909
f 1785 381 1050
f 1522 1050 251
f 61 1785 1522
f 1784 31 2028
f 1048 2028 503
f 381 1784 1048
f 1049 503 2029
f 1524 2029 124
f 251 1049 1524
f 1532 255 1053
f 1928 1053 453
f 99 1532 1928
f 1531 62 1774
f 1051 1774 376
f 255 1531 1051
f 1052 376 1777
f 1929 1777 16
f 453 1052 1929
f 2030 504 1056
f 1924 1056 452
f 8 2030 1924
f 2031 125 1529
f 1054 1529 253
f 504 2031 1054
f 1055 253 1533
f 1926 1533 99
f 452 1055 1926
f 2032 505 1059
f 1528 1059 254
f 125 2032 1528
f 2033 30 1779
f 1057 1779 378
f 505 2033 1057
f 1058 378 1781
f 1530 1781 62
f 254 1058 1530
f 1538 258 1062
f 1794 1062 386
f 66 1538 1794
f 1537 126 2034
f 1060 2034 506
f 258 1537 1060
f 1061 506 2035
f 1795 2035 32
f 386 1061 1795
f 1907 442 1065
f 1790 1065 385
f 17 1907 1790
f 1906 94 1535
f 1063 1535 256
f 442 1906 1063
f 1064 256 1539
f 1792 1539 66
f 385 1064 1792
f 1913 445 1068
f 1534 1068 257
f 94 1913 1534
f 1912 9 2036
f 1066 2036 507
f 445 1912 1066
f 1067 507 2037
f 1536 2037 126
f 257 1067 1536
f 1544 261 1071
f 2038 1071 508
f 128 1544 2038
f 1543 127 2039
f 1069 2039 509
f 261 1543 1069
f 1070 509 2040
f 2041 2040 5
f 508 1070 2041
f 1788 383 1074
f 2042 1074 510
f 33 1788 2042
f 1787 64 1541
f 1072 1541 259
f 383 1787 1072
f 1073 259 1545
f 2043 1545 128
f 510 1073 2043
f 1797 387 1077
f 1540 1077 260
f 64 1797 1540
f 1796 32 2044
f 1075 2044 511
f 387 1796 1075
f 1076 511 2045
f 1542 2045 127
f 260 1076 1542
f 1550 264 1080
f 2046 1080 512
f 129 1550 2046
f 1549 65 1786
f 1078 1786 382
f 264 1549 1078
f 1079 382 1789
f 2047 1789 33
f 512 1079 2047
f 1916 447 1083
f 2048 1083 513
f 7 1916 2048
f 1915 96 1547
f 1081 1547 262
f 447 1915 1081
f 1082 262 1551
f 2049 1551 129
f 513 1082 2049
f 1921 449 1086
f 1546 1086 263
f 96 1921 1546
f 1920 17 1791
f 1084 1791 384
f 449 1920 1084
f 1085 384 1793
f 1548 1793 65
f 263 1085 1548
f 1556 267 1089
f 1806 1089 392
f 69 1556 1806
f 1555 104 1946
f 1087 1946 462
f 267 1555 1087
f 1088 462 1947
f 1807 1947 21
f 392 1088 1807
f 2035 506 1092
f 1802 1092 391
f 32 2035 1802
f 2034 126 1553
f 1090 1553 265
f 506 2034 1090
f 1091 265 1557
f 1804 1557 69
f 391 1091 1804
f 2037 507 1095
f 1552 1095 266
f 126 2037 1552
f 2036 9 1949
f 1093 1949 463
f 507 2036 1093
f 1094 463 1951
f 1554 1951 104
f 266 1094 1554
f 1562 270 1098
f 2050 1098 514
f 130 1562 2050
f 1561 103 1938
f 1096 1938 458
f 270 1561 1096
f 1097 458 1941
f 2051 1941 10
f 514 1097 2051
f 1800 389 1101
f 2052 1101 515
f 34 1800 2052
f 1799 67 1559
f 1099 1559 268
f 389 1799 1099
f 1100 268 1563
f 2053 1563 130
f 515 1100 2053
f 1809 393 1104
f 1558 1104 269
f 67 1809 1558
f 1808 21 1942
f 1102 1942 460
f 393 1808 1102
f 1103 460 1943
f 1560 1943 103
f 269 1103 1560
f 1568 273 1107
f 2054 1107 516
f 131 1568 2054
f 1567 68 1798
f 1105 1798 388
f 273 1567 1105
f 1106 388 1801
f 2055 1801 34
f 516 1106 2055
f 2040 509 1110
f 2056 1110 517
f 5 2040 2056
f 2039 127 1565
f 1108 1565 271
f 509 2039 1108
f 1109 271 1569
f 2057 1569 131
f 517 1109 2057
f 2045 511 1113
f 1564 1113 272
f 127 2045 1564
f 2044 32 1803
f 1111 1803 390
f 511 2044 1111
f 1112 390 1805
f 1566 1805 68
f 272 1112 1566
f 1574 276 1116
f 1818 1116 398
f 72 1574 1818
f 1573 132 2058
f 1114 2058 518
f 276 1573 1114
f 1115 518 2059
f 1819 2059 35
f 398 1115 1819
f 2019 498 1119
f 1814 1119 397
f 31 2019 1814
f 2018 122 1571
f 1117 1571 274
f 498 2018 1117
f 1118 274 1575
f 1816 1575 72
f 397 1118 1816
f 2025 501 1122
f 1570 1122 275
f 122 2025 1570
f 2024 4 2060
f 1120 2060 519
f 501 2024 1120
f 1121 519 2061
f 1572 2061 132
f 275 1121 1572
f 1580 279 1125
f 1934 1125 456
f 101 1580 1934
f 1579 133 2062
f 1123 2062 520
f 279 1579 1123
f 1124 520 2063
f 1935 2063 11
f 456 1124 1935
f 1812 395 1128
f 1932 1128 455
f 19 1812 1932
f 1811 70 1577
f 1126 1577 277
f 395 1811 1126
f 1127 277 1581
f 1933 1581 101
f 455 1127 1933
f 1821 399 1131
f 1576 1131 278
f 70 1821 1576
f 1820 35 2064
f 1129 2064 521
f 399 1820 1129
f 1130 521 2065
f 1578 2065 133
f 278 1130 1578
f 1586 282 1134
f 1952 1134 465
f 105 1586 1952
f 1585 71 1810
f 1132 1810 394
f 282 1585 1132
f 1133 394 1813
f 1953 1813 19
f 465 1133 1953
f 2027 502 1137
f 1948 1137 464
f 9 2027 1948
f 2026 124 1583
f 1135 1583 280
f 502 2026 1135
f 1136 280 1587
f 1950 1587 105
f 464 1136 1950
f 2029 503 1140
f 1582 1140 281
f 124 2029 1582
f 2028 31 1815
f 1138 1815 396
f 503 2028 1138
f 1139 396 1817
f 1584 1817 71
f 281 1139 1584
f 1592 285 1143
f 1830 1143 404
f 75 1592 1830
f 1591 134 2066
f 1141 2066 522
f 285 1591 1141
f 1142 522 2067
f 1831 2067 36
f 404 1142 1831
f 1931 454 1146
f 1826 1146 403
f 20 1931 1826
f 1930 100 1589
f 1144 1589 283
f 454 1930 1144
f 1145 283 1593
f 1828 1593 75
f 403 1145 1828
f 1937 457 1149
f 1588 1149 284
f 100 1937 1588
f 1936 11 2068
f 1147 2068 523
f 457 1936 1147
f 1148 523 2069
f 1590 2069 134
f 284 1148 1590
f 1598 288 1152
f 2070 1152 524
f 136 1598 2070
f 1597 135 2071
f 1150 2071 525
f 288 1597 1150
f 1151 525 2072
f 2073 2072 3
f 524 1151 2073
f 1824 401 1155
f 2074 1155 526
f 37 1824 2074
f 1823 73 1595
f 1153 1595 286
f 401 1823 1153
f 1154 286 1599
f 2075 1599 136
f 526 1154 2075
f 1833 405 1158
f 1594 1158 287
f 73 1833 1594
f 1832 36 2076
f 1156 2076 527
f 405 1832 1156
f 1157 527 2077
f 1596 2077 135
f 287 1157 1596
f 1604 291 1161
f 2078 1161 528
f 137 1604 2078
f 1603 74 1822
f 1159 1822 400
f 291 1603 1159
f 1160 400 1825
f 2079 1825 37
f 528 1160 2079
f 1940 459 1164
f 2080 1164 529
f 10 1940 2080
f 1939 102 1601
f 1162 1601 289
f 459 1939 1162
f 1163 289 1605
f 2081 1605 137
f 529 1163 2081
f 1945 461 1167
f 1600 1167 290
f 102 1945 1600
f 1944 20 1827
f 1165 1827 402
f 461 1944 1165
f 1166 402 1829
f 1602 1829 74
f 290 1166 1602
f 1610 294 1170
f 1842 1170 410
f 78 1610 1842
f 1609 110 1970
f 1168 1970 474
f 294 1609 1168
f 1169 474 1971
f 1843 1971 24
f 410 1169 1843
f 2082 530 1173
f 1838 1173 409
f 38 2082 1838
f 2083 138 1607
f 1171 1607 292
f 530 2083 1171
f 1172 292 1611
f 1840 1611 78
f 409 1172 1840
f 2084 531 1176
f 1606 1176 293
f 138 2084 1606
f 2085 13 1973
f 1174 1973 475
f 531 2085 1174
f 1175 475 1975
f 1608 1975 110
f 293 1175 1608
f 1616 297 1179
f 2086 1179 532
f 139 1616 2086
f 1615 109 1962
f 1177 1962 470
f 297 1615 1177
f 1178 470 1965
f 2087 1965 12
f 532 1178 2087
f 1836 407 1182
f 2088 1182 533
f 39 1836 2088
f 1835 76 1613
f 1180 1613 295
f 407 1835 1180
f 1181 295 1617
f 2089 1617 139
f 533 1181 2089
f 1845 411 1185
f 1612 1185 296
f 76 1845 1612
f 1844 24 1966
f 1183 1966 472
f 411 1844 1183
f 1184 472 1967
f 1614 1967 109
f 296 1184 1614
f 1622 300 1188
f 2090 1188 534
f 140 1622 2090
f 1621 77 1834
f 1186 1834 406
f 300 1621 1186
f 1187 406 1837
f 2091 1837 39
f 534 1187 2091
f 2092 536 1191
f 2093 1191 535
f 1 2092 2093
f 2094 141 1619
f 1189 1619 298
f 536 2094 1189
f 1190 298 1623
f 2095 1623 140
f 535 1190 2095
f 2096 537 1194
f 1618 1194 299
f 141 2096 1618
f 2097 38 1839
f 1192 1839 408
f 537 2097 1192
f 1193 408 1841
f 1620 1841 77
f 299 1193 1620
f 1628 303 1197
f 1854 1197 416
f 81 1628 1854
f 1627 120 2010
f 1195 2010 494
f 303 1627 1195
f 1196 494 2011
f 1855 2011 29
f 416 1196 1855
f 2098 538 1200
f 1850 1200 415
f 40 2098 1850
f 2099 142 1625
f 1198 1625 301
f 538 2099 1198
f 1199 301 1629
f 1852 1629 81
f 415 1199 1852
f 2100 539 1203
f 1624 1203 302
f 142 2100 1624
f 2101 6 2013
f 1201 2013 495
f 539 2101 1201
f 1202 495 2015
f 1626 2015 120
f 302 1202 1626
f 1634 306 1206
f 1958 1206 468
f 107 1634 1958
f 1633 119 2006
f 1204 2006 492
f 306 1633 1204
f 1205 492 2007
f 1959 2007 7
f 468 1205 1959
f 1848 413 1209
f 1956 1209 467
f 22 1848 1956
f 1847 79 1631
f 1207 1631 304
f 413 1847 1207
f 1208 304 1635
f 1957 1635 107
f 467 1208 1957
f 1857 417 1212
f 1630 1212 305
f 79 1857 1630
f 1856 29 2008
f 1210 2008 493
f 417 1856 1210
f 1211 493 2009
f 1632 2009 119
f 305 1211 1632
f 1640 309 1215
f 1976 1215 477
f 111 1640 1976
f 1639 80 1846
f 1213 1846 412
f 309 1639 1213
f 1214 412 1849
f 1977 1849 22
f 477 1214 1977
f 2102 540 1218
f 1972 1218 476
f 13 2102 1972
f 2103 143 1637
f 1216 1637 307
f 540 2103 1216
f 1217 307 1641
f 1974 1641 111
f 476 1217 1974
f 2104 541 1221
f 1636 1221 308
f 143 2104 1636
f 2105 40 1851
f 1219 1851 414
f 541 2105 1219
f 1220 414 1853
f 1638 1853 80
f 308 1220 1638
f 1646 312 1224
f 1866 1224 422
f 84 1646 1866
f 1645 129 2046
f 1222 2046 512
f 312 1645 1222
f 1223 512 2047
f 1867 2047 33
f 422 1223 1867
f 1955 466 1227
f 1862 1227 421
f 23 1955 1862
f 1954 106 1643
f 1225 1643 310
f 466 1954 1225
f 1226 310 1647
f 1864 1647 84
f 421 1226 1864
f 1961 469 1230
f 1642 1230 311
f 106 1961 1642
f 1960 7 2048
f 1228 2048 513
f 469 1960 1228
f 1229 513 2049
f 1644 2049 129
f 311 1229 1644
f 1652 315 1233
f 2106 1233 542
f 144 1652 2106
f 1651 128 2038
f 1231 2038 508
f 315 1651 1231
f 1232 508 2041
f 2107 2041 5
f 542 1232 2107
f 1860 419 1236
f 2108 1236 543
f 41 1860 2108
f 1859 82 1649
f 1234 1649 313
f 419 1859 1234
f 1235 313 1653
f 2109 1653 144
f 543 1235 2109
f 1869 423 1239
f 1648 1239 314
f 82 1869 1648
f 1868 33 2042
f 1237 2042 510
f 423 1868 1237
f 1238 510 2043
f 1650 2043 128
f 314 1238 1650
f 1658 318 1242
f 2110 1242 544
f 145 1658 2110
f 1657 83 1858
f 1240 1858 418
f 318 1657 1240
f 1241 418 1861
f 2111 1861 41
f 544 1241 2111
f 1964 471 1245
f 2112 1245 545
f 12 1964 2112
f 1963 108 1655
f 1243 1655 316
f 471 1963 1243
f 1244 316 1659
f 2113 1659 145
f 545 1244 2113
f 1969 473 1248
f 1654 1248 317
f 108 1969 1654
f 1968 23 1863
f 1246 1863 420
f 473 1968 1246
f 1247 420 1865
f 1656 1865 83
f 317 1247 1656
f 1664 321 1251
f 1878 1251 428
f 87 1664 1878
f 1663 116 1994
f 1249 1994 486
f 321 1663 1249
f 1250 486 1995
f 1879 1995 27
f 428 1250 1879
f 2114 546 1254
f 1874 1254 427
f 42 2114 1874
f 2115 146 1661
f 1252 1661 319
f 546 2115 1252
f 1253 319 1665
f 1876 1665 87
f 427 1253 1876
f 2116 547 1257
f 1660 1257 320
f 146 2116 1660
f 2117 14 1997
f 1255 1997 487
f 547 2117 1255
f 1256 487 1999
f 1662 1999 116
f 320 1256 1662
f 1670 324 1260
f 2004 1260 491
f 118 1670 2004
f 1669 115 1986
f 1258 1986 482
f 324 1669 1258
f 1259 482 1989
f 2005 1989 8
f 491 1259 2005
f 1872 425 1263
f 2002 1263 490
f 28 1872 2002
f 1871 85 1667
f 1261 1667 322
f 425 1871 1261
f 1262 322 1671
f 2003 1671 118
f 490 1262 2003
f 1881 429 1266
f 1666 1266 323
f 85 1881 1666
f 1880 27 1990
f 1264 1990 484
f 429 1880 1264
f 1265 484 1991
f 1668 1991 115
f 323 1265 1668
f 1676 327 1269
f 2016 1269 497
f 121 1676 2016
f 1675 86 1870
f 1267 1870 424
f 327 1675 1267
f 1268 424 1873
f 2017 1873 28
f 497 1268 2017
f 2118 548 1272
f 2012 1272 496
f 6 2118 2012
f 2119 147 1673
f 1270 1673 325
f 548 2119 1270
f 1271 325 1677
f 2014 1677 121
f 496 1271 2014
f 2120 549 1275
f 1672 1275 326
f 147 2120 1672
f 2121 42 1875
f 1273 1875 426
f 549 2121 1273
f 1274 426 1877
f 1674 1877 86
f 326 1274 1674
f 1682 330 1278
f 1890 1278 434
f 90 1682 1890
f 1681 148 2122
f 1276 2122 550
f 330 1681 1276
f 1277 550 2123
f 1891 2123 44
f 434 1277 1891
f 2124 551 1281
f 1886 1281 433
f 43 2124 1886
f 2125 149 1679
f 1279 1679 328
f 551 2125 1279
f 1280 328 1683
f 1888 1683 90
f 433 1280 1888
f 2126 552 1284
f 1678 1284 329
f 149 2126 1678
f 2127 2 2128
f 1282 2128 553
f 552 2127 1282
f 1283 553 2129
f 1680 2129 148
f 329 1283 1680
f 1688 333 1287
f 1982 1287 480
f 113 1688 1982
f 1687 150 2130
f 1285 2130 554
f 333 1687 1285
f 1286 554 2131
f 1983 2131 15
f 480 1286 1983
f 1884 431 1290
f 1980 1290 479
f 25 1884 1980
f 1883 88 1685
f 1288 1685 331
f 431 1883 1288
f 1289 331 1689
f 1981 1689 113
f 479 1289 1981
f 1893 435 1293
f 1684 1293 332
f 88 1893 1684
f 1892 44 2132
f 1291 2132 555
f 435 1892 1291
f 1292 555 2133
f 1686 2133 150
f 332 1292 1686
f 1694 336 1296
f 2000 1296 489
f 117 1694 2000
f 1693 89 1882
f 1294 1882 430
f 336 1693 1294
f 1295 430 1885
f 2001 1885 25
f 489 1295 2001
f 2134 556 1299
f 1996 1299 488
f 14 2134 1996
f 2135 151 1691
f 1297 1691 334
f 556 2135 1297
f 1298 334 1695
f 1998 1695 117
f 488 1298 1998
f 2136 557 1302
f 1690 1302 335
f 151 2136 1690
f 2137 43 1887
f 1300 1887 432
f 557 2137 1300
f 1301 432 1889
f 1692 1889 89
f 335 1301 1692
f 1700 339 1305
f 1902 1305 440
f 93 1700 1902
f 1699 152 2138
f 1303 2138 558
f 339 1699 1303
f 1304 558 2139
f 1903 2139 45
f 440 1304 1903
f 1979 478 1308
f 1898 1308 439
f 26 1979 1898
f 1978 112 1697
f 1306 1697 337
f 478 1978 1306
f 1307 337 1701
f 1900 1701 93
f 439 1307 1900
f 1985 481 1311
f 1696 1311 338
f 112 1985 1696
f 1984 15 2140
f 1309 2140 559
f 481 1984 1309
f 1310 559 2141
f 1698 2141 152
f 338 1310 1698
f 1706 342 1314
f 2022 1314 500
f 123 1706 2022
f 1705 153 2142
f 1312 2142 560
f 342 1705 1312
f 1313 560 2143
f 2023 2143 4
f 500 1313 2023
f 1896 437 1317
f 2020 1317 499
f 30 1896 2020
f 1895 91 1703
f 1315 1703 340
f 437 1895 1315
f 1316 340 1707
f 2021 1707 123
f 499 1316 2021
f 1905 441 1320
f 1702 1320 341
f 91 1905 1702
f 1904 45 2144
f 1318 2144 561
f 441 1904 1318
f 1319 561 2145
f 1704 2145 153
f 341 1319 1704
f 1712 345 1323
f 2032 1323 505
f 125 1712 2032
f 1711 92 1894
f 1321 1894 436
f 345 1711 1321
f 1322 436 1897
f 2033 1897 30
f 505 1322 2033
f 1988 483 1326
f 2030 1326 504
f 8 1988 2030
f 1987 114 1709
f 1324 1709 343
f 483 1987 1324
f 1325 343 1713
f 2031 1713 125
f 504 1325 2031
f 1993 485 1329
f 1708 1329 344
f 114 1993 1708
f 1992 26 1899
f 1327 1899 438
f 485 1992 1327
f 1328 438 1901
f 1710 1901 92
f 344 1328 1710

